Time,High,Pressure,TempIn,TempOut,GX,GY,GZ,AX,AY,AZ,MX,MY,MZ,SD,TeTime,mpOut,empOut,TTime,DateTime,DateTime_str
346219.0,-58.78,1020.33,24.25,47.88,0.0,0.0,0.0,0.0,0.0,0.0,-0.2,0.43,0.34,1.0,,,,,2025-10-04 11:51:42.219,2025-10-04 11:51:42.219
349542.0,-58.86,1020.34,24.25,47.94,0.0,0.0,0.0,0.0,0.0,0.0,-0.19,0.43,0.35,1.0,,,,,2025-10-04 11:51:45.542,2025-10-04 11:51:45.542
352883.0,-59.19,1020.38,24.12,47.94,0.0,0.0,0.0,0.0,0.0,0.0,-0.18,0.43,0.36,1.0,,,,,2025-10-04 11:51:48.883,2025-10-04 11:51:48.883
356165.0,-59.03,1020.36,24.12,47.94,0.0,0.0,0.0,0.0,0.0,0.0,-0.21,0.43,0.34,1.0,,,,,2025-10-04 11:51:52.165,2025-10-04 11:51:52.165
359495.0,-55.8,1019.97,24.0,47.94,0.0,0.0,0.0,0.0,0.0,0.0,-0.25,0.41,0.35,1.0,,,,,2025-10-04 11:51:55.495,2025-10-04 11:51:55.495
362805.0,-57.04,1020.12,24.0,48.0,0.0,0.0,0.0,0.0,0.0,0.0,-0.24,0.42,0.35,1.0,,,,,2025-10-04 11:51:58.805,2025-10-04 11:51:58.805
366133.0,-58.03,1020.24,24.0,48.0,0.0,0.0,0.0,0.0,0.0,0.0,-0.22,0.43,0.34,1.0,,,,,2025-10-04 11:52:02.133,2025-10-04 11:52:02.133
369471.0,-57.62,1020.19,23.87,48.0,0.0,0.0,0.0,0.0,0.0,0.0,-0.23,0.43,0.35,1.0,,,,,2025-10-04 11:52:05.471,2025-10-04 11:52:05.471
372788.0,-57.62,1020.19,24.0,48.06,0.0,0.0,0.0,0.0,0.0,0.0,-0.23,0.42,0.35,1.0,,,,,2025-10-04 11:52:08.788,2025-10-04 11:52:08.788
376202.0,-56.63,1020.07,24.0,48.06,0.0,0.0,0.0,0.0,0.0,0.0,-0.24,0.42,0.35,1.0,,,,,2025-10-04 11:52:12.202,2025-10-04 11:52:12.202
379548.0,-59.11,1020.37,23.87,48.06,0.0,0.0,0.0,0.0,0.0,0.0,-0.2,0.41,0.36,1.0,,,,,2025-10-04 11:52:15.548,2025-10-04 11:52:15.548
382873.0,-56.46,1020.05,24.0,48.06,0.0,0.0,0.0,0.0,0.0,0.0,-0.25,0.42,0.35,1.0,,,,,2025-10-04 11:52:18.873,2025-10-04 11:52:18.873
386177.0,-57.45,1020.17,24.0,48.13,0.0,0.0,0.0,0.0,0.0,0.0,-0.23,0.44,0.34,1.0,,,,,2025-10-04 11:52:22.177,2025-10-04 11:52:22.177
389500.0,-58.37,1020.28,23.87,48.13,0.0,0.0,0.0,0.0,0.0,0.0,-0.2,0.43,0.32,1.0,,,,,2025-10-04 11:52:25.500,2025-10-04 11:52:25.500
392834.0,-56.63,1020.07,23.87,48.13,0.0,0.0,0.0,0.0,0.0,0.0,-0.24,0.43,0.35,1.0,,,,,2025-10-04 11:52:28.834,2025-10-04 11:52:28.834
396147.0,-57.7,1020.2,24.0,48.13,0.0,0.0,0.0,0.0,0.0,0.0,-0.24,0.43,0.34,1.0,,,,,2025-10-04 11:52:32.147,2025-10-04 11:52:32.147
399478.0,-57.21,1020.14,24.12,48.13,0.0,0.0,0.0,0.0,0.0,0.0,-0.28,0.44,0.36,1.0,,,,,2025-10-04 11:52:35.478,2025-10-04 11:52:35.478
402819.0,-57.54,1020.18,24.12,48.19,0.0,0.0,0.0,0.0,0.0,0.0,-0.25,0.4,0.35,1.0,,,,,2025-10-04 11:52:38.819,2025-10-04 11:52:38.819
406139.0,-56.54,1020.06,24.25,48.19,0.0,0.0,0.0,0.0,0.0,0.0,-0.28,0.39,0.37,1.0,,,,,2025-10-04 11:52:42.139,2025-10-04 11:52:42.139
409438.0,-56.21,1020.02,24.12,48.19,0.0,0.0,0.0,0.0,0.0,0.0,-0.28,0.39,0.36,1.0,,,,,2025-10-04 11:52:45.438,2025-10-04 11:52:45.438
412826.0,-56.46,1020.05,24.0,48.19,0.0,0.0,0.0,0.0,0.0,0.0,-0.3,0.39,0.36,1.0,,,,,2025-10-04 11:52:48.826,2025-10-04 11:52:48.826
416153.0,-56.88,1020.1,24.0,48.25,0.0,0.0,0.0,0.0,0.0,0.0,-0.29,0.41,0.36,1.0,,,,,2025-10-04 11:52:52.153,2025-10-04 11:52:52.153
419459.0,-56.46,1020.05,24.0,48.25,0.0,0.0,0.0,0.0,0.0,0.0,-0.31,0.4,0.34,1.0,,,,,2025-10-04 11:52:55.459,2025-10-04 11:52:55.459
422782.0,-57.54,1020.18,23.87,48.25,0.0,0.0,0.0,0.0,0.0,0.0,-0.34,0.37,0.34,1.0,,,,,2025-10-04 11:52:58.782,2025-10-04 11:52:58.782
426116.0,-55.96,1019.99,23.87,48.25,0.0,0.0,0.0,0.0,0.0,0.0,-0.24,0.43,0.34,1.0,,,,,2025-10-04 11:53:02.116,2025-10-04 11:53:02.116
429431.0,-55.8,1019.97,23.87,48.25,0.0,0.0,0.0,0.0,0.0,0.0,-0.29,0.43,0.35,1.0,,,,,2025-10-04 11:53:05.431,2025-10-04 11:53:05.431
432727.0,-55.3,1019.91,23.87,48.25,0.0,0.0,0.0,0.0,0.0,0.0,-0.3,0.43,0.34,1.0,,,,,2025-10-04 11:53:08.727,2025-10-04 11:53:08.727
436109.0,-57.04,1020.12,24.0,48.31,0.0,0.0,0.0,0.0,0.0,0.0,-0.23,0.43,0.36,1.0,,,,,2025-10-04 11:53:12.109,2025-10-04 11:53:12.109
439431.0,-58.2,1020.26,24.12,48.31,0.0,0.0,0.0,0.0,0.0,0.0,-0.23,0.43,0.35,1.0,,,,,2025-10-04 11:53:15.431,2025-10-04 11:53:15.431
442731.0,-56.71,1020.08,24.12,48.31,0.0,0.0,0.0,0.0,0.0,0.0,-0.22,0.43,0.35,1.0,,,,,2025-10-04 11:53:18.731,2025-10-04 11:53:18.731
446120.0,-58.28,1020.27,24.12,48.31,0.0,0.0,0.0,0.0,0.0,0.0,-0.23,0.43,0.34,1.0,,,,,2025-10-04 11:53:22.120,2025-10-04 11:53:22.120
449449.0,-57.54,1020.18,23.87,48.31,0.0,0.0,0.0,0.0,0.0,0.0,-0.22,0.43,0.35,1.0,,,,,2025-10-04 11:53:25.449,2025-10-04 11:53:25.449
452757.0,-57.79,1020.21,23.87,48.31,0.0,0.0,0.0,0.0,0.0,0.0,-0.22,0.44,0.35,1.0,,,,,2025-10-04 11:53:28.757,2025-10-04 11:53:28.757
456044.0,-56.96,1020.11,24.0,48.38,0.0,0.0,0.0,0.0,0.0,0.0,-0.23,0.43,0.34,1.0,,,,,2025-10-04 11:53:32.044,2025-10-04 11:53:32.044
459419.0,-57.87,1020.22,24.0,48.38,0.0,0.0,0.0,0.0,0.0,0.0,-0.23,0.44,0.35,1.0,,,,,2025-10-04 11:53:35.419,2025-10-04 11:53:35.419
462737.0,-57.12,1020.13,24.12,48.38,0.0,0.0,0.0,0.0,0.0,0.0,-0.22,0.43,0.35,1.0,,,,,2025-10-04 11:53:38.737,2025-10-04 11:53:38.737
466033.0,-56.54,1020.06,24.12,48.38,0.0,0.0,0.0,0.0,0.0,0.0,-0.22,0.43,0.34,1.0,,,,,2025-10-04 11:53:42.033,2025-10-04 11:53:42.033
469418.0,-56.88,1020.1,24.25,48.38,0.0,0.0,0.0,0.0,0.0,0.0,-0.22,0.44,0.34,1.0,,,,,2025-10-04 11:53:45.418,2025-10-04 11:53:45.418
472744.0,-57.7,1020.2,24.12,48.44,0.0,0.0,0.0,0.0,0.0,0.0,-0.22,0.43,0.35,1.0,,,,,2025-10-04 11:53:48.744,2025-10-04 11:53:48.744
476048.0,-57.21,1020.14,24.0,48.44,0.0,0.0,0.0,0.0,0.0,0.0,-0.22,0.43,0.34,1.0,,,,,2025-10-04 11:53:52.048,2025-10-04 11:53:52.048
479333.0,-56.71,1020.08,23.87,48.44,0.0,0.0,0.0,0.0,0.0,0.0,-0.22,0.43,0.34,1.0,,,,,2025-10-04 11:53:55.333,2025-10-04 11:53:55.333
482706.0,-56.79,1020.09,23.87,48.44,0.0,0.0,0.0,0.0,0.0,0.0,-0.23,0.43,0.34,1.0,,,,,2025-10-04 11:53:58.706,2025-10-04 11:53:58.706
486020.0,-56.54,1020.06,23.75,48.44,0.0,0.0,0.0,0.0,0.0,0.0,-0.22,0.43,0.35,1.0,,,,,2025-10-04 11:54:02.020,2025-10-04 11:54:02.020
489312.0,-57.45,1020.17,23.62,48.44,0.0,0.0,0.0,0.0,0.0,0.0,-0.21,0.44,0.33,1.0,,,,,2025-10-04 11:54:05.312,2025-10-04 11:54:05.312
492693.0,-56.96,1020.11,23.5,48.44,0.0,0.0,0.0,0.0,0.0,0.0,-0.23,0.43,0.34,1.0,,,,,2025-10-04 11:54:08.693,2025-10-04 11:54:08.693
496015.0,-56.96,1020.11,23.37,48.5,0.0,0.0,0.0,0.0,0.0,0.0,-0.22,0.44,0.33,1.0,,,,,2025-10-04 11:54:12.015,2025-10-04 11:54:12.015
499315.0,-57.21,1020.14,23.37,48.5,0.0,0.0,0.0,0.0,0.0,0.0,-0.22,0.43,0.35,1.0,,,,,2025-10-04 11:54:15.315,2025-10-04 11:54:15.315
502704.0,-56.71,1020.08,23.25,48.5,0.0,0.0,0.0,0.0,0.0,0.0,-0.23,0.43,0.35,1.0,,,,,2025-10-04 11:54:18.704,2025-10-04 11:54:18.704
506034.0,-56.54,1020.06,23.25,48.5,0.0,0.0,0.0,0.0,0.0,0.0,-0.22,0.43,0.34,1.0,,,,,2025-10-04 11:54:22.034,2025-10-04 11:54:22.034
509341.0,-56.96,1020.11,23.0,48.5,0.0,0.0,0.0,0.0,0.0,0.0,-0.23,0.43,0.34,1.0,,,,,2025-10-04 11:54:25.341,2025-10-04 11:54:25.341
512628.0,-57.45,1020.17,23.0,48.5,0.0,0.0,0.0,0.0,0.0,0.0,-0.22,0.43,0.35,1.0,,,,,2025-10-04 11:54:28.628,2025-10-04 11:54:28.628
516403.0,-56.54,1020.06,23.12,48.5,0.0,0.0,0.0,0.0,0.0,0.0,-0.22,0.43,0.35,1.0,,,,,2025-10-04 11:54:32.403,2025-10-04 11:54:32.403
519719.0,-56.54,1020.06,23.25,48.5,0.0,0.0,0.0,0.0,0.0,0.0,-0.23,0.43,0.34,1.0,,,,,2025-10-04 11:54:35.719,2025-10-04 11:54:35.719
523014.0,-56.71,1020.08,23.25,48.56,0.0,0.0,0.0,0.0,0.0,0.0,-0.22,0.43,0.35,1.0,,,,,2025-10-04 11:54:39.014,2025-10-04 11:54:39.014
526398.0,-56.88,1020.1,23.25,48.56,0.0,0.0,0.0,0.0,0.0,0.0,-0.22,0.43,0.35,1.0,,,,,2025-10-04 11:54:42.398,2025-10-04 11:54:42.398
529722.0,-56.71,1020.08,23.37,48.56,0.0,0.0,0.0,0.0,0.0,0.0,-0.23,0.43,0.35,1.0,,,,,2025-10-04 11:54:45.722,2025-10-04 11:54:45.722
533025.0,-56.96,1020.11,23.37,48.56,0.0,0.0,0.0,0.0,0.0,0.0,-0.23,0.43,0.36,1.0,,,,,2025-10-04 11:54:49.025,2025-10-04 11:54:49.025
536377.0,-56.46,1020.05,23.37,48.56,0.0,0.0,0.0,0.0,0.0,0.0,-0.22,0.43,0.35,1.0,,,,,2025-10-04 11:54:52.377,2025-10-04 11:54:52.377
539748.0,-57.95,1020.23,23.5,48.56,0.0,0.0,0.0,0.0,0.0,0.0,-0.22,0.43,0.34,1.0,,,,,2025-10-04 11:54:55.748,2025-10-04 11:54:55.748
543059.0,-56.96,1020.11,23.62,48.56,0.0,0.0,0.0,0.0,0.0,0.0,-0.22,0.43,0.34,1.0,,,,,2025-10-04 11:54:59.059,2025-10-04 11:54:59.059
546348.0,-57.54,1020.18,23.62,48.56,0.0,0.0,0.0,0.0,0.0,0.0,-0.22,0.43,0.35,1.0,,,,,2025-10-04 11:55:02.348,2025-10-04 11:55:02.348
549726.0,-57.37,1020.16,23.75,48.56,0.0,0.0,0.0,0.0,0.0,0.0,-0.22,0.44,0.34,1.0,,,,,2025-10-04 11:55:05.726,2025-10-04 11:55:05.726
553044.0,-57.12,1020.13,23.87,48.56,0.0,0.0,0.0,0.0,0.0,0.0,-0.22,0.44,0.34,1.0,,,,,2025-10-04 11:55:09.044,2025-10-04 11:55:09.044
556341.0,-56.96,1020.11,24.0,48.63,0.0,0.0,0.0,0.0,0.0,0.0,-0.22,0.43,0.34,1.0,,,,,2025-10-04 11:55:12.341,2025-10-04 11:55:12.341
559688.0,-57.37,1020.16,24.12,48.56,0.0,0.0,0.0,0.0,0.0,0.0,-0.22,0.43,0.34,1.0,,,,,2025-10-04 11:55:15.688,2025-10-04 11:55:15.688
563053.0,-57.12,1020.13,24.25,48.63,0.0,0.0,0.0,0.0,0.0,0.0,-0.22,0.43,0.34,1.0,,,,,2025-10-04 11:55:19.053,2025-10-04 11:55:19.053
566358.0,-58.2,1020.26,24.37,48.63,0.0,0.0,0.0,0.0,0.0,0.0,-0.23,0.43,0.34,1.0,,,,,2025-10-04 11:55:22.358,2025-10-04 11:55:22.358
569642.0,-58.12,1020.25,24.25,48.63,0.0,0.0,0.0,0.0,0.0,0.0,-0.22,0.43,0.34,1.0,,,,,2025-10-04 11:55:25.642,2025-10-04 11:55:25.642
573013.0,-57.37,1020.16,24.37,48.63,0.0,0.0,0.0,0.0,0.0,0.0,-0.22,0.43,0.35,1.0,,,,,2025-10-04 11:55:29.013,2025-10-04 11:55:29.013
576324.0,-57.95,1020.23,24.37,48.63,0.0,0.0,0.0,0.0,0.0,0.0,-0.22,0.43,0.34,1.0,,,,,2025-10-04 11:55:32.324,2025-10-04 11:55:32.324
579614.0,-57.87,1020.22,24.37,48.63,0.0,0.0,0.0,0.0,0.0,0.0,-0.22,0.44,0.34,1.0,,,,,2025-10-04 11:55:35.614,2025-10-04 11:55:35.614
582953.0,-56.88,1020.1,24.37,48.63,0.0,0.0,0.0,0.0,0.0,0.0,-0.22,0.43,0.35,1.0,,,,,2025-10-04 11:55:38.953,2025-10-04 11:55:38.953
586312.0,-57.79,1020.21,24.25,48.69,0.0,0.0,0.0,0.0,0.0,0.0,-0.21,0.43,0.35,1.0,,,,,2025-10-04 11:55:42.312,2025-10-04 11:55:42.312
589611.0,-58.03,1020.24,24.12,48.69,0.0,0.0,0.0,0.0,0.0,0.0,-0.23,0.43,0.35,1.0,,,,,2025-10-04 11:55:45.611,2025-10-04 11:55:45.611
592960.0,-57.87,1020.22,24.12,48.69,0.0,0.0,0.0,0.0,0.0,0.0,-0.22,0.43,0.36,1.0,,,,,2025-10-04 11:55:48.960,2025-10-04 11:55:48.960
596327.0,-57.37,1020.16,24.12,48.69,0.0,0.0,0.0,0.0,0.0,0.0,-0.22,0.43,0.34,1.0,,,,,2025-10-04 11:55:52.327,2025-10-04 11:55:52.327
599634.0,-57.45,1020.17,23.87,48.69,0.0,0.0,0.0,0.0,0.0,0.0,-0.22,0.42,0.35,1.0,,,,,2025-10-04 11:55:55.634,2025-10-04 11:55:55.634
602920.0,-57.7,1020.2,23.87,48.69,0.0,0.0,0.0,0.0,0.0,0.0,-0.22,0.43,0.35,1.0,,,,,2025-10-04 11:55:58.920,2025-10-04 11:55:58.920
606255.0,-58.12,1020.25,23.87,48.69,0.0,0.0,0.0,0.0,0.0,0.0,-0.23,0.43,0.35,1.0,,,,,2025-10-04 11:56:02.255,2025-10-04 11:56:02.255
609609.0,-57.37,1020.16,23.87,48.75,0.0,0.0,0.0,0.0,0.0,0.0,-0.22,0.43,0.35,1.0,,,,,2025-10-04 11:56:05.609,2025-10-04 11:56:05.609
612903.0,-58.37,1020.28,23.75,48.75,0.0,0.0,0.0,0.0,0.0,0.0,-0.21,0.43,0.35,1.0,,,,,2025-10-04 11:56:08.903,2025-10-04 11:56:08.903
616246.0,-57.29,1020.15,23.62,48.75,0.0,0.0,0.0,0.0,0.0,0.0,-0.22,0.43,0.35,1.0,,,,,2025-10-04 11:56:12.246,2025-10-04 11:56:12.246
619608.0,-58.12,1020.25,23.62,48.75,0.0,0.0,0.0,0.0,0.0,0.0,-0.21,0.43,0.35,1.0,,,,,2025-10-04 11:56:15.608,2025-10-04 11:56:15.608
622909.0,-57.87,1020.22,23.5,48.75,0.0,0.0,0.0,0.0,0.0,0.0,-0.22,0.43,0.35,1.0,,,,,2025-10-04 11:56:18.909,2025-10-04 11:56:18.909
626260.0,-57.29,1020.15,23.37,48.75,0.0,0.0,0.0,0.0,0.0,0.0,-0.22,0.43,0.36,1.0,,,,,2025-10-04 11:56:22.260,2025-10-04 11:56:22.260
629591.0,-57.79,1020.21,23.37,48.75,0.0,0.0,0.0,0.0,0.0,0.0,-0.22,0.43,0.35,1.0,,,,,2025-10-04 11:56:25.591,2025-10-04 11:56:25.591
632940.0,-58.61,1020.31,23.5,48.75,0.0,0.0,0.0,0.0,0.0,0.0,-0.2,0.43,0.35,1.0,,,,,2025-10-04 11:56:28.940,2025-10-04 11:56:28.940
636228.0,-58.2,1020.26,23.62,48.75,0.0,0.0,0.0,0.0,0.0,0.0,-0.2,0.43,0.35,1.0,,,,,2025-10-04 11:56:32.228,2025-10-04 11:56:32.228
639566.0,-57.37,1020.16,23.62,48.81,0.0,0.0,0.0,0.0,0.0,0.0,-0.18,0.43,0.35,1.0,,,,,2025-10-04 11:56:35.566,2025-10-04 11:56:35.566
642922.0,-57.12,1020.13,23.62,48.81,0.0,0.0,0.0,0.0,0.0,0.0,-0.22,0.43,0.35,1.0,,,,,2025-10-04 11:56:38.922,2025-10-04 11:56:38.922
646218.0,-58.03,1020.24,23.62,48.81,0.0,0.0,0.0,0.0,0.0,0.0,-0.23,0.43,0.36,1.0,,,,,2025-10-04 11:56:42.218,2025-10-04 11:56:42.218
649563.0,-58.78,1020.33,23.5,48.81,0.0,0.0,0.0,0.0,0.0,0.0,-0.2,0.43,0.36,1.0,,,,,2025-10-04 11:56:45.563,2025-10-04 11:56:45.563
652888.0,-57.7,1020.2,23.5,48.81,0.0,0.0,0.0,0.0,0.0,0.0,-0.21,0.43,0.35,1.0,,,,,2025-10-04 11:56:48.888,2025-10-04 11:56:48.888
656231.0,-58.7,1020.32,23.5,48.81,0.0,0.0,0.0,0.0,0.0,0.0,-0.22,0.43,0.35,1.0,,,,,2025-10-04 11:56:52.231,2025-10-04 11:56:52.231
659585.0,-58.28,1020.27,23.37,48.81,0.0,0.0,0.0,0.0,0.0,0.0,-0.21,0.44,0.35,1.0,,,,,2025-10-04 11:56:55.585,2025-10-04 11:56:55.585
662917.0,-58.53,1020.3,23.37,48.81,0.0,0.0,0.0,0.0,0.0,0.0,-0.22,0.43,0.35,1.0,,,,,2025-10-04 11:56:58.917,2025-10-04 11:56:58.917
666268.0,-57.45,1020.17,23.25,48.81,0.0,0.0,0.0,0.0,0.0,0.0,-0.22,0.43,0.35,1.0,,,,,2025-10-04 11:57:02.268,2025-10-04 11:57:02.268
669558.0,-58.7,1020.32,23.37,48.81,0.0,0.0,0.0,0.0,0.0,0.0,-0.21,0.43,0.36,1.0,,,,,2025-10-04 11:57:05.558,2025-10-04 11:57:05.558
672898.0,-58.28,1020.27,23.37,48.81,0.0,0.0,0.0,0.0,0.0,0.0,-0.21,0.43,0.35,1.0,,,,,2025-10-04 11:57:08.898,2025-10-04 11:57:08.898
676218.0,-57.45,1020.17,23.25,48.81,0.0,0.0,0.0,0.0,0.0,0.0,-0.22,0.43,0.35,1.0,,,,,2025-10-04 11:57:12.218,2025-10-04 11:57:12.218
679555.0,-57.79,1020.21,23.12,48.81,0.0,0.0,0.0,0.0,0.0,0.0,-0.21,0.43,0.35,1.0,,,,,2025-10-04 11:57:15.555,2025-10-04 11:57:15.555
682903.0,-58.37,1020.28,23.0,48.88,0.0,0.0,0.0,0.0,0.0,0.0,-0.21,0.43,0.35,1.0,,,,,2025-10-04 11:57:18.903,2025-10-04 11:57:18.903
686231.0,-58.37,1020.28,22.87,48.88,0.0,0.0,0.0,0.0,0.0,0.0,-0.21,0.43,0.35,1.0,,,,,2025-10-04 11:57:22.231,2025-10-04 11:57:22.231
689576.0,-58.53,1020.3,22.87,48.88,0.0,0.0,0.0,0.0,0.0,0.0,-0.21,0.44,0.35,1.0,,,,,2025-10-04 11:57:25.576,2025-10-04 11:57:25.576
692861.0,-59.28,1020.39,22.75,48.88,0.0,0.0,0.0,0.0,0.0,0.0,-0.21,0.43,0.35,1.0,,,,,2025-10-04 11:57:28.861,2025-10-04 11:57:28.861
696195.0,-58.03,1020.24,22.75,48.88,0.0,0.0,0.0,0.0,0.0,0.0,-0.21,0.43,0.34,1.0,,,,,2025-10-04 11:57:32.195,2025-10-04 11:57:32.195
699509.0,-57.04,1020.12,22.75,48.88,0.0,0.0,0.0,0.0,0.0,0.0,-0.22,0.43,0.34,1.0,,,,,2025-10-04 11:57:35.509,2025-10-04 11:57:35.509
702841.0,-58.53,1020.3,22.75,48.88,0.0,0.0,0.0,0.0,0.0,0.0,-0.21,0.43,0.34,1.0,,,,,2025-10-04 11:57:38.841,2025-10-04 11:57:38.841
706183.0,-57.54,1020.18,22.62,48.88,0.0,0.0,0.0,0.0,0.0,0.0,-0.21,0.43,0.34,1.0,,,,,2025-10-04 11:57:42.183,2025-10-04 11:57:42.183
709505.0,-57.95,1020.23,22.62,48.88,0.0,0.0,0.0,0.0,0.0,0.0,-0.2,0.43,0.35,1.0,,,,,2025-10-04 11:57:45.505,2025-10-04 11:57:45.505
712844.0,-57.62,1020.19,22.62,48.94,0.0,0.0,0.0,0.0,0.0,0.0,-0.22,0.44,0.35,1.0,,,,,2025-10-04 11:57:48.844,2025-10-04 11:57:48.844
716194.0,-57.79,1020.21,22.75,48.94,0.0,0.0,0.0,0.0,0.0,0.0,-0.21,0.43,0.35,1.0,,,,,2025-10-04 11:57:52.194,2025-10-04 11:57:52.194
719524.0,-57.37,1020.16,22.75,48.94,0.0,0.0,0.0,0.0,0.0,0.0,-0.22,0.44,0.34,1.0,,,,,2025-10-04 11:57:55.524,2025-10-04 11:57:55.524
722832.0,-58.61,1020.31,22.75,48.94,0.0,0.0,0.0,0.0,0.0,0.0,-0.21,0.43,0.35,1.0,,,,,2025-10-04 11:57:58.832,2025-10-04 11:57:58.832
726158.0,-58.45,1020.29,22.75,48.94,0.0,0.0,0.0,0.0,0.0,0.0,-0.21,0.43,0.34,1.0,,,,,2025-10-04 11:58:02.158,2025-10-04 11:58:02.158
729495.0,-57.54,1020.18,22.75,48.94,0.0,0.0,0.0,0.0,0.0,0.0,-0.21,0.43,0.35,1.0,,,,,2025-10-04 11:58:05.495,2025-10-04 11:58:05.495
732811.0,-57.45,1020.17,22.87,48.94,0.0,0.0,0.0,0.0,0.0,0.0,-0.21,0.44,0.36,1.0,,,,,2025-10-04 11:58:08.811,2025-10-04 11:58:08.811
736145.0,-57.79,1020.21,22.87,48.94,0.0,0.0,0.0,0.0,0.0,0.0,-0.22,0.44,0.34,1.0,,,,,2025-10-04 11:58:12.145,2025-10-04 11:58:12.145
739490.0,-56.79,1020.09,22.87,48.94,0.0,0.0,0.0,0.0,0.0,0.0,-0.21,0.43,0.36,1.0,,,,,2025-10-04 11:58:15.490,2025-10-04 11:58:15.490
742814.0,-57.37,1020.16,23.0,48.94,0.0,0.0,0.0,0.0,0.0,0.0,-0.21,0.44,0.36,1.0,,,,,2025-10-04 11:58:18.814,2025-10-04 11:58:18.814
746114.0,-57.7,1020.2,23.0,48.94,0.0,0.0,0.0,0.0,0.0,0.0,-0.22,0.43,0.35,1.0,,,,,2025-10-04 11:58:22.114,2025-10-04 11:58:22.114
749585.0,-57.12,1020.13,22.87,48.94,0.0,0.0,0.0,0.0,0.0,0.0,-0.25,0.43,0.35,1.0,,,,,2025-10-04 11:58:25.585,2025-10-04 11:58:25.585
752918.0,-57.7,1020.2,22.87,48.94,0.0,0.0,0.0,0.0,0.0,0.0,-0.25,0.43,0.35,1.0,,,,,2025-10-04 11:58:28.918,2025-10-04 11:58:28.918
756229.0,-55.55,1019.94,23.0,49.0,0.0,0.0,0.0,0.0,0.0,0.0,-0.24,0.46,0.31,1.0,,,,,2025-10-04 11:58:32.229,2025-10-04 11:58:32.229
759557.0,-59.52,1020.42,23.12,48.94,0.0,0.0,0.0,0.0,0.0,0.0,-0.2,0.37,0.37,1.0,,,,,2025-10-04 11:58:35.557,2025-10-04 11:58:35.557
762896.0,-52.9,1019.62,23.0,49.0,0.0,0.0,0.0,0.0,0.0,0.0,-0.15,0.43,0.34,1.0,,,,,2025-10-04 11:58:38.896,2025-10-04 11:58:38.896
766215.0,-58.45,1020.29,22.87,49.0,0.0,0.0,0.0,0.0,0.0,0.0,-0.21,0.43,0.35,1.0,,,,,2025-10-04 11:58:42.215,2025-10-04 11:58:42.215
769512.0,-53.07,1019.64,23.0,49.0,0.0,0.0,0.0,0.0,0.0,0.0,-0.17,0.43,0.34,1.0,,,,,2025-10-04 11:58:45.512,2025-10-04 11:58:45.512
772898.0,-53.56,1019.7,23.0,49.0,0.0,0.0,0.0,0.0,0.0,0.0,-0.18,0.47,0.32,1.0,,,,,2025-10-04 11:58:48.898,2025-10-04 11:58:48.898
776224.0,-56.54,1020.06,22.87,49.0,0.0,0.0,0.0,0.0,0.0,0.0,-0.2,0.43,0.34,1.0,,,,,2025-10-04 11:58:52.224,2025-10-04 11:58:52.224
779529.0,-59.28,1020.39,22.87,49.0,0.0,0.0,0.0,0.0,0.0,0.0,-0.25,0.41,0.34,1.0,,,,,2025-10-04 11:58:55.529,2025-10-04 11:58:55.529
782853.0,-57.62,1020.19,22.87,49.0,0.0,0.0,0.0,0.0,0.0,0.0,-0.28,0.4,0.35,1.0,,,,,2025-10-04 11:58:58.853,2025-10-04 11:58:58.853
786186.0,-60.44,1020.53,22.87,49.0,0.0,0.0,0.0,0.0,0.0,0.0,-0.28,0.39,0.37,1.0,,,,,2025-10-04 11:59:02.186,2025-10-04 11:59:02.186
789499.0,-59.77,1020.45,23.0,49.0,0.0,0.0,0.0,0.0,0.0,0.0,-0.28,0.41,0.36,1.0,,,,,2025-10-04 11:59:05.499,2025-10-04 11:59:05.499
792790.0,-59.69,1020.44,23.12,49.0,0.0,0.0,0.0,0.0,0.0,0.0,-0.3,0.47,0.32,1.0,,,,,2025-10-04 11:59:08.790,2025-10-04 11:59:08.790
796170.0,-59.36,1020.4,23.12,49.0,0.0,0.0,0.0,0.0,0.0,0.0,-0.32,0.44,0.33,1.0,,,,,2025-10-04 11:59:12.170,2025-10-04 11:59:12.170
799491.0,-59.69,1020.44,23.12,49.0,0.0,0.0,0.0,0.0,0.0,0.0,-0.32,0.45,0.31,1.0,,,,,2025-10-04 11:59:15.491,2025-10-04 11:59:15.491
802790.0,-59.19,1020.38,23.25,49.0,0.0,0.0,0.0,0.0,0.0,0.0,-0.35,0.44,0.32,1.0,,,,,2025-10-04 11:59:18.790,2025-10-04 11:59:18.790
806178.0,-60.27,1020.51,23.25,49.0,0.0,0.0,0.0,0.0,0.0,0.0,-0.44,0.43,0.27,1.0,,,,,2025-10-04 11:59:22.178,2025-10-04 11:59:22.178
809507.0,-59.28,1020.39,23.25,49.0,0.0,0.0,0.0,0.0,0.0,0.0,-0.49,0.32,0.28,1.0,,,,,2025-10-04 11:59:25.507,2025-10-04 11:59:25.507
812814.0,-59.52,1020.42,23.25,49.0,0.0,0.0,0.0,0.0,0.0,0.0,-0.43,0.35,0.32,1.0,,,,,2025-10-04 11:59:28.814,2025-10-04 11:59:28.814
816100.0,-60.19,1020.5,23.25,49.0,0.0,0.0,0.0,0.0,0.0,0.0,-0.42,0.34,0.34,1.0,,,,,2025-10-04 11:59:32.100,2025-10-04 11:59:32.100
819474.0,-60.1,1020.49,23.37,49.0,0.0,0.0,0.0,0.0,0.0,0.0,-0.4,0.32,0.34,1.0,,,,,2025-10-04 11:59:35.474,2025-10-04 11:59:35.474
822789.0,-60.27,1020.51,23.37,49.0,0.0,0.0,0.0,0.0,0.0,0.0,-0.38,0.32,0.35,1.0,,,,,2025-10-04 11:59:38.789,2025-10-04 11:59:38.789
826083.0,-59.69,1020.44,23.37,49.0,0.0,0.0,0.0,0.0,0.0,0.0,-0.39,0.32,0.35,1.0,,,,,2025-10-04 11:59:42.083,2025-10-04 11:59:42.083
829465.0,-58.95,1020.35,23.5,49.0,0.0,0.0,0.0,0.0,0.0,0.0,-0.39,0.3,0.36,1.0,,,,,2025-10-04 11:59:45.465,2025-10-04 11:59:45.465
832788.0,-59.28,1020.39,23.62,49.0,0.0,0.0,0.0,0.0,0.0,0.0,-0.39,0.3,0.36,1.0,,,,,2025-10-04 11:59:48.788,2025-10-04 11:59:48.788
836090.0,-60.19,1020.5,23.62,49.0,0.0,0.0,0.0,0.0,0.0,0.0,-0.38,0.3,0.36,1.0,,,,,2025-10-04 11:59:52.090,2025-10-04 11:59:52.090
839480.0,-58.95,1020.35,23.62,49.0,0.0,0.0,0.0,0.0,0.0,0.0,-0.39,0.3,0.35,1.0,,,,,2025-10-04 11:59:55.480,2025-10-04 11:59:55.480
842811.0,-59.77,1020.45,23.62,49.0,0.0,0.0,0.0,0.0,0.0,0.0,-0.39,0.3,0.36,1.0,,,,,2025-10-04 11:59:58.811,2025-10-04 11:59:58.811
846120.0,-59.28,1020.39,23.62,49.0,0.0,0.0,0.0,0.0,0.0,0.0,-0.38,0.31,0.36,1.0,,,,,2025-10-04 12:00:02.120,2025-10-04 12:00:02.120
849408.0,-59.69,1020.44,23.62,49.0,0.0,0.0,0.0,0.0,0.0,0.0,-0.38,0.34,0.35,1.0,,,,,2025-10-04 12:00:05.408,2025-10-04 12:00:05.408
852785.0,-59.44,1020.41,23.75,49.0,0.0,0.0,0.0,0.0,0.0,0.0,-0.4,0.2,0.35,1.0,,,,,2025-10-04 12:00:08.785,2025-10-04 12:00:08.785
856102.0,-58.53,1020.3,23.75,49.0,0.0,0.0,0.0,0.0,0.0,0.0,-0.4,0.3,0.35,1.0,,,,,2025-10-04 12:00:12.102,2025-10-04 12:00:12.102
859398.0,-59.28,1020.39,23.62,49.0,0.0,0.0,0.0,0.0,0.0,0.0,-0.39,0.27,0.36,1.0,,,,,2025-10-04 12:00:15.398,2025-10-04 12:00:15.398
862782.0,-59.86,1020.46,23.62,49.0,0.0,0.0,0.0,0.0,0.0,0.0,-0.42,0.26,0.35,1.0,,,,,2025-10-04 12:00:18.782,2025-10-04 12:00:18.782
866107.0,-59.52,1020.42,23.5,49.0,0.0,0.0,0.0,0.0,0.0,0.0,-0.41,0.28,0.34,1.0,,,,,2025-10-04 12:00:22.107,2025-10-04 12:00:22.107
869411.0,-58.95,1020.35,23.5,49.0,0.0,0.0,0.0,0.0,0.0,0.0,-0.41,0.29,0.34,1.0,,,,,2025-10-04 12:00:25.411,2025-10-04 12:00:25.411
872765.0,-58.95,1020.35,23.62,49.0,0.0,0.0,0.0,0.0,0.0,0.0,-0.41,0.28,0.35,1.0,,,,,2025-10-04 12:00:28.765,2025-10-04 12:00:28.765
876136.0,-59.19,1020.38,23.62,49.0,0.0,0.0,0.0,0.0,0.0,0.0,-0.4,0.27,0.35,1.0,,,,,2025-10-04 12:00:32.136,2025-10-04 12:00:32.136
879448.0,-59.61,1020.43,23.75,49.0,0.0,0.0,0.0,0.0,0.0,0.0,-0.39,0.27,0.36,1.0,,,,,2025-10-04 12:00:35.448,2025-10-04 12:00:35.448
882738.0,-60.02,1020.48,23.75,49.0,0.0,0.0,0.0,0.0,0.0,0.0,-0.39,0.29,0.36,1.0,,,,,2025-10-04 12:00:38.738,2025-10-04 12:00:38.738
886117.0,-59.69,1020.44,23.75,49.06,0.0,0.0,0.0,0.0,0.0,0.0,-0.39,0.27,0.36,1.0,,,,,2025-10-04 12:00:42.117,2025-10-04 12:00:42.117
889436.0,-59.61,1020.43,23.62,49.0,0.0,0.0,0.0,0.0,0.0,0.0,-0.39,0.27,0.36,1.0,,,,,2025-10-04 12:00:45.436,2025-10-04 12:00:45.436
892734.0,-59.77,1020.45,23.62,49.0,0.0,0.0,0.0,0.0,0.0,0.0,-0.39,0.27,0.36,1.0,,,,,2025-10-04 12:00:48.734,2025-10-04 12:00:48.734
896082.0,-59.52,1020.42,23.62,49.06,0.0,0.0,0.0,0.0,0.0,0.0,-0.39,0.29,0.35,1.0,,,,,2025-10-04 12:00:52.082,2025-10-04 12:00:52.082
899448.0,-59.11,1020.37,23.62,49.06,0.0,0.0,0.0,0.0,0.0,0.0,-0.39,0.3,0.35,1.0,,,,,2025-10-04 12:00:55.448,2025-10-04 12:00:55.448
902754.0,-59.61,1020.43,23.62,49.0,0.0,0.0,0.0,0.0,0.0,0.0,-0.39,0.31,0.35,1.0,,,,,2025-10-04 12:00:58.754,2025-10-04 12:00:58.754
906039.0,-59.69,1020.44,23.62,49.06,0.0,0.0,0.0,0.0,0.0,0.0,-0.39,0.3,0.36,1.0,,,,,2025-10-04 12:01:02.039,2025-10-04 12:01:02.039
909412.0,-58.45,1020.29,23.62,49.06,0.0,0.0,0.0,0.0,0.0,0.0,-0.38,0.31,0.36,1.0,,,,,2025-10-04 12:01:05.412,2025-10-04 12:01:05.412
912726.0,-59.44,1020.41,23.62,49.06,0.0,0.0,0.0,0.0,0.0,0.0,-0.38,0.31,0.36,1.0,,,,,2025-10-04 12:01:08.726,2025-10-04 12:01:08.726
916019.0,-59.44,1020.41,23.62,49.06,0.0,0.0,0.0,0.0,0.0,0.0,-0.4,0.29,0.34,1.0,,,,,2025-10-04 12:01:12.019,2025-10-04 12:01:12.019
919361.0,-59.19,1020.38,23.62,49.06,0.0,0.0,0.0,0.0,0.0,0.0,-0.42,0.29,0.34,1.0,,,,,2025-10-04 12:01:15.361,2025-10-04 12:01:15.361
922722.0,-59.94,1020.47,23.62,49.06,0.0,0.0,0.0,0.0,0.0,0.0,-0.42,0.23,0.35,1.0,,,,,2025-10-04 12:01:18.722,2025-10-04 12:01:18.722
926022.0,-59.69,1020.44,23.75,49.06,0.0,0.0,0.0,0.0,0.0,0.0,-0.42,0.24,0.34,1.0,,,,,2025-10-04 12:01:22.022,2025-10-04 12:01:22.022
929372.0,-59.69,1020.44,23.75,49.06,0.0,0.0,0.0,0.0,0.0,0.0,-0.41,0.26,0.35,1.0,,,,,2025-10-04 12:01:25.372,2025-10-04 12:01:25.372
932740.0,-60.02,1020.48,23.75,49.06,0.0,0.0,0.0,0.0,0.0,0.0,-0.42,0.26,0.34,1.0,,,,,2025-10-04 12:01:28.740,2025-10-04 12:01:28.740
936048.0,-60.1,1020.49,23.62,49.06,0.0,0.0,0.0,0.0,0.0,0.0,-0.42,0.26,0.35,1.0,,,,,2025-10-04 12:01:32.048,2025-10-04 12:01:32.048
939335.0,-59.36,1020.4,23.62,49.06,0.0,0.0,0.0,0.0,0.0,0.0,-0.41,0.28,0.35,1.0,,,,,2025-10-04 12:01:35.335,2025-10-04 12:01:35.335
942671.0,-59.86,1020.46,23.62,49.06,0.0,0.0,0.0,0.0,0.0,0.0,-0.41,0.28,0.35,1.0,,,,,2025-10-04 12:01:38.671,2025-10-04 12:01:38.671
946026.0,-59.77,1020.45,23.62,49.06,0.0,0.0,0.0,0.0,0.0,0.0,-0.41,0.28,0.35,1.0,,,,,2025-10-04 12:01:42.026,2025-10-04 12:01:42.026
949321.0,-59.52,1020.42,23.5,49.06,0.0,0.0,0.0,0.0,0.0,0.0,-0.41,0.28,0.35,1.0,,,,,2025-10-04 12:01:45.321,2025-10-04 12:01:45.321
952665.0,-59.36,1020.4,23.62,49.06,0.0,0.0,0.0,0.0,0.0,0.0,-0.4,0.27,0.34,1.0,,,,,2025-10-04 12:01:48.665,2025-10-04 12:01:48.665
956028.0,-59.69,1020.44,23.5,49.06,0.0,0.0,0.0,0.0,0.0,0.0,-0.4,0.28,0.35,1.0,,,,,2025-10-04 12:01:52.028,2025-10-04 12:01:52.028
959331.0,-58.95,1020.35,23.37,49.06,0.0,0.0,0.0,0.0,0.0,0.0,-0.4,0.28,0.34,1.0,,,,,2025-10-04 12:01:55.331,2025-10-04 12:01:55.331
962683.0,-58.61,1020.31,23.12,49.06,0.0,0.0,0.0,0.0,0.0,0.0,-0.4,0.28,0.34,1.0,,,,,2025-10-04 12:01:58.683,2025-10-04 12:01:58.683
966015.0,-59.36,1020.4,23.0,49.06,0.0,0.0,0.0,0.0,0.0,0.0,-0.4,0.28,0.35,1.0,,,,,2025-10-04 12:02:02.015,2025-10-04 12:02:02.015
969364.0,-57.79,1020.21,22.87,49.06,0.0,0.0,0.0,0.0,0.0,0.0,-0.4,0.28,0.34,1.0,,,,,2025-10-04 12:02:05.364,2025-10-04 12:02:05.364
972653.0,-58.12,1020.25,22.62,49.13,0.0,0.0,0.0,0.0,0.0,0.0,-0.4,0.29,0.36,1.0,,,,,2025-10-04 12:02:08.653,2025-10-04 12:02:08.653
975992.0,-59.36,1020.4,22.5,49.06,0.0,0.0,0.0,0.0,0.0,0.0,-0.4,0.31,0.34,1.0,,,,,2025-10-04 12:02:11.992,2025-10-04 12:02:11.992
979349.0,-58.86,1020.34,22.62,49.06,0.0,0.0,0.0,0.0,0.0,0.0,-0.39,0.28,0.35,1.0,,,,,2025-10-04 12:02:15.349,2025-10-04 12:02:15.349
982646.0,-59.11,1020.37,22.62,49.06,0.0,0.0,0.0,0.0,0.0,0.0,-0.4,0.28,0.35,1.0,,,,,2025-10-04 12:02:18.646,2025-10-04 12:02:18.646
985993.0,-59.28,1020.39,22.62,49.13,0.0,0.0,0.0,0.0,0.0,0.0,-0.39,0.3,0.36,1.0,,,,,2025-10-04 12:02:21.993,2025-10-04 12:02:21.993
989319.0,-58.78,1020.33,22.75,49.06,0.0,0.0,0.0,0.0,0.0,0.0,-0.39,0.28,0.37,1.0,,,,,2025-10-04 12:02:25.319,2025-10-04 12:02:25.319
992663.0,-59.52,1020.42,22.75,49.06,0.0,0.0,0.0,0.0,0.0,0.0,-0.39,0.3,0.37,1.0,,,,,2025-10-04 12:02:28.663,2025-10-04 12:02:28.663
995948.0,-58.2,1020.26,22.87,49.06,0.0,0.0,0.0,0.0,0.0,0.0,-0.4,0.29,0.36,1.0,,,,,2025-10-04 12:02:31.948,2025-10-04 12:02:31.948
999281.0,-58.61,1020.31,22.87,49.13,0.0,0.0,0.0,0.0,0.0,0.0,-0.4,0.29,0.36,1.0,,,,,2025-10-04 12:02:35.281,2025-10-04 12:02:35.281
1002633.0,-59.03,1020.36,22.75,49.06,0.0,0.0,0.0,0.0,0.0,0.0,-0.41,0.27,0.36,1.0,,,,,2025-10-04 12:02:38.633,2025-10-04 12:02:38.633
1005924.0,-58.7,1020.32,22.75,49.06,0.0,0.0,0.0,0.0,0.0,0.0,-0.4,0.28,0.35,1.0,,,,,2025-10-04 12:02:41.924,2025-10-04 12:02:41.924
1009264.0,-59.19,1020.38,22.87,49.06,0.0,0.0,0.0,0.0,0.0,0.0,-0.43,0.28,0.34,1.0,,,,,2025-10-04 12:02:45.264,2025-10-04 12:02:45.264
1012583.0,-60.02,1020.48,22.75,49.06,0.0,0.0,0.0,0.0,0.0,0.0,-0.43,0.28,0.35,1.0,,,,,2025-10-04 12:02:48.583,2025-10-04 12:02:48.583
1015918.0,-59.52,1020.42,22.62,49.06,0.0,0.0,0.0,0.0,0.0,0.0,-0.44,0.27,0.33,1.0,,,,,2025-10-04 12:02:51.918,2025-10-04 12:02:51.918
1019262.0,-58.45,1020.29,22.62,49.06,0.0,0.0,0.0,0.0,0.0,0.0,-0.42,0.31,0.34,1.0,,,,,2025-10-04 12:02:55.262,2025-10-04 12:02:55.262
1022585.0,-58.95,1020.35,22.5,49.06,0.0,0.0,0.0,0.0,0.0,0.0,-0.42,0.31,0.34,1.0,,,,,2025-10-04 12:02:58.585,2025-10-04 12:02:58.585
1025924.0,-59.28,1020.39,22.5,49.06,0.0,0.0,0.0,0.0,0.0,0.0,-0.42,0.31,0.34,1.0,,,,,2025-10-04 12:03:01.924,2025-10-04 12:03:01.924
1029273.0,-58.78,1020.33,22.5,49.06,0.0,0.0,0.0,0.0,0.0,0.0,-0.41,0.32,0.35,1.0,,,,,2025-10-04 12:03:05.273,2025-10-04 12:03:05.273
1032601.0,-59.36,1020.4,22.62,49.06,0.0,0.0,0.0,0.0,0.0,0.0,-0.42,0.32,0.33,1.0,,,,,2025-10-04 12:03:08.601,2025-10-04 12:03:08.601
1035906.0,-59.03,1020.36,22.62,49.06,0.0,0.0,0.0,0.0,0.0,0.0,-0.43,0.28,0.34,1.0,,,,,2025-10-04 12:03:11.906,2025-10-04 12:03:11.906
1039299.0,-58.95,1020.35,22.62,49.06,0.0,0.0,0.0,0.0,0.0,0.0,-0.39,0.15,0.37,1.0,,,,,2025-10-04 12:03:15.299,2025-10-04 12:03:15.299
1042631.0,-58.37,1020.28,22.62,49.06,0.0,0.0,0.0,0.0,0.0,0.0,-0.39,0.21,0.37,1.0,,,,,2025-10-04 12:03:18.631,2025-10-04 12:03:18.631
1045941.0,-58.2,1020.26,22.62,49.06,0.0,0.0,0.0,0.0,0.0,0.0,-0.39,0.22,0.37,1.0,,,,,2025-10-04 12:03:21.941,2025-10-04 12:03:21.941
1049267.0,-59.03,1020.36,22.62,49.06,0.0,0.0,0.0,0.0,0.0,0.0,-0.39,0.24,0.36,1.0,,,,,2025-10-04 12:03:25.267,2025-10-04 12:03:25.267
1052603.0,-58.86,1020.34,22.75,49.0,0.0,0.0,0.0,0.0,0.0,0.0,-0.39,0.22,0.37,1.0,,,,,2025-10-04 12:03:28.603,2025-10-04 12:03:28.603
1055917.0,-59.03,1020.36,22.62,49.0,0.0,0.0,0.0,0.0,0.0,0.0,-0.39,0.22,0.37,1.0,,,,,2025-10-04 12:03:31.917,2025-10-04 12:03:31.917
1059208.0,-59.36,1020.4,22.62,49.0,0.0,0.0,0.0,0.0,0.0,0.0,-0.38,0.23,0.38,1.0,,,,,2025-10-04 12:03:35.208,2025-10-04 12:03:35.208
1062587.0,-59.44,1020.41,22.75,49.0,0.0,0.0,0.0,0.0,0.0,0.0,-0.39,0.24,0.38,1.0,,,,,2025-10-04 12:03:38.587,2025-10-04 12:03:38.587
1065905.0,-59.36,1020.4,22.75,49.0,0.0,0.0,0.0,0.0,0.0,0.0,-0.38,0.23,0.37,1.0,,,,,2025-10-04 12:03:41.905,2025-10-04 12:03:41.905
1069201.0,-59.11,1020.37,22.75,49.0,0.0,0.0,0.0,0.0,0.0,0.0,-0.38,0.23,0.37,1.0,,,,,2025-10-04 12:03:45.201,2025-10-04 12:03:45.201
1072584.0,-58.45,1020.29,22.75,49.0,0.0,0.0,0.0,0.0,0.0,0.0,-0.38,0.24,0.37,1.0,,,,,2025-10-04 12:03:48.584,2025-10-04 12:03:48.584
1075907.0,-58.12,1020.25,22.87,49.0,0.0,0.0,0.0,0.0,0.0,0.0,-0.38,0.19,0.38,1.0,,,,,2025-10-04 12:03:51.907,2025-10-04 12:03:51.907
1079207.0,-58.78,1020.33,22.87,49.0,0.0,0.0,0.0,0.0,0.0,0.0,-0.37,0.2,0.38,1.0,,,,,2025-10-04 12:03:55.207,2025-10-04 12:03:55.207
1082595.0,-59.03,1020.36,22.87,49.0,0.0,0.0,0.0,0.0,0.0,0.0,-0.37,0.2,0.37,1.0,,,,,2025-10-04 12:03:58.595,2025-10-04 12:03:58.595
1085923.0,-59.11,1020.37,22.75,49.0,0.0,0.0,0.0,0.0,0.0,0.0,-0.37,0.21,0.37,1.0,,,,,2025-10-04 12:04:01.923,2025-10-04 12:04:01.923
1089228.0,-58.86,1020.34,22.75,49.0,0.0,0.0,0.0,0.0,0.0,0.0,-0.37,0.19,0.38,1.0,,,,,2025-10-04 12:04:05.228,2025-10-04 12:04:05.228
1092582.0,-58.78,1020.33,22.87,49.0,0.0,0.0,0.0,0.0,0.0,0.0,-0.39,0.2,0.37,1.0,,,,,2025-10-04 12:04:08.582,2025-10-04 12:04:08.582
1095953.0,-59.28,1020.39,22.87,49.0,0.0,0.0,0.0,0.0,0.0,0.0,-0.4,0.24,0.37,1.0,,,,,2025-10-04 12:04:11.953,2025-10-04 12:04:11.953
1099262.0,-58.53,1020.3,23.0,49.0,0.0,0.0,0.0,0.0,0.0,0.0,-0.4,0.23,0.36,1.0,,,,,2025-10-04 12:04:15.262,2025-10-04 12:04:15.262
1102549.0,-58.78,1020.33,23.0,48.94,0.0,0.0,0.0,0.0,0.0,0.0,-0.41,0.13,0.35,1.0,,,,,2025-10-04 12:04:18.549,2025-10-04 12:04:18.549
1105923.0,-58.45,1020.29,23.0,48.94,0.0,0.0,0.0,0.0,0.0,0.0,-0.38,0.14,0.37,1.0,,,,,2025-10-04 12:04:21.923,2025-10-04 12:04:21.923
1109237.0,-58.12,1020.25,23.0,48.94,0.0,0.0,0.0,0.0,0.0,0.0,-0.38,0.15,0.36,1.0,,,,,2025-10-04 12:04:25.237,2025-10-04 12:04:25.237
1112529.0,-58.53,1020.3,22.87,48.94,0.0,0.0,0.0,0.0,0.0,0.0,-0.36,0.23,0.38,1.0,,,,,2025-10-04 12:04:28.529,2025-10-04 12:04:28.529
1115869.0,-59.19,1020.38,22.87,48.94,0.0,0.0,0.0,0.0,0.0,0.0,-0.35,0.2,0.39,1.0,,,,,2025-10-04 12:04:31.869,2025-10-04 12:04:31.869
1119306.0,-58.95,1020.35,22.75,48.94,0.0,0.0,0.0,0.0,0.0,0.0,-0.37,0.26,0.37,1.0,,,,,2025-10-04 12:04:35.306,2025-10-04 12:04:35.306
1122603.0,-58.61,1020.31,22.75,48.94,0.0,0.0,0.0,0.0,0.0,0.0,-0.37,0.32,0.36,1.0,,,,,2025-10-04 12:04:38.603,2025-10-04 12:04:38.603
1125947.0,-58.53,1020.3,22.75,48.94,0.0,0.0,0.0,0.0,0.0,0.0,-0.35,0.3,0.37,1.0,,,,,2025-10-04 12:04:41.947,2025-10-04 12:04:41.947
1129309.0,-58.03,1020.24,22.87,48.94,0.0,0.0,0.0,0.0,0.0,0.0,-0.34,0.3,0.39,1.0,,,,,2025-10-04 12:04:45.309,2025-10-04 12:04:45.309
1132609.0,-59.11,1020.37,22.87,48.94,0.0,0.0,0.0,0.0,0.0,0.0,-0.36,0.25,0.37,1.0,,,,,2025-10-04 12:04:48.609,2025-10-04 12:04:48.609
1135957.0,-58.53,1020.3,22.87,48.94,0.0,0.0,0.0,0.0,0.0,0.0,-0.36,0.31,0.37,1.0,,,,,2025-10-04 12:04:51.957,2025-10-04 12:04:51.957
1139282.0,-58.28,1020.27,23.0,48.94,0.0,0.0,0.0,0.0,0.0,0.0,-0.36,0.28,0.37,1.0,,,,,2025-10-04 12:04:55.282,2025-10-04 12:04:55.282
1142626.0,-58.28,1020.27,23.0,48.94,0.0,0.0,0.0,0.0,0.0,0.0,-0.36,0.26,0.36,1.0,,,,,2025-10-04 12:04:58.626,2025-10-04 12:04:58.626
1145979.0,-58.61,1020.31,23.0,48.88,0.0,0.0,0.0,0.0,0.0,0.0,-0.37,0.17,0.38,1.0,,,,,2025-10-04 12:05:01.979,2025-10-04 12:05:01.979
1149311.0,-58.37,1020.28,23.0,48.88,0.0,0.0,0.0,0.0,0.0,0.0,-0.36,0.19,0.37,1.0,,,,,2025-10-04 12:05:05.311,2025-10-04 12:05:05.311
1152659.0,-58.45,1020.29,23.12,48.88,0.0,0.0,0.0,0.0,0.0,0.0,-0.42,0.2,0.36,1.0,,,,,2025-10-04 12:05:08.659,2025-10-04 12:05:08.659
1155946.0,-58.95,1020.35,23.12,48.88,0.0,0.0,0.0,0.0,0.0,0.0,-0.44,0.19,0.35,1.0,,,,,2025-10-04 12:05:11.946,2025-10-04 12:05:11.946
1159281.0,-59.44,1020.41,23.25,48.88,0.0,0.0,0.0,0.0,0.0,0.0,-0.42,0.26,0.35,1.0,,,,,2025-10-04 12:05:15.281,2025-10-04 12:05:15.281
1162595.0,-59.69,1020.44,23.25,48.88,0.0,0.0,0.0,0.0,0.0,0.0,-0.42,0.2,0.36,1.0,,,,,2025-10-04 12:05:18.595,2025-10-04 12:05:18.595
1165925.0,-59.69,1020.44,23.37,48.88,0.0,0.0,0.0,0.0,0.0,0.0,-0.42,0.19,0.34,1.0,,,,,2025-10-04 12:05:21.925,2025-10-04 12:05:21.925
1169265.0,-59.77,1020.45,23.37,48.88,0.0,0.0,0.0,0.0,0.0,0.0,-0.42,0.21,0.36,1.0,,,,,2025-10-04 12:05:25.265,2025-10-04 12:05:25.265
1172583.0,-59.44,1020.41,23.5,48.88,0.0,0.0,0.0,0.0,0.0,0.0,-0.4,0.19,0.36,1.0,,,,,2025-10-04 12:05:28.583,2025-10-04 12:05:28.583
1175918.0,-59.52,1020.42,23.5,48.88,0.0,0.0,0.0,0.0,0.0,0.0,-0.4,0.21,0.36,1.0,,,,,2025-10-04 12:05:31.918,2025-10-04 12:05:31.918
1179262.0,-59.19,1020.38,23.62,48.88,0.0,0.0,0.0,0.0,0.0,0.0,-0.41,0.24,0.35,1.0,,,,,2025-10-04 12:05:35.262,2025-10-04 12:05:35.262
1182585.0,-58.86,1020.34,23.5,48.88,0.0,0.0,0.0,0.0,0.0,0.0,-0.41,0.25,0.35,1.0,,,,,2025-10-04 12:05:38.585,2025-10-04 12:05:38.585
1185885.0,-59.61,1020.43,23.37,48.88,0.0,0.0,0.0,0.0,0.0,0.0,-0.43,0.27,0.34,1.0,,,,,2025-10-04 12:05:41.885,2025-10-04 12:05:41.885
1189273.0,-59.44,1020.41,23.5,48.88,0.0,0.0,0.0,0.0,0.0,0.0,-0.43,0.25,0.35,1.0,,,,,2025-10-04 12:05:45.273,2025-10-04 12:05:45.273
1192600.0,-59.44,1020.41,23.62,48.88,0.0,0.0,0.0,0.0,0.0,0.0,-0.42,0.24,0.35,1.0,,,,,2025-10-04 12:05:48.600,2025-10-04 12:05:48.600
1195905.0,-59.61,1020.43,23.62,48.88,0.0,0.0,0.0,0.0,0.0,0.0,-0.4,0.22,0.36,1.0,,,,,2025-10-04 12:05:51.905,2025-10-04 12:05:51.905
1199297.0,-60.1,1020.49,23.62,48.88,0.0,0.0,0.0,0.0,0.0,0.0,-0.45,0.25,0.33,1.0,,,,,2025-10-04 12:05:55.297,2025-10-04 12:05:55.297
1202629.0,-57.62,1020.19,23.62,48.88,0.0,0.0,0.0,0.0,0.0,0.0,-0.32,0.31,0.38,1.0,,,,,2025-10-04 12:05:58.629,2025-10-04 12:05:58.629
1205938.0,-47.35,1018.95,23.37,48.81,0.0,0.0,0.0,0.0,0.0,0.0,-0.42,0.18,0.37,1.0,,,,,2025-10-04 12:06:01.938,2025-10-04 12:06:01.938
1209225.0,-25.61,1016.33,23.0,48.81,0.0,0.0,0.0,0.0,0.0,0.0,-0.25,0.43,0.36,1.0,,,,,2025-10-04 12:06:05.225,2025-10-04 12:06:05.225
1212599.0,-4.33,1013.77,22.87,48.81,0.0,0.0,0.0,0.0,0.0,0.0,-0.49,0.29,0.29,1.0,,,,,2025-10-04 12:06:08.599,2025-10-04 12:06:08.599
1215913.0,20.58,1010.78,22.12,48.81,0.0,0.0,0.0,0.0,0.0,0.0,-0.42,0.36,0.35,1.0,,,,,2025-10-04 12:06:11.913,2025-10-04 12:06:11.913
1219206.0,41.88,1008.23,21.5,48.81,0.0,0.0,0.0,0.0,0.0,0.0,-0.5,0.19,0.3,1.0,,,,,2025-10-04 12:06:15.206,2025-10-04 12:06:15.206
1222588.0,89.97,1002.49,20.87,48.81,0.0,0.0,0.0,0.0,0.0,0.0,-0.04,0.02,0.36,1.0,,,,,2025-10-04 12:06:18.588,2025-10-04 12:06:18.588
1225910.0,91.82,1002.27,20.37,48.81,0.0,0.0,0.0,0.0,0.0,0.0,0.08,0.07,0.31,1.0,,,,,2025-10-04 12:06:21.910,2025-10-04 12:06:21.910
1229211.0,120.5,998.86,20.12,48.81,0.0,0.0,0.0,0.0,0.0,0.0,0.07,0.04,0.32,1.0,,,,,2025-10-04 12:06:25.211,2025-10-04 12:06:25.211
1232602.0,158.81,994.32,19.87,48.75,0.0,0.0,0.0,0.0,0.0,0.0,-0.32,0.25,0.4,1.0,,,,,2025-10-04 12:06:28.602,2025-10-04 12:06:28.602
1235935.0,174.12,992.51,19.5,48.75,0.0,0.0,0.0,0.0,0.0,0.0,-0.47,0.12,0.32,1.0,,,,,2025-10-04 12:06:31.935,2025-10-04 12:06:31.935
1239246.0,192.6,990.33,19.12,48.75,0.0,0.0,0.0,0.0,0.0,0.0,-0.09,-0.02,0.36,1.0,,,,,2025-10-04 12:06:35.246,2025-10-04 12:06:35.246
1242536.0,213.57,987.86,18.87,48.75,0.0,0.0,0.0,0.0,0.0,0.0,-0.29,0.02,0.36,1.0,,,,,2025-10-04 12:06:38.536,2025-10-04 12:06:38.536
1245914.0,234.49,985.4,18.75,48.69,0.0,0.0,0.0,0.0,0.0,0.0,-0.03,-0.01,0.35,1.0,,,,,2025-10-04 12:06:41.914,2025-10-04 12:06:41.914
1249232.0,257.17,982.74,18.25,48.69,0.0,0.0,0.0,0.0,0.0,0.0,-0.2,0.07,0.4,1.0,,,,,2025-10-04 12:06:45.232,2025-10-04 12:06:45.232
1252527.0,276.39,980.49,17.87,48.69,0.0,0.0,0.0,0.0,0.0,0.0,-0.24,-0.02,0.36,1.0,,,,,2025-10-04 12:06:48.527,2025-10-04 12:06:48.527
1255912.0,295.82,978.22,17.87,48.63,0.0,0.0,0.0,0.0,0.0,0.0,-0.51,0.32,0.28,1.0,,,,,2025-10-04 12:06:51.912,2025-10-04 12:06:51.912
1259236.0,315.97,975.87,17.37,48.63,0.0,0.0,0.0,0.0,0.0,0.0,-0.35,0.31,0.38,1.0,,,,,2025-10-04 12:06:55.236,2025-10-04 12:06:55.236
1262538.0,340.11,973.06,17.12,48.56,0.0,0.0,0.0,0.0,0.0,0.0,-0.11,-0.03,0.36,1.0,,,,,2025-10-04 12:06:58.538,2025-10-04 12:06:58.538
1265890.0,367.59,969.87,17.12,48.56,0.0,0.0,0.0,0.0,0.0,0.0,-0.34,0.22,0.41,1.0,,,,,2025-10-04 12:07:01.890,2025-10-04 12:07:01.890
1269261.0,391.08,967.15,16.75,48.5,0.0,0.0,0.0,0.0,0.0,0.0,-0.31,0.48,0.33,1.0,,,,,2025-10-04 12:07:05.261,2025-10-04 12:07:05.261
1272571.0,410.9,964.86,16.5,48.5,0.0,0.0,0.0,0.0,0.0,0.0,-0.13,0.41,0.37,1.0,,,,,2025-10-04 12:07:08.571,2025-10-04 12:07:08.571
1275859.0,426.77,963.03,16.37,48.44,0.0,0.0,0.0,0.0,0.0,0.0,-0.05,0.51,0.26,1.0,,,,,2025-10-04 12:07:11.859,2025-10-04 12:07:11.859
1279237.0,441.09,961.38,16.0,48.38,0.0,0.0,0.0,0.0,0.0,0.0,-0.25,0.39,0.38,1.0,,,,,2025-10-04 12:07:15.237,2025-10-04 12:07:15.237
1282555.0,460.57,959.14,15.88,48.38,0.0,0.0,0.0,0.0,0.0,0.0,-0.19,0.46,0.34,1.0,,,,,2025-10-04 12:07:18.555,2025-10-04 12:07:18.555
1285851.0,480.87,956.81,15.88,48.31,0.0,0.0,0.0,0.0,0.0,0.0,-0.43,0.17,0.36,1.0,,,,,2025-10-04 12:07:21.851,2025-10-04 12:07:21.851
1289197.0,503.04,954.27,15.5,48.31,0.0,0.0,0.0,0.0,0.0,0.0,-0.31,0.42,0.36,1.0,,,,,2025-10-04 12:07:25.197,2025-10-04 12:07:25.197
1292563.0,523.17,951.97,15.5,48.25,0.0,0.0,0.0,0.0,0.0,0.0,-0.43,0.42,0.31,1.0,,,,,2025-10-04 12:07:28.563,2025-10-04 12:07:28.563
1295867.0,539.82,950.07,15.13,48.19,0.0,0.0,0.0,0.0,0.0,0.0,-0.36,0.37,0.37,1.0,,,,,2025-10-04 12:07:31.867,2025-10-04 12:07:31.867
1299221.0,571.71,946.44,14.75,48.13,0.0,0.0,0.0,0.0,0.0,0.0,-0.04,0.12,0.4,1.0,,,,,2025-10-04 12:07:35.221,2025-10-04 12:07:35.221
1302594.0,579.36,945.57,14.5,48.06,0.0,0.0,0.0,0.0,0.0,0.0,-0.4,0.11,0.37,1.0,,,,,2025-10-04 12:07:38.594,2025-10-04 12:07:38.594
1305906.0,598.22,943.43,14.25,48.06,0.0,0.0,0.0,0.0,0.0,0.0,-0.45,0.23,0.37,1.0,,,,,2025-10-04 12:07:41.906,2025-10-04 12:07:41.906
1309196.0,616.41,941.37,14.13,48.0,0.0,0.0,0.0,0.0,0.0,0.0,-0.24,0.47,0.36,1.0,,,,,2025-10-04 12:07:45.196,2025-10-04 12:07:45.196
1312535.0,645.7,938.06,14.0,47.94,0.0,0.0,0.0,0.0,0.0,0.0,-0.07,0.23,0.4,1.0,,,,,2025-10-04 12:07:48.535,2025-10-04 12:07:48.535
1315896.0,656.96,936.79,13.63,47.88,0.0,0.0,0.0,0.0,0.0,0.0,-0.31,0.01,0.37,1.0,,,,,2025-10-04 12:07:51.896,2025-10-04 12:07:51.896
1319193.0,674.63,934.8,13.25,47.81,0.0,0.0,0.0,0.0,0.0,0.0,-0.5,0.13,0.31,1.0,,,,,2025-10-04 12:07:55.193,2025-10-04 12:07:55.193
1322540.0,708.82,930.96,13.13,47.75,0.0,0.0,0.0,0.0,0.0,0.0,0.05,0.07,0.34,1.0,,,,,2025-10-04 12:07:58.540,2025-10-04 12:07:58.540
1325906.0,711.58,930.65,12.88,47.69,0.0,0.0,0.0,0.0,0.0,0.0,-0.32,0.07,0.4,1.0,,,,,2025-10-04 12:08:01.906,2025-10-04 12:08:01.906
1329213.0,731.04,928.47,12.75,47.63,0.0,0.0,0.0,0.0,0.0,0.0,-0.31,0.46,0.35,1.0,,,,,2025-10-04 12:08:05.213,2025-10-04 12:08:05.213
1332499.0,746.78,926.71,12.5,47.56,0.0,0.0,0.0,0.0,0.0,0.0,-0.38,0.34,0.38,1.0,,,,,2025-10-04 12:08:08.499,2025-10-04 12:08:08.499
1335836.0,766.58,924.5,12.5,47.5,0.0,0.0,0.0,0.0,0.0,0.0,-0.34,0.38,0.38,1.0,,,,,2025-10-04 12:08:11.836,2025-10-04 12:08:11.836
1339193.0,786.69,922.26,12.5,47.44,0.0,0.0,0.0,0.0,0.0,0.0,-0.48,0.23,0.34,1.0,,,,,2025-10-04 12:08:15.193,2025-10-04 12:08:15.193
1342488.0,808.36,919.85,12.25,47.38,0.0,0.0,0.0,0.0,0.0,0.0,-0.38,0.4,0.37,1.0,,,,,2025-10-04 12:08:18.488,2025-10-04 12:08:18.488
1345833.0,832.52,917.17,12.13,47.31,0.0,0.0,0.0,0.0,0.0,0.0,-0.31,0.39,0.39,1.0,,,,,2025-10-04 12:08:21.833,2025-10-04 12:08:21.833
1349198.0,859.36,914.2,11.88,47.25,0.0,0.0,0.0,0.0,0.0,0.0,-0.15,0.47,0.34,1.0,,,,,2025-10-04 12:08:25.198,2025-10-04 12:08:25.198
1352501.0,882.46,911.65,11.75,47.19,0.0,0.0,0.0,0.0,0.0,0.0,-0.01,0.4,0.34,1.0,,,,,2025-10-04 12:08:28.501,2025-10-04 12:08:28.501
1355851.0,906.62,908.99,11.63,47.13,0.0,0.0,0.0,0.0,0.0,0.0,0.05,0.23,0.36,1.0,,,,,2025-10-04 12:08:31.851,2025-10-04 12:08:31.851
1359183.0,1022.82,896.28,11.5,47.06,0.0,0.0,0.0,0.0,0.0,0.0,-0.1,0.29,0.41,1.0,,,,,2025-10-04 12:08:35.183,2025-10-04 12:08:35.183
1362535.0,1040.4,894.37,11.25,47.0,0.0,0.0,0.0,0.0,0.0,0.0,0.02,0.41,0.31,1.0,,,,,2025-10-04 12:08:38.535,2025-10-04 12:08:38.535
1365824.0,1053.12,892.99,11.13,46.94,0.0,0.0,0.0,0.0,0.0,0.0,0.03,0.3,0.35,1.0,,,,,2025-10-04 12:08:41.824,2025-10-04 12:08:41.824
1369161.0,1084.8,889.56,11.0,46.88,0.0,0.0,0.0,0.0,0.0,0.0,0.04,0.14,0.36,1.0,,,,,2025-10-04 12:08:45.161,2025-10-04 12:08:45.161
1372518.0,1107.49,887.11,10.88,46.81,0.0,0.0,0.0,0.0,0.0,0.0,-0.11,0.38,0.38,1.0,,,,,2025-10-04 12:08:48.518,2025-10-04 12:08:48.518
1375814.0,1126.33,885.08,10.75,46.75,0.0,0.0,0.0,0.0,0.0,0.0,-0.14,0.37,0.4,1.0,,,,,2025-10-04 12:08:51.814,2025-10-04 12:08:51.814
1379157.0,1146.42,882.92,10.38,46.69,0.0,0.0,0.0,0.0,0.0,0.0,-0.07,0.5,0.3,1.0,,,,,2025-10-04 12:08:55.157,2025-10-04 12:08:55.157
1382479.0,1161.13,881.34,10.38,46.63,0.0,0.0,0.0,0.0,0.0,0.0,-0.01,0.29,0.39,1.0,,,,,2025-10-04 12:08:58.479,2025-10-04 12:08:58.479
1385818.0,1197.83,877.41,10.25,46.56,0.0,0.0,0.0,0.0,0.0,0.0,-0.02,0.35,0.38,1.0,,,,,2025-10-04 12:09:01.818,2025-10-04 12:09:01.818
1389168.0,1218.81,875.17,10.13,46.5,0.0,0.0,0.0,0.0,0.0,0.0,-0.08,0.34,0.4,1.0,,,,,2025-10-04 12:09:05.168,2025-10-04 12:09:05.168
1392494.0,1241.71,872.73,10.0,46.38,0.0,0.0,0.0,0.0,0.0,0.0,-0.02,0.45,0.31,1.0,,,,,2025-10-04 12:09:08.494,2025-10-04 12:09:08.494
1395838.0,1264.47,870.31,9.88,46.31,0.0,0.0,0.0,0.0,0.0,0.0,-0.05,0.39,0.36,1.0,,,,,2025-10-04 12:09:11.838,2025-10-04 12:09:11.838
1399190.0,1284.73,868.16,9.88,46.31,0.0,0.0,0.0,0.0,0.0,0.0,0.03,0.32,0.36,1.0,,,,,2025-10-04 12:09:15.190,2025-10-04 12:09:15.190
1402522.0,1299.18,866.63,9.63,46.25,0.0,0.0,0.0,0.0,0.0,0.0,-0.32,0.38,0.38,1.0,,,,,2025-10-04 12:09:18.522,2025-10-04 12:09:18.522
1405834.0,1320.37,864.39,9.5,46.19,0.0,0.0,0.0,0.0,0.0,0.0,-0.45,0.31,0.36,1.0,,,,,2025-10-04 12:09:21.834,2025-10-04 12:09:21.834
1409166.0,1341.51,862.16,9.38,46.13,0.0,0.0,0.0,0.0,0.0,0.0,-0.37,0.03,0.37,1.0,,,,,2025-10-04 12:09:25.166,2025-10-04 12:09:25.166
1412506.0,1361.36,860.07,9.0,46.06,0.0,0.0,0.0,0.0,0.0,0.0,-0.48,0.28,0.34,1.0,,,,,2025-10-04 12:09:28.506,2025-10-04 12:09:28.506
1415826.0,1382.39,857.86,8.88,46.0,0.0,0.0,0.0,0.0,0.0,0.0,-0.36,0.3,0.4,1.0,,,,,2025-10-04 12:09:31.826,2025-10-04 12:09:31.826
1419165.0,1402.99,855.7,9.0,45.94,0.0,0.0,0.0,0.0,0.0,0.0,-0.33,0.34,0.4,1.0,,,,,2025-10-04 12:09:35.165,2025-10-04 12:09:35.165
1422513.0,1422.29,853.68,8.75,45.88,0.0,0.0,0.0,0.0,0.0,0.0,-0.49,0.18,0.33,1.0,,,,,2025-10-04 12:09:38.513,2025-10-04 12:09:38.513
1425841.0,1443.36,851.48,8.63,45.81,0.0,0.0,0.0,0.0,0.0,0.0,-0.39,0.08,0.38,1.0,,,,,2025-10-04 12:09:41.841,2025-10-04 12:09:41.841
1429147.0,1464.56,849.27,8.5,45.75,0.0,0.0,0.0,0.0,0.0,0.0,-0.48,0.15,0.35,1.0,,,,,2025-10-04 12:09:45.147,2025-10-04 12:09:45.147
1432473.0,1488.31,846.8,8.5,45.69,0.0,0.0,0.0,0.0,0.0,0.0,-0.36,0.11,0.4,1.0,,,,,2025-10-04 12:09:48.473,2025-10-04 12:09:48.473
1435807.0,1511.45,844.4,8.5,45.63,0.0,0.0,0.0,0.0,0.0,0.0,-0.4,0.23,0.39,1.0,,,,,2025-10-04 12:09:51.807,2025-10-04 12:09:51.807
1439121.0,1533.38,842.13,8.5,45.56,0.0,0.0,0.0,0.0,0.0,0.0,-0.4,0.25,0.39,1.0,,,,,2025-10-04 12:09:55.121,2025-10-04 12:09:55.121
1442454.0,1555.16,839.88,8.5,45.5,0.0,0.0,0.0,0.0,0.0,0.0,-0.41,0.13,0.38,1.0,,,,,2025-10-04 12:09:58.454,2025-10-04 12:09:58.454
1445796.0,1579.52,837.37,8.63,45.44,0.0,0.0,0.0,0.0,0.0,0.0,-0.22,0.03,0.42,1.0,,,,,2025-10-04 12:10:01.796,2025-10-04 12:10:01.796
1449118.0,1599.45,835.32,8.63,45.31,0.0,0.0,0.0,0.0,0.0,0.0,-0.38,0.16,0.4,1.0,,,,,2025-10-04 12:10:05.118,2025-10-04 12:10:05.118
1452419.0,1620.99,833.11,8.63,45.31,0.0,0.0,0.0,0.0,0.0,0.0,-0.46,0.06,0.33,1.0,,,,,2025-10-04 12:10:08.419,2025-10-04 12:10:08.419
1455810.0,1642.38,830.92,8.5,45.19,0.0,0.0,0.0,0.0,0.0,0.0,-0.33,0.15,0.41,1.0,,,,,2025-10-04 12:10:11.810,2025-10-04 12:10:11.810
1459140.0,1665.97,828.51,8.38,45.13,0.0,0.0,0.0,0.0,0.0,0.0,-0.43,0.04,0.34,1.0,,,,,2025-10-04 12:10:15.140,2025-10-04 12:10:15.140
1462448.0,1688.63,826.2,8.38,45.06,0.0,0.0,0.0,0.0,0.0,0.0,-0.33,0.19,0.41,1.0,,,,,2025-10-04 12:10:18.448,2025-10-04 12:10:18.448
1465776.0,1715.38,823.48,8.5,45.0,0.0,0.0,0.0,0.0,0.0,0.0,-0.51,0.37,0.27,1.0,,,,,2025-10-04 12:10:21.776,2025-10-04 12:10:21.776
1469113.0,1736.18,821.37,8.5,44.94,0.0,0.0,0.0,0.0,0.0,0.0,-0.31,0.29,0.42,1.0,,,,,2025-10-04 12:10:25.113,2025-10-04 12:10:25.113
1472429.0,1759.0,819.06,8.5,44.88,0.0,0.0,0.0,0.0,0.0,0.0,-0.55,0.22,0.28,1.0,,,,,2025-10-04 12:10:28.429,2025-10-04 12:10:28.429
1475724.0,1779.69,816.97,8.38,44.81,0.0,0.0,0.0,0.0,0.0,0.0,-0.31,0.25,0.43,1.0,,,,,2025-10-04 12:10:31.724,2025-10-04 12:10:31.724
1479109.0,1804.8,814.44,8.38,44.75,0.0,0.0,0.0,0.0,0.0,0.0,-0.36,-0.1,0.29,1.0,,,,,2025-10-04 12:10:35.109,2025-10-04 12:10:35.109
1482433.0,1826.79,812.23,8.25,44.69,0.0,0.0,0.0,0.0,0.0,0.0,-0.32,0.12,0.41,1.0,,,,,2025-10-04 12:10:38.433,2025-10-04 12:10:38.433
1485735.0,1849.62,809.94,8.25,44.56,0.0,0.0,0.0,0.0,0.0,0.0,-0.38,-0.02,0.33,1.0,,,,,2025-10-04 12:10:41.735,2025-10-04 12:10:41.735
1489210.0,1872.2,807.68,8.25,44.5,0.0,0.0,0.0,0.0,0.0,0.0,-0.31,0.24,0.42,1.0,,,,,2025-10-04 12:10:45.210,2025-10-04 12:10:45.210
1492541.0,1894.93,805.41,8.13,44.44,0.0,0.0,0.0,0.0,0.0,0.0,-0.46,0.06,0.33,1.0,,,,,2025-10-04 12:10:48.541,2025-10-04 12:10:48.541
1495849.0,1917.82,803.13,8.0,44.38,0.0,0.0,0.0,0.0,0.0,0.0,-0.25,0.13,0.43,1.0,,,,,2025-10-04 12:10:51.849,2025-10-04 12:10:51.849
1499136.0,1940.96,800.83,7.87,44.31,0.0,0.0,0.0,0.0,0.0,0.0,-0.25,-0.09,0.34,1.0,,,,,2025-10-04 12:10:55.136,2025-10-04 12:10:55.136
1502513.0,1963.95,798.55,7.75,44.25,0.0,0.0,0.0,0.0,0.0,0.0,-0.11,0.04,0.4,1.0,,,,,2025-10-04 12:10:58.513,2025-10-04 12:10:58.513
1505828.0,1989.22,796.05,7.75,44.19,0.0,0.0,0.0,0.0,0.0,0.0,-0.05,0.0,0.37,1.0,,,,,2025-10-04 12:11:01.828,2025-10-04 12:11:01.828
1509121.0,2028.88,792.14,7.62,44.13,0.0,0.0,0.0,0.0,0.0,0.0,0.06,0.13,0.36,1.0,,,,,2025-10-04 12:11:05.121,2025-10-04 12:11:05.121
1512505.0,2047.39,790.32,7.62,44.06,0.0,0.0,0.0,0.0,0.0,0.0,-0.07,0.17,0.41,1.0,,,,,2025-10-04 12:11:08.505,2025-10-04 12:11:08.505
1515829.0,2069.31,788.17,7.37,44.0,0.0,0.0,0.0,0.0,0.0,0.0,0.02,0.38,0.34,1.0,,,,,2025-10-04 12:11:11.829,2025-10-04 12:11:11.829
1519132.0,2093.42,785.81,7.37,43.88,0.0,0.0,0.0,0.0,0.0,0.0,0.02,0.29,0.37,1.0,,,,,2025-10-04 12:11:15.132,2025-10-04 12:11:15.132
1522414.0,2114.71,783.73,7.37,43.81,0.0,0.0,0.0,0.0,0.0,0.0,0.09,0.24,0.34,1.0,,,,,2025-10-04 12:11:18.414,2025-10-04 12:11:18.414
1525788.0,2130.51,782.19,7.12,43.75,0.0,0.0,0.0,0.0,0.0,0.0,-0.04,0.23,0.41,1.0,,,,,2025-10-04 12:11:21.788,2025-10-04 12:11:21.788
1529102.0,2158.79,779.44,7.12,43.69,0.0,0.0,0.0,0.0,0.0,0.0,0.03,0.15,0.37,1.0,,,,,2025-10-04 12:11:25.102,2025-10-04 12:11:25.102
1532395.0,2166.72,778.67,7.12,43.63,0.0,0.0,0.0,0.0,0.0,0.0,-0.25,0.04,0.39,1.0,,,,,2025-10-04 12:11:28.395,2025-10-04 12:11:28.395
1535779.0,2190.86,776.33,7.12,43.56,0.0,0.0,0.0,0.0,0.0,0.0,-0.53,0.21,0.31,1.0,,,,,2025-10-04 12:11:31.779,2025-10-04 12:11:31.779
1539102.0,2217.44,773.76,7.12,43.5,0.0,0.0,0.0,0.0,0.0,0.0,-0.23,0.34,0.41,1.0,,,,,2025-10-04 12:11:35.102,2025-10-04 12:11:35.102
1542403.0,2249.08,770.71,7.12,43.44,0.0,0.0,0.0,0.0,0.0,0.0,0.09,0.19,0.33,1.0,,,,,2025-10-04 12:11:38.403,2025-10-04 12:11:38.403
1545795.0,2258.85,769.77,6.87,43.31,0.0,0.0,0.0,0.0,0.0,0.0,-0.22,0.04,0.41,1.0,,,,,2025-10-04 12:11:41.795,2025-10-04 12:11:41.795
1549127.0,2285.62,767.2,6.87,43.25,0.0,0.0,0.0,0.0,0.0,0.0,-0.07,-0.11,0.31,1.0,,,,,2025-10-04 12:11:45.127,2025-10-04 12:11:45.127
1552437.0,2305.56,765.29,6.75,43.25,0.0,0.0,0.0,0.0,0.0,0.0,-0.12,0.19,0.43,1.0,,,,,2025-10-04 12:11:48.437,2025-10-04 12:11:48.437
1555725.0,2339.05,762.09,6.62,43.19,0.0,0.0,0.0,0.0,0.0,0.0,0.1,0.27,0.33,1.0,,,,,2025-10-04 12:11:51.725,2025-10-04 12:11:51.725
1559103.0,2358.89,760.2,6.62,43.06,0.0,0.0,0.0,0.0,0.0,0.0,-0.07,0.41,0.36,1.0,,,,,2025-10-04 12:11:55.103,2025-10-04 12:11:55.103
1562421.0,2371.82,758.97,6.62,43.0,0.0,0.0,0.0,0.0,0.0,0.0,-0.45,0.35,0.35,1.0,,,,,2025-10-04 12:11:58.421,2025-10-04 12:11:58.421
1565718.0,2392.47,757.01,6.37,42.94,0.0,0.0,0.0,0.0,0.0,0.0,-0.38,0.17,0.4,1.0,,,,,2025-10-04 12:12:01.718,2025-10-04 12:12:01.718
1569106.0,2417.06,754.68,6.25,42.88,0.0,0.0,0.0,0.0,0.0,0.0,-0.35,0.08,0.39,1.0,,,,,2025-10-04 12:12:05.106,2025-10-04 12:12:05.106
1572432.0,2438.43,752.66,6.12,42.81,0.0,0.0,0.0,0.0,0.0,0.0,-0.33,-0.02,0.37,1.0,,,,,2025-10-04 12:12:08.432,2025-10-04 12:12:08.432
1575737.0,2459.32,750.69,6.0,42.75,0.0,0.0,0.0,0.0,0.0,0.0,-0.46,0.2,0.37,1.0,,,,,2025-10-04 12:12:11.737,2025-10-04 12:12:11.737
1579091.0,2483.87,748.38,6.12,42.69,0.0,0.0,0.0,0.0,0.0,0.0,-0.21,0.44,0.37,1.0,,,,,2025-10-04 12:12:15.091,2025-10-04 12:12:15.091
1582464.0,2515.2,745.44,6.12,42.63,0.0,0.0,0.0,0.0,0.0,0.0,-0.06,0.29,0.41,1.0,,,,,2025-10-04 12:12:18.464,2025-10-04 12:12:18.464
1585776.0,2525.88,744.44,6.12,42.56,0.0,0.0,0.0,0.0,0.0,0.0,-0.06,-0.01,0.38,1.0,,,,,2025-10-04 12:12:21.776,2025-10-04 12:12:21.776
1589066.0,2553.06,741.9,6.0,42.5,0.0,0.0,0.0,0.0,0.0,0.0,-0.34,-0.04,0.36,1.0,,,,,2025-10-04 12:12:25.066,2025-10-04 12:12:25.066
1592446.0,2578.71,739.51,6.0,42.44,0.0,0.0,0.0,0.0,0.0,0.0,-0.35,0.23,0.42,1.0,,,,,2025-10-04 12:12:28.446,2025-10-04 12:12:28.446
1595764.0,2600.76,737.46,5.75,42.44,0.0,0.0,0.0,0.0,0.0,0.0,-0.09,0.42,0.35,1.0,,,,,2025-10-04 12:12:31.764,2025-10-04 12:12:31.764
1599058.0,2615.95,736.05,5.62,42.38,0.0,0.0,0.0,0.0,0.0,0.0,0.03,0.24,0.39,1.0,,,,,2025-10-04 12:12:35.058,2025-10-04 12:12:35.058
1602404.0,2645.55,733.31,5.5,42.31,0.0,0.0,0.0,0.0,0.0,0.0,0.08,0.15,0.35,1.0,,,,,2025-10-04 12:12:38.404,2025-10-04 12:12:38.404
1605772.0,2649.77,732.92,5.37,42.25,0.0,0.0,0.0,0.0,0.0,0.0,-0.1,0.03,0.39,1.0,,,,,2025-10-04 12:12:41.772,2025-10-04 12:12:41.772
1609076.0,2669.59,731.09,5.25,42.19,0.0,0.0,0.0,0.0,0.0,0.0,-0.14,0.05,0.41,1.0,,,,,2025-10-04 12:12:45.076,2025-10-04 12:12:45.076
1612361.0,2693.37,728.9,5.12,42.13,0.0,0.0,0.0,0.0,0.0,0.0,-0.08,-0.03,0.37,1.0,,,,,2025-10-04 12:12:48.361,2025-10-04 12:12:48.361
1615736.0,2717.64,726.67,5.0,42.06,0.0,0.0,0.0,0.0,0.0,0.0,-0.18,-0.02,0.39,1.0,,,,,2025-10-04 12:12:51.736,2025-10-04 12:12:51.736
1619049.0,2733.78,725.19,4.75,42.0,0.0,0.0,0.0,0.0,0.0,0.0,-0.2,-0.04,0.38,1.0,,,,,2025-10-04 12:12:55.049,2025-10-04 12:12:55.049
1622339.0,2756.29,723.13,4.5,41.94,0.0,0.0,0.0,0.0,0.0,0.0,-0.4,0.14,0.39,1.0,,,,,2025-10-04 12:12:58.339,2025-10-04 12:12:58.339
1625678.0,2780.5,720.92,4.5,41.88,0.0,0.0,0.0,0.0,0.0,0.0,-0.4,0.27,0.4,1.0,,,,,2025-10-04 12:13:01.678,2025-10-04 12:13:01.678
1629038.0,2809.72,718.26,4.37,41.81,0.0,0.0,0.0,0.0,0.0,0.0,-0.22,0.5,0.33,1.0,,,,,2025-10-04 12:13:05.038,2025-10-04 12:13:05.038
1632335.0,2836.16,715.86,4.25,41.75,0.0,0.0,0.0,0.0,0.0,0.0,-0.1,0.44,0.37,1.0,,,,,2025-10-04 12:13:08.335,2025-10-04 12:13:08.335
1635682.0,2857.47,713.93,4.25,41.69,0.0,0.0,0.0,0.0,0.0,0.0,0.01,0.43,0.33,1.0,,,,,2025-10-04 12:13:11.682,2025-10-04 12:13:11.682
1639050.0,2870.75,712.73,4.12,41.56,0.0,0.0,0.0,0.0,0.0,0.0,-0.24,0.34,0.42,1.0,,,,,2025-10-04 12:13:15.050,2025-10-04 12:13:15.050
1642356.0,2892.35,710.78,4.0,41.5,0.0,0.0,0.0,0.0,0.0,0.0,-0.43,0.39,0.35,1.0,,,,,2025-10-04 12:13:18.356,2025-10-04 12:13:18.356
1645639.0,2911.34,709.07,4.0,41.5,0.0,0.0,0.0,0.0,0.0,0.0,-0.36,0.13,0.4,1.0,,,,,2025-10-04 12:13:21.639,2025-10-04 12:13:21.639
1648971.0,2931.26,707.28,3.75,41.44,0.0,0.0,0.0,0.0,0.0,0.0,-0.46,0.04,0.33,1.0,,,,,2025-10-04 12:13:24.971,2025-10-04 12:13:24.971
1652324.0,2953.9,705.25,3.37,41.31,0.0,0.0,0.0,0.0,0.0,0.0,-0.26,0.13,0.43,1.0,,,,,2025-10-04 12:13:28.324,2025-10-04 12:13:28.324
1655614.0,2976.48,703.23,3.37,41.31,0.0,0.0,0.0,0.0,0.0,0.0,-0.33,0.04,0.38,1.0,,,,,2025-10-04 12:13:31.614,2025-10-04 12:13:31.614
1658956.0,2995.19,701.56,3.25,41.19,0.0,0.0,0.0,0.0,0.0,0.0,-0.44,0.19,0.39,1.0,,,,,2025-10-04 12:13:34.956,2025-10-04 12:13:34.956
1662317.0,3018.65,699.47,3.12,41.13,0.0,0.0,0.0,0.0,0.0,0.0,-0.42,0.29,0.39,1.0,,,,,2025-10-04 12:13:38.317,2025-10-04 12:13:38.317
1665615.0,3041.49,697.44,3.0,41.06,0.0,0.0,0.0,0.0,0.0,0.0,-0.46,0.39,0.33,1.0,,,,,2025-10-04 12:13:41.615,2025-10-04 12:13:41.615
1668963.0,3062.35,695.59,3.0,41.0,0.0,0.0,0.0,0.0,0.0,0.0,-0.36,0.26,0.42,1.0,,,,,2025-10-04 12:13:44.963,2025-10-04 12:13:44.963
1672290.0,3087.79,693.34,2.87,40.94,0.0,0.0,0.0,0.0,0.0,0.0,-0.33,0.43,0.36,1.0,,,,,2025-10-04 12:13:48.290,2025-10-04 12:13:48.290
1675637.0,3111.14,691.28,2.87,40.88,0.0,0.0,0.0,0.0,0.0,0.0,-0.38,0.38,0.38,1.0,,,,,2025-10-04 12:13:51.637,2025-10-04 12:13:51.637
1678922.0,3137.84,688.93,2.75,40.81,0.0,0.0,0.0,0.0,0.0,0.0,-0.29,0.47,0.35,1.0,,,,,2025-10-04 12:13:54.922,2025-10-04 12:13:54.922
1682256.0,3154.92,687.43,2.5,40.75,0.0,0.0,0.0,0.0,0.0,0.0,-0.48,0.21,0.35,1.0,,,,,2025-10-04 12:13:58.256,2025-10-04 12:13:58.256
1685613.0,3179.92,685.24,2.25,40.69,0.0,0.0,0.0,0.0,0.0,0.0,-0.44,0.23,0.39,1.0,,,,,2025-10-04 12:14:01.613,2025-10-04 12:14:01.613
1688906.0,3204.06,683.13,2.12,40.56,0.0,0.0,0.0,0.0,0.0,0.0,-0.37,0.16,0.41,1.0,,,,,2025-10-04 12:14:04.906,2025-10-04 12:14:04.906
1692249.0,3227.46,681.09,2.12,40.5,0.0,0.0,0.0,0.0,0.0,0.0,-0.34,0.27,0.42,1.0,,,,,2025-10-04 12:14:08.249,2025-10-04 12:14:08.249
1695571.0,3246.54,679.43,2.0,40.5,0.0,0.0,0.0,0.0,0.0,0.0,-0.38,-0.06,0.33,1.0,,,,,2025-10-04 12:14:11.571,2025-10-04 12:14:11.571
1698914.0,3274.77,676.98,1.87,40.44,0.0,0.0,0.0,0.0,0.0,0.0,-0.07,0.07,0.41,1.0,,,,,2025-10-04 12:14:14.914,2025-10-04 12:14:14.914
1702263.0,3300.2,674.78,1.75,40.38,0.0,0.0,0.0,0.0,0.0,0.0,-0.02,0.51,0.27,1.0,,,,,2025-10-04 12:14:18.263,2025-10-04 12:14:18.263
1705592.0,3315.6,673.45,1.62,40.31,0.0,0.0,0.0,0.0,0.0,0.0,-0.19,0.33,0.43,1.0,,,,,2025-10-04 12:14:21.592,2025-10-04 12:14:21.592
1708941.0,3349.62,670.52,1.62,40.25,0.0,0.0,0.0,0.0,0.0,0.0,-0.34,0.56,0.26,1.0,,,,,2025-10-04 12:14:24.941,2025-10-04 12:14:24.941
1712227.0,3361.37,669.51,1.37,40.13,0.0,0.0,0.0,0.0,0.0,0.0,-0.39,0.25,0.41,1.0,,,,,2025-10-04 12:14:28.227,2025-10-04 12:14:28.227
1715563.0,3385.62,667.43,1.12,40.06,0.0,0.0,0.0,0.0,0.0,0.0,-0.33,0.45,0.35,1.0,,,,,2025-10-04 12:14:31.563,2025-10-04 12:14:31.563
1718879.0,3407.01,665.6,1.12,40.0,0.0,0.0,0.0,0.0,0.0,0.0,-0.33,0.29,0.42,1.0,,,,,2025-10-04 12:14:34.879,2025-10-04 12:14:34.879
1722215.0,3428.21,663.79,1.0,39.94,0.0,0.0,0.0,0.0,0.0,0.0,-0.56,0.23,0.28,1.0,,,,,2025-10-04 12:14:38.215,2025-10-04 12:14:38.215
1725559.0,3450.4,661.9,0.88,39.88,0.0,0.0,0.0,0.0,0.0,0.0,-0.33,0.23,0.43,1.0,,,,,2025-10-04 12:14:41.559,2025-10-04 12:14:41.559
1728883.0,3481.95,659.22,0.63,39.81,0.0,0.0,0.0,0.0,0.0,0.0,-0.08,0.46,0.35,1.0,,,,,2025-10-04 12:14:44.883,2025-10-04 12:14:44.883
1732227.0,3516.09,656.33,0.5,39.75,0.0,0.0,0.0,0.0,0.0,0.0,-0.06,0.06,0.4,1.0,,,,,2025-10-04 12:14:48.227,2025-10-04 12:14:48.227
1735579.0,3516.56,656.29,0.38,39.69,0.0,0.0,0.0,0.0,0.0,0.0,-0.45,0.14,0.38,1.0,,,,,2025-10-04 12:14:51.579,2025-10-04 12:14:51.579
1738909.0,3553.79,653.15,0.25,39.63,0.0,0.0,0.0,0.0,0.0,0.0,0.08,0.25,0.35,1.0,,,,,2025-10-04 12:14:54.909,2025-10-04 12:14:54.909
1742219.0,3564.85,652.22,0.0,39.56,0.0,0.0,0.0,0.0,0.0,0.0,-0.21,0.07,0.42,1.0,,,,,2025-10-04 12:14:58.219,2025-10-04 12:14:58.219
1745551.0,3589.62,650.14,-0.25,39.5,0.0,0.0,0.0,0.0,0.0,0.0,-0.42,0.37,0.37,1.0,,,,,2025-10-04 12:15:01.551,2025-10-04 12:15:01.551
1748890.0,3614.46,648.06,-0.13,39.44,0.0,0.0,0.0,0.0,0.0,0.0,-0.27,0.32,0.43,1.0,,,,,2025-10-04 12:15:04.890,2025-10-04 12:15:04.890
1752208.0,3639.6,645.96,-0.25,39.31,0.0,0.0,0.0,0.0,0.0,0.0,-0.29,0.56,0.28,1.0,,,,,2025-10-04 12:15:08.208,2025-10-04 12:15:08.208
1755545.0,3656.75,644.53,-0.5,39.25,0.0,0.0,0.0,0.0,0.0,0.0,-0.3,0.39,0.4,1.0,,,,,2025-10-04 12:15:11.545,2025-10-04 12:15:11.545
1758889.0,3679.96,642.6,-0.5,39.19,0.0,0.0,0.0,0.0,0.0,0.0,-0.32,0.48,0.34,1.0,,,,,2025-10-04 12:15:14.889,2025-10-04 12:15:14.889
1762212.0,3699.36,640.99,-0.88,39.13,0.0,0.0,0.0,0.0,0.0,0.0,-0.07,0.08,0.41,1.0,,,,,2025-10-04 12:15:18.212,2025-10-04 12:15:18.212
1765512.0,3716.14,639.6,-1.12,39.06,0.0,0.0,0.0,0.0,0.0,0.0,-0.4,0.11,0.39,1.0,,,,,2025-10-04 12:15:21.512,2025-10-04 12:15:21.512
1768903.0,3744.7,637.24,-1.12,38.94,0.0,0.0,0.0,0.0,0.0,0.0,-0.4,0.45,0.33,1.0,,,,,2025-10-04 12:15:24.903,2025-10-04 12:15:24.903
1772229.0,3761.44,635.86,-1.37,38.94,0.0,0.0,0.0,0.0,0.0,0.0,-0.34,0.36,0.39,1.0,,,,,2025-10-04 12:15:28.229,2025-10-04 12:15:28.229
1775535.0,3784.66,633.95,-1.5,38.81,0.0,0.0,0.0,0.0,0.0,0.0,0.07,0.32,0.35,1.0,,,,,2025-10-04 12:15:31.535,2025-10-04 12:15:31.535
1778861.0,3802.94,632.45,-1.5,38.75,0.0,0.0,0.0,0.0,0.0,0.0,-0.16,0.1,0.44,1.0,,,,,2025-10-04 12:15:34.861,2025-10-04 12:15:34.861
1782193.0,3824.3,630.7,-1.87,38.69,0.0,0.0,0.0,0.0,0.0,0.0,-0.1,-0.07,0.36,1.0,,,,,2025-10-04 12:15:38.193,2025-10-04 12:15:38.193
1785503.0,3845.34,628.98,-2.0,38.63,0.0,0.0,0.0,0.0,0.0,0.0,-0.26,-0.03,0.4,1.0,,,,,2025-10-04 12:15:41.503,2025-10-04 12:15:41.503
1788790.0,3866.31,627.27,-2.37,38.56,0.0,0.0,0.0,0.0,0.0,0.0,-0.34,0.02,0.38,1.0,,,,,2025-10-04 12:15:44.790,2025-10-04 12:15:44.790
1792166.0,3889.42,625.39,-2.5,38.5,0.0,0.0,0.0,0.0,0.0,0.0,-0.31,0.11,0.42,1.0,,,,,2025-10-04 12:15:48.166,2025-10-04 12:15:48.166
1795479.0,3909.75,623.74,-2.75,38.44,0.0,0.0,0.0,0.0,0.0,0.0,-0.34,-0.01,0.38,1.0,,,,,2025-10-04 12:15:51.479,2025-10-04 12:15:51.479
1798769.0,3932.96,621.86,-3.0,38.38,0.0,0.0,0.0,0.0,0.0,0.0,-0.43,0.21,0.4,1.0,,,,,2025-10-04 12:15:54.769,2025-10-04 12:15:54.769
1802148.0,3954.24,620.14,-3.12,38.25,0.0,0.0,0.0,0.0,0.0,0.0,-0.37,0.1,0.4,1.0,,,,,2025-10-04 12:15:58.148,2025-10-04 12:15:58.148
1805464.0,3973.34,618.6,-3.5,38.19,0.0,0.0,0.0,0.0,0.0,0.0,-0.43,0.21,0.39,1.0,,,,,2025-10-04 12:16:01.464,2025-10-04 12:16:01.464
1808759.0,3994.22,616.92,-3.5,38.13,0.0,0.0,0.0,0.0,0.0,0.0,-0.43,0.09,0.37,1.0,,,,,2025-10-04 12:16:04.759,2025-10-04 12:16:04.759
1812144.0,4017.4,615.06,-3.75,38.06,0.0,0.0,0.0,0.0,0.0,0.0,-0.43,0.2,0.39,1.0,,,,,2025-10-04 12:16:08.144,2025-10-04 12:16:08.144
1815464.0,4041.0,613.17,-3.75,37.94,0.0,0.0,0.0,0.0,0.0,0.0,-0.21,0.44,0.39,1.0,,,,,2025-10-04 12:16:11.464,2025-10-04 12:16:11.464
1818763.0,4071.43,610.74,-4.0,37.94,0.0,0.0,0.0,0.0,0.0,0.0,-0.06,0.11,0.41,1.0,,,,,2025-10-04 12:16:14.763,2025-10-04 12:16:14.763
1822110.0,4088.13,609.41,-4.25,37.81,0.0,0.0,0.0,0.0,0.0,0.0,-0.41,0.1,0.39,1.0,,,,,2025-10-04 12:16:18.110,2025-10-04 12:16:18.110
1825478.0,4112.04,607.51,-4.37,37.75,0.0,0.0,0.0,0.0,0.0,0.0,-0.47,0.29,0.36,1.0,,,,,2025-10-04 12:16:21.478,2025-10-04 12:16:21.478
1828782.0,4143.33,605.03,-4.62,37.69,0.0,0.0,0.0,0.0,0.0,0.0,-0.12,0.41,0.39,1.0,,,,,2025-10-04 12:16:24.782,2025-10-04 12:16:24.782
1832133.0,4172.07,602.76,-4.62,37.56,0.0,0.0,0.0,0.0,0.0,0.0,-0.05,0.24,0.42,1.0,,,,,2025-10-04 12:16:28.133,2025-10-04 12:16:28.133
1835506.0,4183.49,601.86,-4.87,37.5,0.0,0.0,0.0,0.0,0.0,0.0,-0.31,-0.07,0.34,1.0,,,,,2025-10-04 12:16:31.506,2025-10-04 12:16:31.506
1838814.0,4207.51,599.97,-5.12,37.44,0.0,0.0,0.0,0.0,0.0,0.0,-0.16,0.38,0.41,1.0,,,,,2025-10-04 12:16:34.814,2025-10-04 12:16:34.814
1842099.0,4245.38,597.0,-5.25,37.38,0.0,0.0,0.0,0.0,0.0,0.0,0.05,0.23,0.38,1.0,,,,,2025-10-04 12:16:38.099,2025-10-04 12:16:38.099
1845432.0,4247.81,596.81,-5.5,37.31,0.0,0.0,0.0,0.0,0.0,0.0,-0.1,0.04,0.4,1.0,,,,,2025-10-04 12:16:41.432,2025-10-04 12:16:41.432
1848787.0,4268.66,595.18,-5.5,37.19,0.0,0.0,0.0,0.0,0.0,0.0,-0.15,0.02,0.41,1.0,,,,,2025-10-04 12:16:44.787,2025-10-04 12:16:44.787
1852077.0,4290.21,593.5,-5.5,37.13,0.0,0.0,0.0,0.0,0.0,0.0,-0.33,-0.04,0.37,1.0,,,,,2025-10-04 12:16:48.077,2025-10-04 12:16:48.077
1855415.0,4314.89,591.58,-5.75,37.06,0.0,0.0,0.0,0.0,0.0,0.0,-0.4,0.3,0.4,1.0,,,,,2025-10-04 12:16:51.415,2025-10-04 12:16:51.415
1858861.0,4349.58,588.89,-5.75,37.0,0.0,0.0,0.0,0.0,0.0,0.0,0.02,0.38,0.35,1.0,,,,,2025-10-04 12:16:54.861,2025-10-04 12:16:54.861
1862155.0,4362.77,587.87,-5.75,36.94,0.0,0.0,0.0,0.0,0.0,0.0,-0.12,0.24,0.44,1.0,,,,,2025-10-04 12:16:58.155,2025-10-04 12:16:58.155
1865498.0,4387.77,585.94,-5.87,36.88,0.0,0.0,0.0,0.0,0.0,0.0,-0.09,-0.05,0.38,1.0,,,,,2025-10-04 12:17:01.498,2025-10-04 12:17:01.498
1868819.0,4409.07,584.3,-6.0,36.81,0.0,0.0,0.0,0.0,0.0,0.0,-0.41,0.15,0.39,1.0,,,,,2025-10-04 12:17:04.819,2025-10-04 12:17:04.819
1872159.0,4430.02,582.69,-6.25,36.75,0.0,0.0,0.0,0.0,0.0,0.0,-0.43,0.33,0.38,1.0,,,,,2025-10-04 12:17:08.159,2025-10-04 12:17:08.159
1875505.0,4467.24,579.84,-6.37,36.63,0.0,0.0,0.0,0.0,0.0,0.0,0.02,0.2,0.39,1.0,,,,,2025-10-04 12:17:11.505,2025-10-04 12:17:11.505
1878830.0,4476.01,579.17,-6.25,36.56,0.0,0.0,0.0,0.0,0.0,0.0,-0.16,0.05,0.42,1.0,,,,,2025-10-04 12:17:14.830,2025-10-04 12:17:14.830
1882176.0,4500.53,577.3,-6.5,36.5,0.0,0.0,0.0,0.0,0.0,0.0,-0.36,-0.02,0.36,1.0,,,,,2025-10-04 12:17:18.176,2025-10-04 12:17:18.176
1885528.0,4522.87,575.6,-6.62,36.44,0.0,0.0,0.0,0.0,0.0,0.0,-0.37,0.16,0.42,1.0,,,,,2025-10-04 12:17:21.528,2025-10-04 12:17:21.528
1888855.0,4555.57,573.12,-6.87,36.38,0.0,0.0,0.0,0.0,0.0,0.0,-0.36,0.54,0.28,1.0,,,,,2025-10-04 12:17:24.855,2025-10-04 12:17:24.855
1892162.0,4581.09,571.19,-7.0,36.31,0.0,0.0,0.0,0.0,0.0,0.0,-0.1,0.29,0.42,1.0,,,,,2025-10-04 12:17:28.162,2025-10-04 12:17:28.162
1895490.0,4590.1,570.51,-7.12,36.25,0.0,0.0,0.0,0.0,0.0,0.0,0.05,0.32,0.35,1.0,,,,,2025-10-04 12:17:31.490,2025-10-04 12:17:31.490
1898823.0,4607.08,569.23,-7.12,36.13,0.0,0.0,0.0,0.0,0.0,0.0,-0.11,0.17,0.38,1.0,,,,,2025-10-04 12:17:34.823,2025-10-04 12:17:34.823
1902136.0,4632.22,567.34,-7.25,36.06,0.0,0.0,0.0,0.0,0.0,0.0,-0.07,-0.17,0.27,1.0,,,,,2025-10-04 12:17:38.136,2025-10-04 12:17:38.136
1905469.0,4654.08,565.7,-7.37,36.0,0.0,0.0,0.0,0.0,0.0,0.0,-0.27,0.05,0.39,1.0,,,,,2025-10-04 12:17:41.469,2025-10-04 12:17:41.469
1908806.0,4675.19,564.12,-7.37,35.88,0.0,0.0,0.0,0.0,0.0,0.0,-0.37,-0.05,0.31,1.0,,,,,2025-10-04 12:17:44.806,2025-10-04 12:17:44.806
1912122.0,4697.42,562.46,-7.5,35.81,0.0,0.0,0.0,0.0,0.0,0.0,-0.31,0.04,0.37,1.0,,,,,2025-10-04 12:17:48.122,2025-10-04 12:17:48.122
1915411.0,4719.04,560.85,-7.5,35.75,0.0,0.0,0.0,0.0,0.0,0.0,-0.39,-0.07,0.29,1.0,,,,,2025-10-04 12:17:51.411,2025-10-04 12:17:51.411
1918792.0,4742.72,559.09,-7.75,35.69,0.0,0.0,0.0,0.0,0.0,0.0,-0.25,0.05,0.39,1.0,,,,,2025-10-04 12:17:54.792,2025-10-04 12:17:54.792
1922107.0,4765.93,557.37,-7.75,35.63,0.0,0.0,0.0,0.0,0.0,0.0,-0.13,-0.09,0.33,1.0,,,,,2025-10-04 12:17:58.107,2025-10-04 12:17:58.107
1925400.0,4799.08,554.92,-7.75,35.56,0.0,0.0,0.0,0.0,0.0,0.0,-0.01,-0.01,0.34,1.0,,,,,2025-10-04 12:18:01.400,2025-10-04 12:18:01.400
1928783.0,4817.81,553.54,-8.0,35.44,0.0,0.0,0.0,0.0,0.0,0.0,-0.06,0.03,0.37,1.0,,,,,2025-10-04 12:18:04.783,2025-10-04 12:18:04.783
1932101.0,4840.11,551.9,-8.25,35.38,0.0,0.0,0.0,0.0,0.0,0.0,-0.13,-0.17,0.28,1.0,,,,,2025-10-04 12:18:08.101,2025-10-04 12:18:08.101
1935396.0,4860.29,550.42,-8.38,35.31,0.0,0.0,0.0,0.0,0.0,0.0,-0.26,0.11,0.39,1.0,,,,,2025-10-04 12:18:11.396,2025-10-04 12:18:11.396
1938781.0,4879.96,548.98,-8.63,35.19,0.0,0.0,0.0,0.0,0.0,0.0,-0.22,-0.15,0.3,1.0,,,,,2025-10-04 12:18:14.781,2025-10-04 12:18:14.781
1942102.0,4907.49,546.97,-8.63,35.13,0.0,0.0,0.0,0.0,0.0,0.0,-0.12,0.04,0.39,1.0,,,,,2025-10-04 12:18:18.102,2025-10-04 12:18:18.102
1945399.0,4937.99,544.75,-8.63,35.06,0.0,0.0,0.0,0.0,0.0,0.0,0.12,0.31,0.25,1.0,,,,,2025-10-04 12:18:21.399,2025-10-04 12:18:21.399
1948745.0,4955.62,543.47,-8.63,35.0,0.0,0.0,0.0,0.0,0.0,0.0,-0.15,0.38,0.35,1.0,,,,,2025-10-04 12:18:24.745,2025-10-04 12:18:24.745
1952113.0,4978.81,541.79,-8.75,34.88,0.0,0.0,0.0,0.0,0.0,0.0,-0.4,0.2,0.35,1.0,,,,,2025-10-04 12:18:28.113,2025-10-04 12:18:28.113
1955416.0,5000.95,540.19,-9.0,34.81,0.0,0.0,0.0,0.0,0.0,0.0,-0.4,0.24,0.35,1.0,,,,,2025-10-04 12:18:31.416,2025-10-04 12:18:31.416
1958768.0,5023.0,538.6,-9.13,34.75,0.0,0.0,0.0,0.0,0.0,0.0,-0.4,0.2,0.34,1.0,,,,,2025-10-04 12:18:34.768,2025-10-04 12:18:34.768
1962140.0,5043.72,537.11,-9.38,34.69,0.0,0.0,0.0,0.0,0.0,0.0,-0.4,-0.03,0.31,1.0,,,,,2025-10-04 12:18:38.140,2025-10-04 12:18:38.140
1965448.0,5070.62,535.18,-9.5,34.56,0.0,0.0,0.0,0.0,0.0,0.0,-0.32,0.36,0.33,1.0,,,,,2025-10-04 12:18:41.448,2025-10-04 12:18:41.448
1968732.0,5095.23,533.42,-9.5,34.5,0.0,0.0,0.0,0.0,0.0,0.0,-0.24,0.3,0.37,1.0,,,,,2025-10-04 12:18:44.732,2025-10-04 12:18:44.732
1972064.0,5122.7,531.46,-9.88,34.44,0.0,0.0,0.0,0.0,0.0,0.0,0.09,0.39,0.22,1.0,,,,,2025-10-04 12:18:48.064,2025-10-04 12:18:48.064
1975418.0,5134.22,530.64,-10.0,34.31,0.0,0.0,0.0,0.0,0.0,0.0,-0.07,0.2,0.38,1.0,,,,,2025-10-04 12:18:51.418,2025-10-04 12:18:51.418
1978707.0,5161.95,528.67,-10.13,34.25,0.0,0.0,0.0,0.0,0.0,0.0,-0.11,-0.11,0.32,1.0,,,,,2025-10-04 12:18:54.707,2025-10-04 12:18:54.707
1982044.0,5185.11,527.03,-10.13,34.19,0.0,0.0,0.0,0.0,0.0,0.0,-0.27,0.0,0.37,1.0,,,,,2025-10-04 12:18:58.044,2025-10-04 12:18:58.044
1985844.0,5210.58,525.23,-10.38,34.13,0.0,0.0,0.0,0.0,0.0,0.0,-0.49,0.21,0.29,1.0,,,,,2025-10-04 12:19:01.844,2025-10-04 12:19:01.844
1989134.0,5237.27,523.35,-10.38,34.0,0.0,0.0,0.0,0.0,0.0,0.0,-0.3,0.2,0.39,1.0,,,,,2025-10-04 12:19:05.134,2025-10-04 12:19:05.134
1992471.0,5259.33,521.8,-10.63,33.94,0.0,0.0,0.0,0.0,0.0,0.0,-0.49,0.05,0.28,1.0,,,,,2025-10-04 12:19:08.471,2025-10-04 12:19:08.471
1995786.0,5283.3,520.12,-10.75,33.88,0.0,0.0,0.0,0.0,0.0,0.0,-0.42,0.14,0.35,1.0,,,,,2025-10-04 12:19:11.786,2025-10-04 12:19:11.786
1999120.0,5308.62,518.35,-10.75,33.81,0.0,0.0,0.0,0.0,0.0,0.0,-0.31,0.31,0.36,1.0,,,,,2025-10-04 12:19:15.120,2025-10-04 12:19:15.120
2002458.0,5347.09,515.67,-10.88,33.75,0.0,0.0,0.0,0.0,0.0,0.0,0.03,0.17,0.36,1.0,,,,,2025-10-04 12:19:18.458,2025-10-04 12:19:18.458
2005774.0,5354.86,515.13,-10.75,33.69,0.0,0.0,0.0,0.0,0.0,0.0,-0.17,-0.11,0.34,1.0,,,,,2025-10-04 12:19:21.774,2025-10-04 12:19:21.774
2009111.0,5374.9,513.74,-10.88,33.56,0.0,0.0,0.0,0.0,0.0,0.0,-0.45,0.17,0.32,1.0,,,,,2025-10-04 12:19:25.111,2025-10-04 12:19:25.111
2012451.0,5412.78,511.12,-11.13,33.5,0.0,0.0,0.0,0.0,0.0,0.0,-0.05,0.22,0.36,1.0,,,,,2025-10-04 12:19:28.451,2025-10-04 12:19:28.451
2015768.0,5423.8,510.36,-11.25,33.44,0.0,0.0,0.0,0.0,0.0,0.0,-0.26,-0.05,0.37,1.0,,,,,2025-10-04 12:19:31.768,2025-10-04 12:19:31.768
2019062.0,5449.81,508.57,-11.5,33.38,0.0,0.0,0.0,0.0,0.0,0.0,-0.48,0.16,0.3,1.0,,,,,2025-10-04 12:19:35.062,2025-10-04 12:19:35.062
2022446.0,5474.28,506.89,-11.88,33.31,0.0,0.0,0.0,0.0,0.0,0.0,-0.26,0.38,0.34,1.0,,,,,2025-10-04 12:19:38.446,2025-10-04 12:19:38.446
2025763.0,5494.87,505.48,-11.88,33.19,0.0,0.0,0.0,0.0,0.0,0.0,0.01,0.09,0.35,1.0,,,,,2025-10-04 12:19:41.763,2025-10-04 12:19:41.763
2029057.0,5519.32,503.81,-11.88,33.13,0.0,0.0,0.0,0.0,0.0,0.0,-0.3,0.01,0.36,1.0,,,,,2025-10-04 12:19:45.057,2025-10-04 12:19:45.057
2032443.0,5542.66,502.22,-12.25,33.0,0.0,0.0,0.0,0.0,0.0,0.0,-0.36,-0.08,0.31,1.0,,,,,2025-10-04 12:19:48.443,2025-10-04 12:19:48.443
2035763.0,5566.65,500.59,-12.5,32.94,0.0,0.0,0.0,0.0,0.0,0.0,-0.39,0.35,0.31,1.0,,,,,2025-10-04 12:19:51.763,2025-10-04 12:19:51.763
2039057.0,5585.24,499.33,-12.63,32.88,0.0,0.0,0.0,0.0,0.0,0.0,-0.21,0.39,0.33,1.0,,,,,2025-10-04 12:19:55.057,2025-10-04 12:19:55.057
2042444.0,5624.15,496.7,-12.88,32.81,0.0,0.0,0.0,0.0,0.0,0.0,0.04,0.05,0.34,1.0,,,,,2025-10-04 12:19:58.444,2025-10-04 12:19:58.444
2049060.0,5654.9,494.63,-13.13,32.63,0.0,0.0,0.0,0.0,0.0,0.0,-0.34,-0.13,0.28,1.0,,,,,2025-10-04 12:20:05.060,2025-10-04 12:20:05.060
2052405.0,5681.28,492.86,-13.38,32.56,0.0,0.0,0.0,0.0,0.0,0.0,-0.39,0.26,0.34,1.0,,,,,2025-10-04 12:20:08.405,2025-10-04 12:20:08.405
2055770.0,5714.17,490.66,-13.13,32.44,0.0,0.0,0.0,0.0,0.0,0.0,-0.09,0.46,0.27,1.0,,,,,2025-10-04 12:20:11.770,2025-10-04 12:20:11.770
2059067.0,5738.61,489.03,-13.5,32.38,0.0,0.0,0.0,0.0,0.0,0.0,0.0,0.12,0.36,1.0,,,,,2025-10-04 12:20:15.067,2025-10-04 12:20:15.067
2062412.0,5745.07,488.6,-13.63,,,,,,,,-0.07,-0.04,0.34,1.0,,,,,2025-10-04 12:20:18.412,2025-10-04 12:20:18.412
2065779.0,5771.56,486.84,-13.88,32.25,0.0,0.0,0.0,0.0,0.0,0.0,-0.41,-0.04,0.29,1.0,,,,,2025-10-04 12:20:21.779,2025-10-04 12:20:21.779
2069078.0,5795.86,485.23,-14.25,32.19,0.0,0.0,0.0,0.0,0.0,0.0,-0.35,0.29,0.37,1.0,,,,,2025-10-04 12:20:25.078,2025-10-04 12:20:25.078
2072423.0,5838.42,482.42,-14.25,32.13,0.0,0.0,0.0,0.0,0.0,0.0,0.11,0.09,0.31,1.0,,,,,2025-10-04 12:20:28.423,2025-10-04 12:20:28.423
2075745.0,5839.18,482.37,-14.38,32.0,0.0,0.0,0.0,0.0,0.0,0.0,-0.28,0.13,0.4,1.0,,,,,2025-10-04 12:20:31.745,2025-10-04 12:20:31.745
2079089.0,5861.23,480.92,-14.5,31.94,0.0,0.0,0.0,0.0,0.0,0.0,-0.47,-0.02,0.27,1.0,,,,,2025-10-04 12:20:35.089,2025-10-04 12:20:35.089
2085759.0,5913.29,477.51,-14.88,31.75,0.0,0.0,0.0,0.0,0.0,0.0,-0.52,0.11,0.26,1.0,,,,,2025-10-04 12:20:41.759,2025-10-04 12:20:41.759
2089103.0,5934.44,476.13,-15.13,31.69,0.0,0.0,0.0,0.0,0.0,0.0,-0.39,0.22,0.35,1.0,,,,,2025-10-04 12:20:45.103,2025-10-04 12:20:45.103
2092450.0,5960.26,474.45,-15.25,31.62,0.0,0.0,0.0,0.0,0.0,0.0,-0.44,0.18,0.33,1.0,,,,,2025-10-04 12:20:48.450,2025-10-04 12:20:48.450
2095775.0,5985.84,472.79,-15.38,31.56,0.0,0.0,0.0,0.0,0.0,0.0,-0.14,0.34,0.37,1.0,,,,,2025-10-04 12:20:51.775,2025-10-04 12:20:51.775
2099076.0,6019.86,470.59,-15.5,31.44,0.0,0.0,0.0,0.0,0.0,0.0,-0.1,0.41,0.32,1.0,,,,,2025-10-04 12:20:55.076,2025-10-04 12:20:55.076
2102469.0,6031.95,469.81,-15.63,31.37,0.0,0.0,0.0,0.0,0.0,0.0,0.06,0.22,0.33,1.0,,,,,2025-10-04 12:20:58.469,2025-10-04 12:20:58.469
2105795.0,6079.23,466.77,-15.63,31.31,0.0,0.0,0.0,0.0,0.0,0.0,0.08,-0.02,0.3,1.0,,,,,2025-10-04 12:21:01.795,2025-10-04 12:21:01.795
2109097.0,6076.74,466.93,-15.75,31.25,0.0,0.0,0.0,0.0,0.0,0.0,-0.05,-0.07,0.35,1.0,,,,,2025-10-04 12:21:05.097,2025-10-04 12:21:05.097
2112492.0,6117.68,464.31,-15.75,31.12,0.0,0.0,0.0,0.0,0.0,0.0,0.03,0.12,0.36,1.0,,,,,2025-10-04 12:21:08.492,2025-10-04 12:21:08.492
2115819.0,6130.69,463.48,-16.0,31.06,0.0,0.0,0.0,0.0,0.0,0.0,0.05,0.2,0.34,1.0,,,,,2025-10-04 12:21:11.819,2025-10-04 12:21:11.819
2119123.0,6157.23,461.79,-16.37,31.0,0.0,0.0,0.0,0.0,0.0,0.0,-0.04,0.25,0.36,1.0,,,,,2025-10-04 12:21:15.123,2025-10-04 12:21:15.123
2122520.0,6183.23,460.14,-16.37,30.87,0.0,0.0,0.0,0.0,0.0,0.0,0.17,0.14,0.24,1.0,,,,,2025-10-04 12:21:18.520,2025-10-04 12:21:18.520
2129153.0,6217.68,457.96,-16.75,30.75,0.0,0.0,0.0,0.0,0.0,0.0,-0.19,-0.09,0.36,1.0,,,,,2025-10-04 12:21:25.153,2025-10-04 12:21:25.153
2132505.0,6236.39,456.78,-17.12,30.62,0.0,0.0,0.0,0.0,0.0,0.0,-0.02,0.05,0.37,1.0,,,,,2025-10-04 12:21:28.505,2025-10-04 12:21:28.505
2135876.0,6264.84,454.99,-17.12,30.56,0.0,0.0,0.0,0.0,0.0,0.0,-0.07,-0.08,0.34,1.0,,,,,2025-10-04 12:21:31.876,2025-10-04 12:21:31.876
2139179.0,6317.7,451.68,-17.37,30.5,0.0,0.0,0.0,0.0,0.0,0.0,0.12,0.02,0.28,1.0,,,,,2025-10-04 12:21:35.179,2025-10-04 12:21:35.179
2142528.0,6332.93,450.73,-17.5,30.44,0.0,0.0,0.0,0.0,0.0,0.0,0.02,0.1,0.36,1.0,,,,,2025-10-04 12:21:38.528,2025-10-04 12:21:38.528
2145899.0,6341.59,450.19,-17.62,30.31,0.0,0.0,0.0,0.0,0.0,0.0,-0.33,0.32,0.35,1.0,,,,,2025-10-04 12:21:41.899,2025-10-04 12:21:41.899
2149205.0,6364.26,448.78,-18.0,30.25,0.0,0.0,0.0,0.0,0.0,0.0,-0.41,0.35,0.31,1.0,,,,,2025-10-04 12:21:45.205,2025-10-04 12:21:45.205
2152487.0,6383.76,447.57,-18.25,30.19,0.0,0.0,0.0,0.0,0.0,0.0,-0.41,0.07,0.34,1.0,,,,,2025-10-04 12:21:48.487,2025-10-04 12:21:48.487
2155817.0,6413.5,445.73,-18.25,30.12,0.0,0.0,0.0,0.0,0.0,0.0,-0.29,0.01,0.37,1.0,,,,,2025-10-04 12:21:51.817,2025-10-04 12:21:51.817
2159169.0,6437.65,444.24,-18.62,30.0,0.0,0.0,0.0,0.0,0.0,0.0,-0.37,0.05,0.34,1.0,,,,,2025-10-04 12:21:55.169,2025-10-04 12:21:55.169
2162453.0,6461.06,442.8,-18.62,29.94,0.0,0.0,0.0,0.0,0.0,0.0,-0.16,-0.05,0.36,1.0,,,,,2025-10-04 12:21:58.453,2025-10-04 12:21:58.453
2165784.0,6485.01,441.33,-18.75,29.87,0.0,0.0,0.0,0.0,0.0,0.0,-0.01,-0.12,0.29,1.0,,,,,2025-10-04 12:22:01.784,2025-10-04 12:22:01.784
2169136.0,6502.0,440.29,-19.0,29.81,0.0,0.0,0.0,0.0,0.0,0.0,-0.01,0.15,0.37,1.0,,,,,2025-10-04 12:22:05.136,2025-10-04 12:22:05.136
2172419.0,6546.09,437.6,-19.0,29.69,0.0,0.0,0.0,0.0,0.0,0.0,0.13,0.06,0.28,1.0,,,,,2025-10-04 12:22:08.419,2025-10-04 12:22:08.419
2175749.0,6564.02,436.51,-19.12,29.62,0.0,0.0,0.0,0.0,0.0,0.0,-0.08,0.15,0.38,1.0,,,,,2025-10-04 12:22:11.749,2025-10-04 12:22:11.749
2179058.0,6598.66,434.41,-19.0,29.56,0.0,0.0,0.0,0.0,0.0,0.0,0.13,0.03,0.27,1.0,,,,,2025-10-04 12:22:15.058,2025-10-04 12:22:15.058
2182388.0,6605.11,434.02,-19.25,29.5,0.0,0.0,0.0,0.0,0.0,0.0,-0.09,-0.09,0.33,1.0,,,,,2025-10-04 12:22:18.388,2025-10-04 12:22:18.388
2185721.0,6628.3,432.62,-19.62,29.37,0.0,0.0,0.0,0.0,0.0,0.0,-0.2,-0.02,0.38,1.0,,,,,2025-10-04 12:22:21.721,2025-10-04 12:22:21.721
2189031.0,6649.72,431.33,-19.87,29.31,0.0,0.0,0.0,0.0,0.0,0.0,-0.4,0.09,0.34,1.0,,,,,2025-10-04 12:22:25.031,2025-10-04 12:22:25.031
2192361.0,6674.02,429.87,-19.87,29.25,0.0,0.0,0.0,0.0,0.0,0.0,-0.39,0.2,0.36,1.0,,,,,2025-10-04 12:22:28.361,2025-10-04 12:22:28.361
2199003.0,6727.36,426.68,-20.12,29.06,0.0,0.0,0.0,0.0,0.0,0.0,-0.36,0.36,0.33,1.0,,,,,2025-10-04 12:22:35.003,2025-10-04 12:22:35.003
2202288.0,6748.85,425.4,-20.12,29.0,0.0,0.0,0.0,0.0,0.0,0.0,-0.31,0.41,0.32,1.0,,,,,2025-10-04 12:22:38.288,2025-10-04 12:22:38.288
2205666.0,6789.46,422.99,-20.5,28.94,0.0,0.0,0.0,0.0,0.0,0.0,0.04,0.28,0.33,1.0,,,,,2025-10-04 12:22:41.666,2025-10-04 12:22:41.666
2208976.0,6793.18,422.77,-20.5,28.81,0.0,0.0,0.0,0.0,0.0,0.0,-0.02,0.08,0.37,1.0,,,,,2025-10-04 12:22:44.976,2025-10-04 12:22:44.976
2212264.0,6818.39,421.28,-20.87,28.75,0.0,0.0,0.0,0.0,0.0,0.0,-0.5,0.09,0.27,1.0,,,,,2025-10-04 12:22:48.264,2025-10-04 12:22:48.264
2215643.0,6841.81,419.9,-20.87,,,,,,,,-0.32,0.2,0.38,1.0,,,,,2025-10-04 12:22:51.643,2025-10-04 12:22:51.643
2222246.0,6885.58,417.33,-21.12,28.5,0.0,0.0,0.0,0.0,0.0,0.0,-0.2,0.35,0.43,1.0,,,,,2025-10-04 12:22:58.246,2025-10-04 12:22:58.246
2225720.0,6924.94,415.03,-21.25,28.44,0.0,0.0,0.0,0.0,0.0,0.0,-0.04,0.41,0.37,1.0,,,,,2025-10-04 12:23:01.720,2025-10-04 12:23:01.720
2229035.0,6938.84,414.22,-21.5,28.37,0.0,0.0,0.0,0.0,0.0,0.0,-0.1,-0.02,0.4,1.0,,,,,2025-10-04 12:23:05.035,2025-10-04 12:23:05.035
2232325.0,6957.41,413.14,-21.87,28.31,0.0,0.0,0.0,0.0,0.0,0.0,-0.48,0.18,0.36,1.0,,,,,2025-10-04 12:23:08.325,2025-10-04 12:23:08.325
2235662.0,6999.17,410.72,-21.87,28.19,0.0,0.0,0.0,0.0,0.0,0.0,-0.01,0.42,0.35,1.0,,,,,2025-10-04 12:23:11.662,2025-10-04 12:23:11.662
2239022.0,7005.23,410.37,-21.87,28.12,0.0,0.0,0.0,0.0,0.0,0.0,-0.07,0.1,0.43,1.0,,,,,2025-10-04 12:23:15.022,2025-10-04 12:23:15.022
2242313.0,7035.05,408.65,-21.87,28.0,0.0,0.0,0.0,0.0,0.0,0.0,0.03,0.07,0.38,1.0,,,,,2025-10-04 12:23:18.313,2025-10-04 12:23:18.313
2245651.0,7049.65,407.81,-22.12,27.94,0.0,0.0,0.0,0.0,0.0,0.0,-0.13,-0.02,0.4,1.0,,,,,2025-10-04 12:23:21.651,2025-10-04 12:23:21.651
2249013.0,7067.76,406.77,-22.37,27.87,0.0,0.0,0.0,0.0,0.0,0.0,-0.03,0.02,0.39,1.0,,,,,2025-10-04 12:23:25.013,2025-10-04 12:23:25.013
2252305.0,7093.07,405.32,-22.25,27.81,0.0,0.0,0.0,0.0,0.0,0.0,-0.22,-0.11,0.35,1.0,,,,,2025-10-04 12:23:28.305,2025-10-04 12:23:28.305
2255644.0,7121.44,403.7,-22.62,27.69,0.0,0.0,0.0,0.0,0.0,0.0,-0.22,0.03,0.43,1.0,,,,,2025-10-04 12:23:31.644,2025-10-04 12:23:31.644
2258959.0,7139.35,402.68,-22.87,27.62,0.0,0.0,0.0,0.0,0.0,0.0,-0.42,0.09,0.39,1.0,,,,,2025-10-04 12:23:34.959,2025-10-04 12:23:34.959
2262295.0,7161.0,401.45,-23.12,27.56,0.0,0.0,0.0,0.0,0.0,0.0,-0.4,0.25,0.41,1.0,,,,,2025-10-04 12:23:38.295,2025-10-04 12:23:38.295
2265634.0,7185.52,400.06,-23.0,27.5,0.0,0.0,0.0,0.0,0.0,0.0,-0.36,0.31,0.42,1.0,,,,,2025-10-04 12:23:41.634,2025-10-04 12:23:41.634
2268950.0,7213.84,398.46,-23.12,27.37,0.0,0.0,0.0,0.0,0.0,0.0,-0.47,0.33,0.35,1.0,,,,,2025-10-04 12:23:44.950,2025-10-04 12:23:44.950
2272288.0,7236.73,397.17,-23.37,27.31,0.0,0.0,0.0,0.0,0.0,0.0,-0.41,0.27,0.41,1.0,,,,,2025-10-04 12:23:48.288,2025-10-04 12:23:48.288
2275629.0,7260.76,395.82,-23.37,27.25,0.0,0.0,0.0,0.0,0.0,0.0,-0.41,0.43,0.34,1.0,,,,,2025-10-04 12:23:51.629,2025-10-04 12:23:51.629
2278946.0,7282.35,394.61,-23.62,27.12,0.0,0.0,0.0,0.0,0.0,0.0,-0.37,0.29,0.4,1.0,,,,,2025-10-04 12:23:54.946,2025-10-04 12:23:54.946
2282241.0,7313.14,392.89,-23.62,27.06,0.0,0.0,0.0,0.0,0.0,0.0,-0.32,0.42,0.38,1.0,,,,,2025-10-04 12:23:58.241,2025-10-04 12:23:58.241
2285627.0,7336.83,391.57,-23.75,27.0,0.0,0.0,0.0,0.0,0.0,0.0,-0.45,0.24,0.38,1.0,,,,,2025-10-04 12:24:01.627,2025-10-04 12:24:01.627
2288946.0,7359.34,390.32,-24.12,26.87,0.0,0.0,0.0,0.0,0.0,0.0,-0.38,0.26,0.42,1.0,,,,,2025-10-04 12:24:04.946,2025-10-04 12:24:04.946
2292242.0,7381.17,389.11,-24.12,26.81,0.0,0.0,0.0,0.0,0.0,0.0,-0.46,0.09,0.35,1.0,,,,,2025-10-04 12:24:08.242,2025-10-04 12:24:08.242
2295631.0,7408.14,387.62,-24.37,26.75,0.0,0.0,0.0,0.0,0.0,0.0,-0.31,0.03,0.4,1.0,,,,,2025-10-04 12:24:11.631,2025-10-04 12:24:11.631
2298951.0,7432.46,386.28,-24.62,26.62,0.0,0.0,0.0,0.0,0.0,0.0,-0.22,-0.03,0.41,1.0,,,,,2025-10-04 12:24:14.951,2025-10-04 12:24:14.951
2302248.0,7457.22,384.92,-24.62,26.56,0.0,0.0,0.0,0.0,0.0,0.0,-0.19,0.02,0.43,1.0,,,,,2025-10-04 12:24:18.248,2025-10-04 12:24:18.248
2305636.0,7503.47,382.39,-24.62,26.44,0.0,0.0,0.0,0.0,0.0,0.0,0.12,0.17,0.35,1.0,,,,,2025-10-04 12:24:21.636,2025-10-04 12:24:21.636
2308956.0,7514.65,381.78,-24.87,26.37,0.0,0.0,0.0,0.0,0.0,0.0,-0.02,0.33,0.4,1.0,,,,,2025-10-04 12:24:24.956,2025-10-04 12:24:24.956
2312254.0,7544.25,380.17,-24.87,26.31,0.0,0.0,0.0,0.0,0.0,0.0,-0.11,0.45,0.37,1.0,,,,,2025-10-04 12:24:28.254,2025-10-04 12:24:28.254
2315599.0,7570.8,378.73,-24.87,26.25,0.0,0.0,0.0,0.0,0.0,0.0,-0.02,0.2,0.42,1.0,,,,,2025-10-04 12:24:31.599,2025-10-04 12:24:31.599
2318967.0,7616.55,376.26,-24.87,26.12,0.0,0.0,0.0,0.0,0.0,0.0,0.04,0.0,0.36,1.0,,,,,2025-10-04 12:24:34.967,2025-10-04 12:24:34.967
2322266.0,7608.57,376.69,-25.0,26.06,0.0,0.0,0.0,0.0,0.0,0.0,-0.27,-0.05,0.37,1.0,,,,,2025-10-04 12:24:38.266,2025-10-04 12:24:38.266
2325613.0,7637.18,375.15,-25.25,25.94,0.0,0.0,0.0,0.0,0.0,0.0,-0.36,0.17,0.43,1.0,,,,,2025-10-04 12:24:41.613,2025-10-04 12:24:41.613
2328982.0,7667.2,373.54,-25.5,25.87,0.0,0.0,0.0,0.0,0.0,0.0,-0.3,0.33,0.41,1.0,,,,,2025-10-04 12:24:44.982,2025-10-04 12:24:44.982
2332282.0,7692.45,372.19,-25.5,25.81,0.0,0.0,0.0,0.0,0.0,0.0,-0.14,0.55,0.28,1.0,,,,,2025-10-04 12:24:48.282,2025-10-04 12:24:48.282
2335630.0,7719.66,370.74,-25.62,25.69,0.0,0.0,0.0,0.0,0.0,0.0,-0.22,0.41,0.39,1.0,,,,,2025-10-04 12:24:51.630,2025-10-04 12:24:51.630
2338955.0,7746.76,369.3,-25.62,25.62,0.0,0.0,0.0,0.0,0.0,0.0,-0.15,0.53,0.31,1.0,,,,,2025-10-04 12:24:54.955,2025-10-04 12:24:54.955
2342302.0,7766.2,368.27,-26.12,25.56,0.0,0.0,0.0,0.0,0.0,0.0,-0.11,0.26,0.43,1.0,,,,,2025-10-04 12:24:58.302,2025-10-04 12:24:58.302
2345650.0,7788.33,367.1,-26.25,25.44,0.0,0.0,0.0,0.0,0.0,0.0,-0.14,-0.08,0.39,1.0,,,,,2025-10-04 12:25:01.650,2025-10-04 12:25:01.650
2352319.0,7838.49,364.46,-26.5,25.25,0.0,0.0,0.0,0.0,0.0,0.0,-0.33,0.42,0.38,1.0,,,,,2025-10-04 12:25:08.319,2025-10-04 12:25:08.319
2355665.0,7878.21,362.38,-26.62,25.19,0.0,0.0,0.0,0.0,0.0,0.0,0.01,0.36,0.38,1.0,,,,,2025-10-04 12:25:11.665,2025-10-04 12:25:11.665
2358989.0,7888.17,361.86,-26.75,25.12,0.0,0.0,0.0,0.0,0.0,0.0,-0.1,0.08,0.43,1.0,,,,,2025-10-04 12:25:14.989,2025-10-04 12:25:14.989
2362290.0,7914.47,360.49,-27.12,25.0,0.0,0.0,0.0,0.0,0.0,0.0,-0.34,-0.07,0.35,1.0,,,,,2025-10-04 12:25:18.290,2025-10-04 12:25:18.290
2365684.0,7948.95,358.7,-27.12,24.94,0.0,0.0,0.0,0.0,0.0,0.0,-0.03,0.48,0.33,1.0,,,,,2025-10-04 12:25:21.684,2025-10-04 12:25:21.684
2372309.0,7987.64,356.7,-27.37,24.75,0.0,0.0,0.0,0.0,0.0,0.0,-0.38,-0.03,0.37,1.0,,,,,2025-10-04 12:25:28.309,2025-10-04 12:25:28.309
2382328.0,8073.97,352.27,-27.87,24.5,0.0,0.0,0.0,0.0,0.0,0.0,-0.03,0.34,0.41,1.0,,,,,2025-10-04 12:25:38.328,2025-10-04 12:25:38.328
2385723.0,8092.0,351.35,-28.0,24.44,0.0,0.0,0.0,0.0,0.0,0.0,-0.02,0.19,0.44,1.0,,,,,2025-10-04 12:25:41.723,2025-10-04 12:25:41.723
2389049.0,8124.85,349.68,-28.25,24.31,0.0,0.0,0.0,0.0,0.0,0.0,-0.28,-0.13,0.35,1.0,,,,,2025-10-04 12:25:45.049,2025-10-04 12:25:45.049
2395699.0,8171.08,347.34,-28.62,24.12,0.0,0.0,0.0,0.0,0.0,0.0,-0.33,0.39,0.4,1.0,,,,,2025-10-04 12:25:51.699,2025-10-04 12:25:51.699
2399071.0,8205.02,345.63,-28.87,24.06,0.0,0.0,0.0,0.0,0.0,0.0,-0.1,0.45,0.37,1.0,,,,,2025-10-04 12:25:55.071,2025-10-04 12:25:55.071
2402373.0,8237.9,343.98,-28.75,23.94,0.0,0.0,0.0,0.0,0.0,0.0,-0.03,0.27,0.43,1.0,,,,,2025-10-04 12:25:58.373,2025-10-04 12:25:58.373
2405723.0,8262.5,342.75,-29.12,23.87,0.0,0.0,0.0,0.0,0.0,0.0,0.02,0.34,0.39,1.0,,,,,2025-10-04 12:26:01.723,2025-10-04 12:26:01.723
2409096.0,8285.36,341.61,-29.25,23.81,0.0,0.0,0.0,0.0,0.0,0.0,0.08,0.36,0.35,1.0,,,,,2025-10-04 12:26:05.096,2025-10-04 12:26:05.096
2412400.0,8309.29,340.42,-29.25,23.69,0.0,0.0,0.0,0.0,0.0,0.0,0.08,0.32,0.36,1.0,,,,,2025-10-04 12:26:08.400,2025-10-04 12:26:08.400
2415682.0,8315.53,340.11,-29.25,23.62,0.0,0.0,0.0,0.0,0.0,0.0,-0.2,0.36,0.43,1.0,,,,,2025-10-04 12:26:11.682,2025-10-04 12:26:11.682
2419013.0,8341.16,338.84,-29.25,23.56,0.0,0.0,0.0,0.0,0.0,0.0,-0.42,0.27,0.41,1.0,,,,,2025-10-04 12:26:15.013,2025-10-04 12:26:15.013
2422367.0,8360.59,337.88,-29.5,23.44,0.0,0.0,0.0,0.0,0.0,0.0,-0.19,0.0,0.43,1.0,,,,,2025-10-04 12:26:18.367,2025-10-04 12:26:18.367
2425652.0,8386.96,336.58,-29.87,23.37,0.0,0.0,0.0,0.0,0.0,0.0,-0.15,-0.1,0.38,1.0,,,,,2025-10-04 12:26:21.652,2025-10-04 12:26:21.652
2428984.0,8417.91,335.06,-29.87,23.31,0.0,0.0,0.0,0.0,0.0,0.0,0.03,0.01,0.39,1.0,,,,,2025-10-04 12:26:24.984,2025-10-04 12:26:24.984
2432337.0,8460.65,332.97,-29.87,23.19,0.0,0.0,0.0,0.0,0.0,0.0,0.09,0.14,0.38,1.0,,,,,2025-10-04 12:26:28.337,2025-10-04 12:26:28.337
2435622.0,8472.96,332.37,-30.12,23.12,0.0,0.0,0.0,0.0,0.0,0.0,-0.1,0.44,0.37,1.0,,,,,2025-10-04 12:26:31.622,2025-10-04 12:26:31.622
2442268.0,8509.99,330.57,-30.5,22.94,0.0,0.0,0.0,0.0,0.0,0.0,-0.5,0.26,0.33,1.0,,,,,2025-10-04 12:26:38.268,2025-10-04 12:26:38.268
2445603.0,8537.05,329.26,-30.62,22.87,0.0,0.0,0.0,0.0,0.0,0.0,-0.21,0.11,0.46,1.0,,,,,2025-10-04 12:26:41.603,2025-10-04 12:26:41.603
2448939.0,8566.89,327.82,-30.75,22.75,0.0,0.0,0.0,0.0,0.0,0.0,-0.32,-0.08,0.37,1.0,,,,,2025-10-04 12:26:44.939,2025-10-04 12:26:44.939
2452252.0,8592.88,326.57,-30.75,22.69,0.0,0.0,0.0,0.0,0.0,0.0,-0.08,0.06,0.44,1.0,,,,,2025-10-04 12:26:48.252,2025-10-04 12:26:48.252
2455587.0,8616.24,325.45,-31.12,22.62,0.0,0.0,0.0,0.0,0.0,0.0,-0.03,-0.08,0.36,1.0,,,,,2025-10-04 12:26:51.587,2025-10-04 12:26:51.587
2458922.0,8640.08,324.31,-31.37,22.56,0.0,0.0,0.0,0.0,0.0,0.0,-0.22,-0.04,0.42,1.0,,,,,2025-10-04 12:26:54.922,2025-10-04 12:26:54.922
2462234.0,8675.33,322.63,-31.5,22.44,0.0,0.0,0.0,0.0,0.0,0.0,-0.3,0.01,0.41,1.0,,,,,2025-10-04 12:26:58.234,2025-10-04 12:26:58.234
2465521.0,8700.4,321.44,-32.0,22.37,0.0,0.0,0.0,0.0,0.0,0.0,-0.41,0.32,0.39,1.0,,,,,2025-10-04 12:27:01.521,2025-10-04 12:27:01.521
2468902.0,8730.19,320.03,-32.0,22.31,0.0,0.0,0.0,0.0,0.0,0.0,-0.24,0.35,0.44,1.0,,,,,2025-10-04 12:27:04.902,2025-10-04 12:27:04.902
2472214.0,8778.17,317.77,-32.25,22.19,0.0,0.0,0.0,0.0,0.0,0.0,0.11,0.4,0.31,1.0,,,,,2025-10-04 12:27:08.214,2025-10-04 12:27:08.214
2475502.0,8808.89,316.33,-32.38,22.12,0.0,0.0,0.0,0.0,0.0,0.0,0.0,0.08,0.42,1.0,,,,,2025-10-04 12:27:11.502,2025-10-04 12:27:11.502
2478886.0,8829.64,315.36,-32.38,22.0,0.0,0.0,0.0,0.0,0.0,0.0,0.12,0.28,0.35,1.0,,,,,2025-10-04 12:27:14.886,2025-10-04 12:27:14.886
2482201.0,8848.51,314.48,-32.63,21.94,0.0,0.0,0.0,0.0,0.0,0.0,-0.02,0.28,0.42,1.0,,,,,2025-10-04 12:27:18.201,2025-10-04 12:27:18.201
2485494.0,8869.15,313.52,-32.75,21.87,0.0,0.0,0.0,0.0,0.0,0.0,-0.12,0.46,0.37,1.0,,,,,2025-10-04 12:27:21.494,2025-10-04 12:27:21.494
2488881.0,8911.44,311.56,-33.13,21.81,0.0,0.0,0.0,0.0,0.0,0.0,0.06,0.06,0.39,1.0,,,,,2025-10-04 12:27:24.881,2025-10-04 12:27:24.881
2492199.0,8906.25,311.8,-33.25,21.69,0.0,0.0,0.0,0.0,0.0,0.0,-0.08,-0.03,0.41,1.0,,,,,2025-10-04 12:27:28.199,2025-10-04 12:27:28.199
2495495.0,8936.79,310.39,-33.13,21.62,0.0,0.0,0.0,0.0,0.0,0.0,-0.49,0.06,0.33,1.0,,,,,2025-10-04 12:27:31.495,2025-10-04 12:27:31.495
2498837.0,8970.28,308.85,-33.25,21.56,0.0,0.0,0.0,0.0,0.0,0.0,-0.28,0.23,0.45,1.0,,,,,2025-10-04 12:27:34.837,2025-10-04 12:27:34.837
2502203.0,9013.97,306.85,-33.63,21.44,0.0,0.0,0.0,0.0,0.0,0.0,-0.08,0.47,0.36,1.0,,,,,2025-10-04 12:27:38.203,2025-10-04 12:27:38.203
2505498.0,9047.55,305.32,-33.88,21.37,0.0,0.0,0.0,0.0,0.0,0.0,0.15,0.25,0.34,1.0,,,,,2025-10-04 12:27:41.498,2025-10-04 12:27:41.498
2508838.0,9060.53,304.73,-34.13,21.31,0.0,0.0,0.0,0.0,0.0,0.0,0.02,0.11,0.43,1.0,,,,,2025-10-04 12:27:44.838,2025-10-04 12:27:44.838
2512203.0,9081.48,303.78,-34.38,21.19,0.0,0.0,0.0,0.0,0.0,0.0,-0.2,-0.03,0.42,1.0,,,,,2025-10-04 12:27:48.203,2025-10-04 12:27:48.203
2515499.0,9111.12,302.44,-34.38,21.12,0.0,0.0,0.0,0.0,0.0,0.0,-0.33,0.03,0.41,1.0,,,,,2025-10-04 12:27:51.499,2025-10-04 12:27:51.499
2518841.0,9141.98,301.05,-34.88,,,,,,,,-0.38,-0.0,0.38,1.0,,,,,2025-10-04 12:27:54.841,2025-10-04 12:27:54.841
2522160.0,9168.94,299.84,-34.88,20.94,0.0,0.0,0.0,0.0,0.0,0.0,-0.31,0.5,0.35,1.0,,,,,2025-10-04 12:27:58.160,2025-10-04 12:27:58.160
2525502.0,9200.69,298.42,-35.25,20.87,0.0,0.0,0.0,0.0,0.0,0.0,-0.04,0.26,0.43,1.0,,,,,2025-10-04 12:28:01.502,2025-10-04 12:28:01.502
2528844.0,9207.64,298.11,-35.38,20.75,0.0,0.0,0.0,0.0,0.0,0.0,-0.03,0.01,0.4,1.0,,,,,2025-10-04 12:28:04.844,2025-10-04 12:28:04.844
2532164.0,9237.96,296.76,-35.38,20.69,0.0,0.0,0.0,0.0,0.0,0.0,-0.23,-0.04,0.39,1.0,,,,,2025-10-04 12:28:08.164,2025-10-04 12:28:08.164
2535507.0,9262.75,295.66,-35.63,20.62,0.0,0.0,0.0,0.0,0.0,0.0,-0.36,-0.05,0.34,1.0,,,,,2025-10-04 12:28:11.507,2025-10-04 12:28:11.507
2538849.0,9292.37,294.35,-35.63,20.5,0.0,0.0,0.0,0.0,0.0,0.0,-0.4,0.23,0.4,1.0,,,,,2025-10-04 12:28:14.849,2025-10-04 12:28:14.849
2542168.0,9334.61,292.49,-35.63,20.44,0.0,0.0,0.0,0.0,0.0,0.0,0.02,0.34,0.39,1.0,,,,,2025-10-04 12:28:18.168,2025-10-04 12:28:18.168
2545463.0,9349.66,291.83,-35.75,20.37,0.0,0.0,0.0,0.0,0.0,0.0,-0.03,0.12,0.43,1.0,,,,,2025-10-04 12:28:21.463,2025-10-04 12:28:21.463
2548854.0,9378.45,290.57,-36.13,,,,,,,,-0.49,0.07,0.32,1.0,,,,,2025-10-04 12:28:24.854,2025-10-04 12:28:24.854
2552175.0,9404.35,289.44,-36.38,20.19,0.0,0.0,0.0,0.0,0.0,0.0,-0.27,0.39,0.41,1.0,,,,,2025-10-04 12:28:28.175,2025-10-04 12:28:28.175
2555473.0,9436.79,288.03,-36.38,20.12,0.0,0.0,0.0,0.0,0.0,0.0,0.11,0.35,0.32,1.0,,,,,2025-10-04 12:28:31.473,2025-10-04 12:28:31.473
2558865.0,9458.73,287.08,-36.63,20.0,0.0,0.0,0.0,0.0,0.0,0.0,-0.12,0.04,0.43,1.0,,,,,2025-10-04 12:28:34.865,2025-10-04 12:28:34.865
2562188.0,9483.96,285.99,-36.75,19.94,0.0,0.0,0.0,0.0,0.0,0.0,-0.18,0.02,0.43,1.0,,,,,2025-10-04 12:28:38.188,2025-10-04 12:28:38.188
2565487.0,9513.23,284.73,-37.0,19.87,0.0,0.0,0.0,0.0,0.0,0.0,-0.46,0.01,0.32,1.0,,,,,2025-10-04 12:28:41.487,2025-10-04 12:28:41.487
2568882.0,9543.54,283.43,-37.38,19.75,0.0,0.0,0.0,0.0,0.0,0.0,-0.35,0.25,0.42,1.0,,,,,2025-10-04 12:28:44.882,2025-10-04 12:28:44.882
2572207.0,9591.32,281.39,-37.25,19.69,0.0,0.0,0.0,0.0,0.0,0.0,0.05,0.29,0.39,1.0,,,,,2025-10-04 12:28:48.207,2025-10-04 12:28:48.207
2575508.0,9590.62,281.42,-37.38,19.62,0.0,0.0,0.0,0.0,0.0,0.0,-0.36,0.1,0.42,1.0,,,,,2025-10-04 12:28:51.508,2025-10-04 12:28:51.508
2578858.0,9615.32,280.37,-37.63,19.5,0.0,0.0,0.0,0.0,0.0,0.0,-0.48,0.16,0.35,1.0,,,,,2025-10-04 12:28:54.858,2025-10-04 12:28:54.858
2582232.0,9657.13,278.6,-37.75,19.44,0.0,0.0,0.0,0.0,0.0,0.0,-0.28,0.47,0.37,1.0,,,,,2025-10-04 12:28:58.232,2025-10-04 12:28:58.232
2585535.0,9673.49,277.91,-37.75,19.31,0.0,0.0,0.0,0.0,0.0,0.0,-0.21,0.4,0.4,1.0,,,,,2025-10-04 12:29:01.535,2025-10-04 12:29:01.535
2588816.0,9724.67,275.76,-38.0,19.25,0.0,0.0,0.0,0.0,0.0,0.0,0.14,0.05,0.32,1.0,,,,,2025-10-04 12:29:04.816,2025-10-04 12:29:04.816
2592289.0,9727.06,275.66,-38.25,19.19,0.0,0.0,0.0,0.0,0.0,0.0,-0.25,0.03,0.44,1.0,,,,,2025-10-04 12:29:08.289,2025-10-04 12:29:08.289
2598877.0,9782.43,273.35,-38.5,19.0,0.0,0.0,0.0,0.0,0.0,0.0,-0.42,0.38,0.37,1.0,,,,,2025-10-04 12:29:14.877,2025-10-04 12:29:14.877
2602206.0,9814.24,272.03,-38.5,18.87,0.0,0.0,0.0,0.0,0.0,0.0,-0.38,0.38,0.39,1.0,,,,,2025-10-04 12:29:18.206,2025-10-04 12:29:18.206
2605561.0,9834.06,271.21,-38.63,18.81,0.0,0.0,0.0,0.0,0.0,0.0,-0.17,0.51,0.34,1.0,,,,,2025-10-04 12:29:21.561,2025-10-04 12:29:21.561
2608845.0,9849.57,270.57,-38.63,18.75,0.0,0.0,0.0,0.0,0.0,0.0,-0.14,0.45,0.38,1.0,,,,,2025-10-04 12:29:24.845,2025-10-04 12:29:24.845
2612175.0,9894.8,268.71,-38.63,18.62,0.0,0.0,0.0,0.0,0.0,0.0,0.06,0.35,0.37,1.0,,,,,2025-10-04 12:29:28.175,2025-10-04 12:29:28.175
2615531.0,9924.85,267.48,-38.63,18.56,0.0,0.0,0.0,0.0,0.0,0.0,-0.03,0.31,0.41,1.0,,,,,2025-10-04 12:29:31.531,2025-10-04 12:29:31.531
2618817.0,9932.45,267.17,-38.75,18.44,0.0,0.0,0.0,0.0,0.0,0.0,-0.18,0.39,0.43,1.0,,,,,2025-10-04 12:29:34.817,2025-10-04 12:29:34.817
2622150.0,9951.83,266.38,-39.0,18.37,0.0,0.0,0.0,0.0,0.0,0.0,-0.42,0.3,0.4,1.0,,,,,2025-10-04 12:29:38.150,2025-10-04 12:29:38.150
2625460.0,9972.97,265.52,-39.13,18.31,0.0,0.0,0.0,0.0,0.0,0.0,-0.37,0.07,0.4,1.0,,,,,2025-10-04 12:29:41.460,2025-10-04 12:29:41.460
2628795.0,9999.12,264.46,-39.0,18.19,0.0,0.0,0.0,0.0,0.0,0.0,0.01,-0.04,0.38,1.0,,,,,2025-10-04 12:29:44.795,2025-10-04 12:29:44.795
2632129.0,10037.75,262.9,-39.13,18.12,0.0,0.0,0.0,0.0,0.0,0.0,0.03,0.38,0.38,1.0,,,,,2025-10-04 12:29:48.129,2025-10-04 12:29:48.129
2635440.0,10051.41,262.35,-39.25,18.06,0.0,0.0,0.0,0.0,0.0,0.0,-0.16,0.44,0.38,1.0,,,,,2025-10-04 12:29:51.440,2025-10-04 12:29:51.440
2642110.0,10087.05,260.92,-39.38,17.87,0.0,0.0,0.0,0.0,0.0,0.0,-0.42,0.26,0.4,1.0,,,,,2025-10-04 12:29:58.110,2025-10-04 12:29:58.110
2645420.0,10110.81,259.97,-39.25,17.75,0.0,0.0,0.0,0.0,0.0,0.0,-0.25,-0.07,0.4,1.0,,,,,2025-10-04 12:30:01.420,2025-10-04 12:30:01.420
2648706.0,10158.54,258.07,-39.38,17.69,0.0,0.0,0.0,0.0,0.0,0.0,0.05,0.22,0.42,1.0,,,,,2025-10-04 12:30:04.706,2025-10-04 12:30:04.706
2652085.0,10164.34,257.84,-39.38,17.62,0.0,0.0,0.0,0.0,0.0,0.0,-0.25,0.49,0.36,1.0,,,,,2025-10-04 12:30:08.085,2025-10-04 12:30:08.085
2658677.0,10213.66,255.89,-39.38,17.44,0.0,0.0,0.0,0.0,0.0,0.0,-0.5,0.24,0.35,1.0,,,,,2025-10-04 12:30:14.677,2025-10-04 12:30:14.677
2662055.0,10232.97,255.13,-39.63,17.37,0.0,0.0,0.0,0.0,0.0,0.0,-0.32,0.13,0.44,1.0,,,,,2025-10-04 12:30:18.055,2025-10-04 12:30:18.055
2665361.0,10252.83,254.35,-39.75,17.25,0.0,0.0,0.0,0.0,0.0,0.0,-0.3,0.08,0.43,1.0,,,,,2025-10-04 12:30:21.361,2025-10-04 12:30:21.361
2668643.0,10284.76,253.1,-39.88,17.19,0.0,0.0,0.0,0.0,0.0,0.0,-0.02,-0.03,0.4,1.0,,,,,2025-10-04 12:30:24.643,2025-10-04 12:30:24.643
2672018.0,10314.26,251.95,-39.88,17.06,0.0,0.0,0.0,0.0,0.0,0.0,-0.13,0.01,0.42,1.0,,,,,2025-10-04 12:30:28.018,2025-10-04 12:30:28.018
2675320.0,10343.6,250.81,-39.88,17.0,0.0,0.0,0.0,0.0,0.0,0.0,-0.04,-0.11,0.35,1.0,,,,,2025-10-04 12:30:31.320,2025-10-04 12:30:31.320
2678668.0,10375.38,249.58,-40.0,16.94,0.0,0.0,0.0,0.0,0.0,0.0,-0.02,0.13,0.44,1.0,,,,,2025-10-04 12:30:34.668,2025-10-04 12:30:34.668
2681992.0,10438.54,247.15,-40.25,16.81,0.0,0.0,0.0,0.0,0.0,0.0,0.09,0.11,0.38,1.0,,,,,2025-10-04 12:30:37.992,2025-10-04 12:30:37.992
2685339.0,10440.89,247.06,-40.38,16.75,0.0,0.0,0.0,0.0,0.0,0.0,-0.12,0.34,0.43,1.0,,,,,2025-10-04 12:30:41.339,2025-10-04 12:30:41.339
2688685.0,10477.78,245.65,-40.5,16.69,0.0,0.0,0.0,0.0,0.0,0.0,0.06,0.36,0.37,1.0,,,,,2025-10-04 12:30:44.685,2025-10-04 12:30:44.685
2692008.0,10491.43,245.13,-40.38,16.56,0.0,0.0,0.0,0.0,0.0,0.0,-0.12,0.54,0.32,1.0,,,,,2025-10-04 12:30:48.008,2025-10-04 12:30:48.008
2695355.0,10509.05,244.46,-40.38,16.5,0.0,0.0,0.0,0.0,0.0,0.0,-0.07,0.39,0.41,1.0,,,,,2025-10-04 12:30:51.355,2025-10-04 12:30:51.355
2698700.0,10540.71,243.26,-40.38,16.37,0.0,0.0,0.0,0.0,0.0,0.0,-0.08,0.46,0.37,1.0,,,,,2025-10-04 12:30:54.700,2025-10-04 12:30:54.700
2702022.0,10560.29,242.52,-40.25,,,,,,,,-0.24,0.35,0.44,1.0,,,,,2025-10-04 12:30:58.022,2025-10-04 12:30:58.022
2705319.0,10576.74,241.9,-40.25,16.19,0.0,0.0,0.0,0.0,0.0,0.0,-0.48,0.21,0.36,1.0,,,,,2025-10-04 12:31:01.319,2025-10-04 12:31:01.319
2708710.0,10611.6,240.59,-40.25,16.12,0.0,0.0,0.0,0.0,0.0,0.0,-0.05,0.05,0.43,1.0,,,,,2025-10-04 12:31:04.710,2025-10-04 12:31:04.710
2712030.0,10669.42,238.43,-40.5,16.06,0.0,0.0,0.0,0.0,0.0,0.0,0.03,0.36,0.39,1.0,,,,,2025-10-04 12:31:08.030,2025-10-04 12:31:08.030
2715324.0,10677.75,238.12,-40.75,15.94,0.0,0.0,0.0,0.0,0.0,0.0,-0.19,0.48,0.39,1.0,,,,,2025-10-04 12:31:11.324,2025-10-04 12:31:11.324
2718714.0,10716.3,236.69,-40.63,15.88,0.0,0.0,0.0,0.0,0.0,0.0,-0.35,0.48,0.34,1.0,,,,,2025-10-04 12:31:14.714,2025-10-04 12:31:14.714
2722032.0,10732.26,236.1,-40.75,15.81,0.0,0.0,0.0,0.0,0.0,0.0,-0.43,0.28,0.39,1.0,,,,,2025-10-04 12:31:18.032,2025-10-04 12:31:18.032
2728711.0,10783.61,234.21,-41.0,15.63,0.0,0.0,0.0,0.0,0.0,0.0,-0.16,0.01,0.42,1.0,,,,,2025-10-04 12:31:24.711,2025-10-04 12:31:24.711
2732025.0,10858.93,231.46,-41.13,15.56,0.0,0.0,0.0,0.0,0.0,0.0,0.07,0.06,0.38,1.0,,,,,2025-10-04 12:31:28.025,2025-10-04 12:31:28.025
2735315.0,10846.83,231.9,-41.25,15.44,0.0,0.0,0.0,0.0,0.0,0.0,0.07,0.32,0.38,1.0,,,,,2025-10-04 12:31:31.315,2025-10-04 12:31:31.315
2738651.0,10886.22,230.47,-41.13,15.38,0.0,0.0,0.0,0.0,0.0,0.0,-0.01,0.41,0.39,1.0,,,,,2025-10-04 12:31:34.651,2025-10-04 12:31:34.651
2742012.0,10901.7,229.91,-41.13,15.31,0.0,0.0,0.0,0.0,0.0,0.0,-0.1,0.42,0.4,1.0,,,,,2025-10-04 12:31:38.012,2025-10-04 12:31:38.012
2745300.0,10935.8,228.68,-41.13,15.19,0.0,0.0,0.0,0.0,0.0,0.0,-0.25,0.37,0.44,1.0,,,,,2025-10-04 12:31:41.300,2025-10-04 12:31:41.300
2748635.0,10962.25,227.73,-41.25,15.13,0.0,0.0,0.0,0.0,0.0,0.0,-0.45,0.23,0.38,1.0,,,,,2025-10-04 12:31:44.635,2025-10-04 12:31:44.635
2751994.0,10982.35,227.01,-41.5,15.06,0.0,0.0,0.0,0.0,0.0,0.0,-0.39,0.03,0.38,1.0,,,,,2025-10-04 12:31:47.994,2025-10-04 12:31:47.994
2755280.0,11004.19,226.23,-41.5,14.94,0.0,0.0,0.0,0.0,0.0,0.0,-0.29,-0.01,0.4,1.0,,,,,2025-10-04 12:31:51.280,2025-10-04 12:31:51.280
2758612.0,11040.43,224.94,-41.75,14.88,0.0,0.0,0.0,0.0,0.0,0.0,-0.09,0.02,0.42,1.0,,,,,2025-10-04 12:31:54.612,2025-10-04 12:31:54.612
2761919.0,11068.08,223.96,-41.63,14.81,0.0,0.0,0.0,0.0,0.0,0.0,-0.06,0.17,0.44,1.0,,,,,2025-10-04 12:31:57.919,2025-10-04 12:31:57.919
2765249.0,11120.26,222.12,-41.88,14.69,0.0,0.0,0.0,0.0,0.0,0.0,0.12,0.34,0.34,1.0,,,,,2025-10-04 12:32:01.249,2025-10-04 12:32:01.249
2768578.0,11137.35,221.52,-41.63,14.63,0.0,0.0,0.0,0.0,0.0,0.0,0.02,0.46,0.35,1.0,,,,,2025-10-04 12:32:04.578,2025-10-04 12:32:04.578
2771884.0,11180.81,220.0,-41.75,14.56,0.0,0.0,0.0,0.0,0.0,0.0,0.07,0.24,0.41,1.0,,,,,2025-10-04 12:32:07.884,2025-10-04 12:32:07.884
2775214.0,11208.1,219.05,-41.63,,,,,,,,0.04,0.41,0.36,1.0,,,,,2025-10-04 12:32:11.214,2025-10-04 12:32:11.214
2785133.0,11257.46,217.34,-41.63,14.25,0.0,0.0,0.0,0.0,0.0,0.0,-0.43,0.19,0.4,1.0,,,,,2025-10-04 12:32:21.133,2025-10-04 12:32:21.133
2788510.0,11299.56,215.89,-41.63,14.13,0.0,0.0,0.0,0.0,0.0,0.0,-0.15,-0.04,0.4,1.0,,,,,2025-10-04 12:32:24.510,2025-10-04 12:32:24.510
2791815.0,11346.87,214.27,-41.38,14.06,0.0,0.0,0.0,0.0,0.0,0.0,-0.02,0.22,0.45,1.0,,,,,2025-10-04 12:32:27.815,2025-10-04 12:32:27.815
2795094.0,11353.03,214.06,-41.38,14.0,0.0,0.0,0.0,0.0,0.0,0.0,-0.45,0.24,0.37,1.0,,,,,2025-10-04 12:32:31.094,2025-10-04 12:32:31.094
2798468.0,11409.82,212.13,-41.5,13.94,0.0,0.0,0.0,0.0,0.0,0.0,-0.03,0.17,0.44,1.0,,,,,2025-10-04 12:32:34.468,2025-10-04 12:32:34.468
2801770.0,11433.78,211.32,-41.75,13.81,0.0,0.0,0.0,0.0,0.0,0.0,-0.16,0.57,0.31,1.0,,,,,2025-10-04 12:32:37.770,2025-10-04 12:32:37.770
2805118.0,11445.93,210.91,-41.63,13.75,0.0,0.0,0.0,0.0,0.0,0.0,-0.31,0.35,0.43,1.0,,,,,2025-10-04 12:32:41.118,2025-10-04 12:32:41.118
2808489.0,11481.62,209.71,-41.75,13.69,0.0,0.0,0.0,0.0,0.0,0.0,-0.42,0.49,0.31,1.0,,,,,2025-10-04 12:32:44.489,2025-10-04 12:32:44.489
2811788.0,11500.42,209.08,-41.88,13.56,0.0,0.0,0.0,0.0,0.0,0.0,-0.34,0.18,0.43,1.0,,,,,2025-10-04 12:32:47.788,2025-10-04 12:32:47.788
2815134.0,11523.76,208.3,-41.75,13.5,0.0,0.0,0.0,0.0,0.0,0.0,-0.47,0.17,0.36,1.0,,,,,2025-10-04 12:32:51.134,2025-10-04 12:32:51.134
2818456.0,11557.7,207.17,-41.88,13.44,0.0,0.0,0.0,0.0,0.0,0.0,-0.33,0.18,0.43,1.0,,,,,2025-10-04 12:32:54.456,2025-10-04 12:32:54.456
2821802.0,11582.73,206.34,-42.0,13.38,0.0,0.0,0.0,0.0,0.0,0.0,-0.43,0.19,0.4,1.0,,,,,2025-10-04 12:32:57.802,2025-10-04 12:32:57.802
2838470.0,11732.78,201.42,-42.63,12.94,0.0,0.0,0.0,0.0,0.0,0.0,-0.42,0.25,0.4,1.0,,,,,2025-10-04 12:33:14.470,2025-10-04 12:33:14.470
2841763.0,11749.43,200.88,-42.5,12.88,0.0,0.0,0.0,0.0,0.0,0.0,-0.43,0.22,0.4,1.0,,,,,2025-10-04 12:33:17.763,2025-10-04 12:33:17.763
2845151.0,11778.81,199.93,-42.38,12.81,0.0,0.0,0.0,0.0,0.0,0.0,-0.23,-0.07,0.39,1.0,,,,,2025-10-04 12:33:21.151,2025-10-04 12:33:21.151
2848467.0,11840.71,197.94,-42.25,12.75,0.0,0.0,0.0,0.0,0.0,0.0,0.08,0.09,0.39,1.0,,,,,2025-10-04 12:33:24.467,2025-10-04 12:33:24.467
2851757.0,11831.97,198.22,-42.38,12.63,0.0,0.0,0.0,0.0,0.0,0.0,-0.09,0.43,0.41,1.0,,,,,2025-10-04 12:33:27.757,2025-10-04 12:33:27.757
2855143.0,11852.28,197.57,-42.63,12.56,0.0,0.0,0.0,0.0,0.0,0.0,-0.3,0.39,0.41,1.0,,,,,2025-10-04 12:33:31.143,2025-10-04 12:33:31.143
2858457.0,11872.33,196.93,-42.75,12.5,0.0,0.0,0.0,0.0,0.0,0.0,-0.38,0.19,0.42,1.0,,,,,2025-10-04 12:33:34.457,2025-10-04 12:33:34.457
2861746.0,11886.14,196.49,-42.63,12.38,0.0,0.0,0.0,0.0,0.0,0.0,-0.32,-0.0,0.41,1.0,,,,,2025-10-04 12:33:37.746,2025-10-04 12:33:37.746
2865130.0,11958.75,194.19,-42.63,12.31,0.0,0.0,0.0,0.0,0.0,0.0,0.03,0.06,0.4,1.0,,,,,2025-10-04 12:33:41.130,2025-10-04 12:33:41.130
2868440.0,11969.55,193.85,-42.63,12.25,0.0,0.0,0.0,0.0,0.0,0.0,-0.02,0.43,0.38,1.0,,,,,2025-10-04 12:33:44.440,2025-10-04 12:33:44.440
2871727.0,11976.86,193.62,-42.88,12.19,0.0,0.0,0.0,0.0,0.0,0.0,-0.21,0.33,0.45,1.0,,,,,2025-10-04 12:33:47.727,2025-10-04 12:33:47.727
2878418.0,12036.55,191.75,-43.0,12.0,0.0,0.0,0.0,0.0,0.0,0.0,-0.3,0.06,0.43,1.0,,,,,2025-10-04 12:33:54.418,2025-10-04 12:33:54.418
2881702.0,12054.52,191.19,-43.0,11.94,0.0,0.0,0.0,0.0,0.0,0.0,-0.12,-0.08,0.38,1.0,,,,,2025-10-04 12:33:57.702,2025-10-04 12:33:57.702
2885032.0,12104.16,189.65,-42.88,11.88,0.0,0.0,0.0,0.0,0.0,0.0,-0.01,0.29,0.42,1.0,,,,,2025-10-04 12:34:01.032,2025-10-04 12:34:01.032
2888386.0,12127.15,188.94,-43.0,11.75,0.0,0.0,0.0,0.0,0.0,0.0,-0.27,0.53,0.33,1.0,,,,,2025-10-04 12:34:04.386,2025-10-04 12:34:04.386
2891666.0,12145.66,188.37,-43.13,11.69,0.0,0.0,0.0,0.0,0.0,0.0,-0.21,0.38,0.43,1.0,,,,,2025-10-04 12:34:07.666,2025-10-04 12:34:07.666
2894994.0,12164.54,187.79,-43.0,11.63,0.0,0.0,0.0,0.0,0.0,0.0,-0.42,0.31,0.4,1.0,,,,,2025-10-04 12:34:10.994,2025-10-04 12:34:10.994
2898298.0,12200.16,186.7,-43.13,11.56,0.0,0.0,0.0,0.0,0.0,0.0,-0.52,0.21,0.33,1.0,,,,,2025-10-04 12:34:14.298,2025-10-04 12:34:14.298
2901627.0,12244.83,185.34,-43.38,11.44,0.0,0.0,0.0,0.0,0.0,0.0,-0.33,0.07,0.42,1.0,,,,,2025-10-04 12:34:17.627,2025-10-04 12:34:17.627
2904951.0,12269.24,184.6,-43.63,11.38,0.0,0.0,0.0,0.0,0.0,0.0,-0.32,0.0,0.41,1.0,,,,,2025-10-04 12:34:20.951,2025-10-04 12:34:20.951
2908253.0,12292.75,183.89,-43.75,11.31,0.0,0.0,0.0,0.0,0.0,0.0,-0.16,0.02,0.43,1.0,,,,,2025-10-04 12:34:24.253,2025-10-04 12:34:24.253
2911649.0,12316.99,183.16,-43.63,11.25,0.0,0.0,0.0,0.0,0.0,0.0,-0.09,0.06,0.44,1.0,,,,,2025-10-04 12:34:27.649,2025-10-04 12:34:27.649
2914971.0,12347.99,182.23,-43.63,11.19,0.0,0.0,0.0,0.0,0.0,0.0,0.02,0.03,0.4,1.0,,,,,2025-10-04 12:34:30.971,2025-10-04 12:34:30.971
2918270.0,12367.05,181.66,-43.75,11.06,0.0,0.0,0.0,0.0,0.0,0.0,-0.09,0.05,0.44,1.0,,,,,2025-10-04 12:34:34.270,2025-10-04 12:34:34.270
2921665.0,12385.15,181.12,-44.0,11.0,0.0,0.0,0.0,0.0,0.0,0.0,-0.22,-0.03,0.41,1.0,,,,,2025-10-04 12:34:37.665,2025-10-04 12:34:37.665
2924987.0,12412.72,180.3,-44.13,10.94,0.0,0.0,0.0,0.0,0.0,0.0,-0.33,0.06,0.43,1.0,,,,,2025-10-04 12:34:40.987,2025-10-04 12:34:40.987
2931625.0,12469.53,178.62,-44.5,10.81,0.0,0.0,0.0,0.0,0.0,0.0,-0.46,0.13,0.36,1.0,,,,,2025-10-04 12:34:47.625,2025-10-04 12:34:47.625
2934993.0,12499.46,177.74,-44.5,10.69,0.0,0.0,0.0,0.0,0.0,0.0,-0.22,0.44,0.41,1.0,,,,,2025-10-04 12:34:50.993,2025-10-04 12:34:50.993
2938288.0,12541.16,176.52,-44.25,10.63,0.0,0.0,0.0,0.0,0.0,0.0,-0.07,0.48,0.36,1.0,,,,,2025-10-04 12:34:54.288,2025-10-04 12:34:54.288
2941629.0,12590.67,175.08,-44.25,10.56,0.0,0.0,0.0,0.0,0.0,0.0,0.09,0.24,0.39,1.0,,,,,2025-10-04 12:34:57.629,2025-10-04 12:34:57.629
2944995.0,12623.86,174.12,-44.25,10.5,0.0,0.0,0.0,0.0,0.0,0.0,0.0,0.02,0.4,1.0,,,,,2025-10-04 12:35:00.995,2025-10-04 12:35:00.995
2948288.0,12620.74,174.21,-44.5,10.44,0.0,0.0,0.0,0.0,0.0,0.0,-0.08,0.05,0.43,1.0,,,,,2025-10-04 12:35:04.288,2025-10-04 12:35:04.288
2951626.0,12655.11,173.22,-44.75,10.38,0.0,0.0,0.0,0.0,0.0,0.0,0.02,0.08,0.42,1.0,,,,,2025-10-04 12:35:07.626,2025-10-04 12:35:07.626
2954939.0,12688.25,172.27,-44.63,10.31,0.0,0.0,0.0,0.0,0.0,0.0,-0.04,0.07,0.43,1.0,,,,,2025-10-04 12:35:10.939,2025-10-04 12:35:10.939
2958376.0,12749.31,170.53,-44.5,10.56,0.0,0.0,0.0,0.0,0.0,0.0,0.12,0.24,0.38,1.0,,,,,2025-10-04 12:35:14.376,2025-10-04 12:35:14.376
2961712.0,12776.85,169.75,-44.63,10.88,0.0,0.0,0.0,0.0,0.0,0.0,0.03,0.12,0.42,1.0,,,,,2025-10-04 12:35:17.712,2025-10-04 12:35:17.712
2965025.0,12808.05,168.87,-44.63,9.25,0.0,0.0,0.0,0.0,0.0,0.0,0.11,0.15,0.39,1.0,,,,,2025-10-04 12:35:21.025,2025-10-04 12:35:21.025
2968363.0,12823.34,168.44,-44.63,9.81,0.0,0.0,0.0,0.0,0.0,0.0,0.01,-0.04,0.38,1.0,,,,,2025-10-04 12:35:24.363,2025-10-04 12:35:24.363
2971701.0,12881.23,166.82,-44.88,10.0,0.0,0.0,0.0,0.0,0.0,0.0,-0.03,0.08,0.44,1.0,,,,,2025-10-04 12:35:27.701,2025-10-04 12:35:27.701
2975020.0,12922.24,165.68,-44.88,9.88,0.0,0.0,0.0,0.0,0.0,0.0,0.06,0.19,0.4,1.0,,,,,2025-10-04 12:35:31.020,2025-10-04 12:35:31.020
2978314.0,12934.88,165.33,-45.13,8.94,0.0,0.0,0.0,0.0,0.0,0.0,0.04,0.31,0.4,1.0,,,,,2025-10-04 12:35:34.314,2025-10-04 12:35:34.314
2981705.0,12947.54,164.98,-45.25,9.94,0.0,0.0,0.0,0.0,0.0,0.0,-0.07,0.36,0.43,1.0,,,,,2025-10-04 12:35:37.705,2025-10-04 12:35:37.705
2985026.0,12964.93,164.5,-45.5,9.38,0.0,0.0,0.0,0.0,0.0,0.0,-0.2,0.47,0.39,1.0,,,,,2025-10-04 12:35:41.026,2025-10-04 12:35:41.026
2988324.0,12970.01,164.36,-45.63,8.56,0.0,0.0,0.0,0.0,0.0,0.0,-0.3,0.49,0.37,1.0,,,,,2025-10-04 12:35:44.324,2025-10-04 12:35:44.324
2991718.0,12993.65,163.71,-45.75,9.38,0.0,0.0,0.0,0.0,0.0,0.0,-0.32,0.39,0.41,1.0,,,,,2025-10-04 12:35:47.718,2025-10-04 12:35:47.718
2995041.0,13020.29,162.98,-45.88,9.31,0.0,0.0,0.0,0.0,0.0,0.0,-0.52,0.29,0.33,1.0,,,,,2025-10-04 12:35:51.041,2025-10-04 12:35:51.041
2998340.0,13062.82,161.82,-46.13,9.19,0.0,0.0,0.0,0.0,0.0,0.0,-0.37,0.3,0.42,1.0,,,,,2025-10-04 12:35:54.340,2025-10-04 12:35:54.340
3001736.0,13092.3,161.02,-46.13,9.13,0.0,0.0,0.0,0.0,0.0,0.0,-0.33,0.06,0.41,1.0,,,,,2025-10-04 12:35:57.736,2025-10-04 12:35:57.736
3005061.0,13115.96,160.38,-46.0,9.06,0.0,0.0,0.0,0.0,0.0,0.0,-0.17,0.06,0.45,1.0,,,,,2025-10-04 12:36:01.061,2025-10-04 12:36:01.061
3008362.0,13138.59,159.77,-46.13,9.0,0.0,0.0,0.0,0.0,0.0,0.0,-0.15,-0.06,0.39,1.0,,,,,2025-10-04 12:36:04.362,2025-10-04 12:36:04.362
3011710.0,13159.05,159.22,-46.0,8.94,0.0,0.0,0.0,0.0,0.0,0.0,-0.06,0.03,0.41,1.0,,,,,2025-10-04 12:36:07.710,2025-10-04 12:36:07.710
3015083.0,13184.8,158.53,-46.25,8.88,0.0,0.0,0.0,0.0,0.0,0.0,-0.23,-0.09,0.36,1.0,,,,,2025-10-04 12:36:11.083,2025-10-04 12:36:11.083
3018383.0,13209.15,157.88,-46.25,8.81,0.0,0.0,0.0,0.0,0.0,0.0,-0.05,-0.03,0.39,1.0,,,,,2025-10-04 12:36:14.383,2025-10-04 12:36:14.383
3021728.0,13265.63,156.38,-46.0,8.69,0.0,0.0,0.0,0.0,0.0,0.0,0.08,0.24,0.4,1.0,,,,,2025-10-04 12:36:17.728,2025-10-04 12:36:17.728
3025099.0,13263.74,156.43,-46.25,8.63,0.0,0.0,0.0,0.0,0.0,0.0,-0.25,0.47,0.38,1.0,,,,,2025-10-04 12:36:21.099,2025-10-04 12:36:21.099
3028399.0,13285.69,155.85,-46.25,8.56,0.0,0.0,0.0,0.0,0.0,0.0,-0.37,0.28,0.43,1.0,,,,,2025-10-04 12:36:24.399,2025-10-04 12:36:24.399
3031747.0,13306.19,155.31,-46.5,8.44,0.0,0.0,0.0,0.0,0.0,0.0,-0.3,0.05,0.44,1.0,,,,,2025-10-04 12:36:27.747,2025-10-04 12:36:27.747
3035070.0,13384.54,153.26,-46.5,8.38,0.0,0.0,0.0,0.0,0.0,0.0,0.04,0.07,0.39,1.0,,,,,2025-10-04 12:36:31.070,2025-10-04 12:36:31.070
3038420.0,13390.3,153.11,-46.63,8.31,0.0,0.0,0.0,0.0,0.0,0.0,0.02,0.37,0.38,1.0,,,,,2025-10-04 12:36:34.420,2025-10-04 12:36:34.420
3041697.0,13386.08,153.22,-46.5,8.25,0.0,0.0,0.0,0.0,0.0,0.0,-0.26,0.51,0.35,1.0,,,,,2025-10-04 12:36:37.697,2025-10-04 12:36:37.697
3045021.0,13408.79,152.63,-46.63,8.19,0.0,0.0,0.0,0.0,0.0,0.0,-0.3,0.29,0.45,1.0,,,,,2025-10-04 12:36:41.021,2025-10-04 12:36:41.021
3048372.0,13448.6,151.6,-46.75,8.06,0.0,0.0,0.0,0.0,0.0,0.0,-0.35,0.44,0.39,1.0,,,,,2025-10-04 12:36:44.372,2025-10-04 12:36:44.372
3051650.0,13480.46,150.78,-46.75,8.0,0.0,0.0,0.0,0.0,0.0,0.0,-0.35,0.46,0.37,1.0,,,,,2025-10-04 12:36:47.650,2025-10-04 12:36:47.650
3054976.0,13498.0,150.33,-46.75,7.94,0.0,0.0,0.0,0.0,0.0,0.0,-0.41,0.35,0.39,1.0,,,,,2025-10-04 12:36:50.976,2025-10-04 12:36:50.976
3058279.0,13517.94,149.82,-46.88,7.87,0.0,0.0,0.0,0.0,0.0,0.0,-0.44,0.4,0.35,1.0,,,,,2025-10-04 12:36:54.279,2025-10-04 12:36:54.279
3061608.0,13550.89,148.98,-47.13,7.75,0.0,0.0,0.0,0.0,0.0,0.0,-0.37,0.36,0.42,1.0,,,,,2025-10-04 12:36:57.608,2025-10-04 12:36:57.608
3064936.0,13588.73,148.02,-47.0,7.69,0.0,0.0,0.0,0.0,0.0,0.0,-0.1,0.41,0.42,1.0,,,,,2025-10-04 12:37:00.936,2025-10-04 12:37:00.936
3068244.0,13621.61,147.19,-47.0,7.62,0.0,0.0,0.0,0.0,0.0,0.0,0.07,0.25,0.4,1.0,,,,,2025-10-04 12:37:04.244,2025-10-04 12:37:04.244
3071577.0,13612.08,147.43,-47.0,7.56,0.0,0.0,0.0,0.0,0.0,0.0,-0.12,0.08,0.45,1.0,,,,,2025-10-04 12:37:07.577,2025-10-04 12:37:07.577
3074907.0,13643.87,146.63,-47.25,,,,,,,,-0.41,0.06,0.38,1.0,,,,,2025-10-04 12:37:10.907,2025-10-04 12:37:10.907
3081500.0,13692.22,145.42,-47.25,7.31,0.0,0.0,0.0,0.0,0.0,0.0,-0.47,0.14,0.37,1.0,,,,,2025-10-04 12:37:17.500,2025-10-04 12:37:17.500
3084881.0,13717.12,144.8,-47.38,7.25,0.0,0.0,0.0,0.0,0.0,0.0,-0.47,0.19,0.39,1.0,,,,,2025-10-04 12:37:20.881,2025-10-04 12:37:20.881
3088190.0,13757.47,143.8,-47.38,7.19,0.0,0.0,0.0,0.0,0.0,0.0,-0.41,0.21,0.42,1.0,,,,,2025-10-04 12:37:24.190,2025-10-04 12:37:24.190
3091475.0,13776.92,143.32,-47.5,7.12,0.0,0.0,0.0,0.0,0.0,0.0,-0.37,0.17,0.43,1.0,,,,,2025-10-04 12:37:27.475,2025-10-04 12:37:27.475
3094856.0,13815.15,142.38,-47.38,7.0,0.0,0.0,0.0,0.0,0.0,0.0,-0.44,0.17,0.39,1.0,,,,,2025-10-04 12:37:30.856,2025-10-04 12:37:30.856
3098165.0,13847.04,141.6,-47.63,6.94,0.0,0.0,0.0,0.0,0.0,0.0,-0.47,0.25,0.38,1.0,,,,,2025-10-04 12:37:34.165,2025-10-04 12:37:34.165
3101451.0,13886.06,140.65,-47.88,6.87,0.0,0.0,0.0,0.0,0.0,0.0,-0.46,0.2,0.37,1.0,,,,,2025-10-04 12:37:37.451,2025-10-04 12:37:37.451
3104834.0,13912.06,140.02,-48.13,6.81,0.0,0.0,0.0,0.0,0.0,0.0,-0.42,0.2,0.42,1.0,,,,,2025-10-04 12:37:40.834,2025-10-04 12:37:40.834
3108144.0,13931.1,139.56,-48.0,6.69,0.0,0.0,0.0,0.0,0.0,0.0,-0.39,0.11,0.41,1.0,,,,,2025-10-04 12:37:44.144,2025-10-04 12:37:44.144
3111431.0,13952.69,139.04,-47.88,6.62,0.0,0.0,0.0,0.0,0.0,0.0,-0.39,0.11,0.4,1.0,,,,,2025-10-04 12:37:47.431,2025-10-04 12:37:47.431
3114765.0,13970.59,138.61,-47.88,6.56,0.0,0.0,0.0,0.0,0.0,0.0,-0.45,0.23,0.39,1.0,,,,,2025-10-04 12:37:50.765,2025-10-04 12:37:50.765
3118126.0,14003.59,137.82,-48.0,6.5,0.0,0.0,0.0,0.0,0.0,0.0,-0.38,0.38,0.4,1.0,,,,,2025-10-04 12:37:54.126,2025-10-04 12:37:54.126
3121414.0,14045.59,136.82,-48.0,6.44,0.0,0.0,0.0,0.0,0.0,0.0,-0.05,0.44,0.39,1.0,,,,,2025-10-04 12:37:57.414,2025-10-04 12:37:57.414
3124751.0,14062.88,136.41,-47.88,6.31,0.0,0.0,0.0,0.0,0.0,0.0,0.06,0.3,0.4,1.0,,,,,2025-10-04 12:38:00.751,2025-10-04 12:38:00.751
3128113.0,14128.63,134.86,-47.88,6.25,0.0,0.0,0.0,0.0,0.0,0.0,0.17,0.18,0.33,1.0,,,,,2025-10-04 12:38:04.113,2025-10-04 12:38:04.113
3131403.0,14168.38,133.93,-47.88,6.19,0.0,0.0,0.0,0.0,0.0,0.0,0.02,0.12,0.42,1.0,,,,,2025-10-04 12:38:07.403,2025-10-04 12:38:07.403
3134743.0,14182.1,133.61,-48.0,6.12,0.0,0.0,0.0,0.0,0.0,0.0,0.01,0.46,0.35,1.0,,,,,2025-10-04 12:38:10.743,2025-10-04 12:38:10.743
3138061.0,14186.4,133.51,-48.0,6.0,0.0,0.0,0.0,0.0,0.0,0.0,-0.23,0.43,0.42,1.0,,,,,2025-10-04 12:38:14.061,2025-10-04 12:38:14.061
3141406.0,14216.97,132.8,-48.38,5.94,0.0,0.0,0.0,0.0,0.0,0.0,-0.41,0.2,0.4,1.0,,,,,2025-10-04 12:38:17.406,2025-10-04 12:38:17.406
3144749.0,14245.07,132.15,-48.5,5.87,0.0,0.0,0.0,0.0,0.0,0.0,-0.27,-0.06,0.38,1.0,,,,,2025-10-04 12:38:20.749,2025-10-04 12:38:20.749
3148069.0,14269.81,131.58,-48.38,5.81,0.0,0.0,0.0,0.0,0.0,0.0,-0.1,0.05,0.43,1.0,,,,,2025-10-04 12:38:24.069,2025-10-04 12:38:24.069
3151414.0,14350.26,129.74,-48.5,5.75,0.0,0.0,0.0,0.0,0.0,0.0,-0.1,0.51,0.36,1.0,,,,,2025-10-04 12:38:27.414,2025-10-04 12:38:27.414
3154756.0,14372.73,129.23,-48.5,5.62,0.0,0.0,0.0,0.0,0.0,0.0,-0.23,0.5,0.38,1.0,,,,,2025-10-04 12:38:30.756,2025-10-04 12:38:30.756
3161372.0,14422.75,128.1,-48.5,5.5,0.0,0.0,0.0,0.0,0.0,0.0,-0.26,0.16,0.45,1.0,,,,,2025-10-04 12:38:37.372,2025-10-04 12:38:37.372
3164765.0,14458.83,127.29,-48.88,5.44,0.0,0.0,0.0,0.0,0.0,0.0,-0.2,-0.06,0.39,1.0,,,,,2025-10-04 12:38:40.765,2025-10-04 12:38:40.765
3168086.0,14488.82,126.62,-48.75,5.31,0.0,0.0,0.0,0.0,0.0,0.0,-0.2,0.02,0.43,1.0,,,,,2025-10-04 12:38:44.086,2025-10-04 12:38:44.086
3171382.0,14513.53,126.07,-48.75,5.25,0.0,0.0,0.0,0.0,0.0,0.0,-0.02,0.04,0.41,1.0,,,,,2025-10-04 12:38:47.382,2025-10-04 12:38:47.382
3174775.0,14584.55,124.5,-48.88,5.19,0.0,0.0,0.0,0.0,0.0,0.0,0.07,0.24,0.4,1.0,,,,,2025-10-04 12:38:50.775,2025-10-04 12:38:50.775
3178096.0,14599.11,124.18,-49.0,5.12,0.0,0.0,0.0,0.0,0.0,0.0,-0.03,0.42,0.39,1.0,,,,,2025-10-04 12:38:54.096,2025-10-04 12:38:54.096
3181394.0,14613.25,123.87,-48.88,5.06,0.0,0.0,0.0,0.0,0.0,0.0,-0.07,0.38,0.42,1.0,,,,,2025-10-04 12:38:57.394,2025-10-04 12:38:57.394
3184740.0,14614.62,123.84,-48.88,4.94,0.0,0.0,0.0,0.0,0.0,0.0,0.07,0.31,0.39,1.0,,,,,2025-10-04 12:39:00.740,2025-10-04 12:39:00.740
3188062.0,14678.38,122.45,-48.88,4.87,0.0,0.0,0.0,0.0,0.0,0.0,0.05,0.23,0.41,1.0,,,,,2025-10-04 12:39:04.062,2025-10-04 12:39:04.062
3191363.0,14708.4,121.8,-48.88,4.87,0.0,0.0,0.0,0.0,0.0,0.0,0.13,0.21,0.36,1.0,,,,,2025-10-04 12:39:07.363,2025-10-04 12:39:07.363
3194641.0,14712.56,121.71,-49.0,4.69,0.0,0.0,0.0,0.0,0.0,0.0,0.04,0.31,0.41,1.0,,,,,2025-10-04 12:39:10.641,2025-10-04 12:39:10.641
3198017.0,14751.11,120.88,-49.13,4.69,0.0,0.0,0.0,0.0,0.0,0.0,0.01,0.35,0.4,1.0,,,,,2025-10-04 12:39:14.017,2025-10-04 12:39:14.017
3201322.0,14766.49,120.55,-49.13,4.56,0.0,0.0,0.0,0.0,0.0,0.0,-0.04,0.43,0.39,1.0,,,,,2025-10-04 12:39:17.322,2025-10-04 12:39:17.322
3204604.0,14773.96,120.39,-49.25,4.5,0.0,0.0,0.0,0.0,0.0,0.0,-0.12,0.44,0.41,1.0,,,,,2025-10-04 12:39:20.604,2025-10-04 12:39:20.604
3207982.0,14805.8,119.71,-49.5,4.44,0.0,0.0,0.0,0.0,0.0,0.0,-0.2,0.49,0.38,1.0,,,,,2025-10-04 12:39:23.982,2025-10-04 12:39:23.982
3211289.0,14819.43,119.42,-49.25,4.37,0.0,0.0,0.0,0.0,0.0,0.0,-0.41,0.43,0.35,1.0,,,,,2025-10-04 12:39:27.289,2025-10-04 12:39:27.289
3217903.0,14872.77,118.29,-49.38,4.25,0.0,0.0,0.0,0.0,0.0,0.0,-0.32,0.04,0.41,1.0,,,,,2025-10-04 12:39:33.903,2025-10-04 12:39:33.903
3221261.0,14913.65,117.43,-49.25,4.12,0.0,0.0,0.0,0.0,0.0,0.0,-0.06,-0.07,0.37,1.0,,,,,2025-10-04 12:39:37.261,2025-10-04 12:39:37.261
3224545.0,14963.88,116.38,-49.25,4.12,0.0,0.0,0.0,0.0,0.0,0.0,-0.06,0.21,0.45,1.0,,,,,2025-10-04 12:39:40.545,2025-10-04 12:39:40.545
3227876.0,15006.27,115.5,-49.38,4.0,0.0,0.0,0.0,0.0,0.0,0.0,0.06,0.35,0.38,1.0,,,,,2025-10-04 12:39:43.876,2025-10-04 12:39:43.876
3231233.0,15035.8,114.89,-49.13,3.94,0.0,0.0,0.0,0.0,0.0,0.0,-0.04,0.37,0.42,1.0,,,,,2025-10-04 12:39:47.233,2025-10-04 12:39:47.233
3234518.0,15066.93,114.25,-49.38,3.87,0.0,0.0,0.0,0.0,0.0,0.0,0.02,0.36,0.4,1.0,,,,,2025-10-04 12:39:50.518,2025-10-04 12:39:50.518
3237851.0,15095.26,113.67,-49.38,3.81,0.0,0.0,0.0,0.0,0.0,0.0,0.05,0.38,0.36,1.0,,,,,2025-10-04 12:39:53.851,2025-10-04 12:39:53.851
3241162.0,15123.7,113.09,-49.38,3.75,0.0,0.0,0.0,0.0,0.0,0.0,-0.03,0.32,0.43,1.0,,,,,2025-10-04 12:39:57.162,2025-10-04 12:39:57.162
3244500.0,15105.05,113.47,-49.38,3.62,0.0,0.0,0.0,0.0,0.0,0.0,0.07,0.3,0.37,1.0,,,,,2025-10-04 12:40:00.500,2025-10-04 12:40:00.500
3247836.0,15176.99,112.01,-49.63,3.56,0.0,0.0,0.0,0.0,0.0,0.0,-0.03,0.27,0.43,1.0,,,,,2025-10-04 12:40:03.836,2025-10-04 12:40:03.836
3251150.0,15206.77,111.41,-49.38,3.5,0.0,0.0,0.0,0.0,0.0,0.0,0.15,0.16,0.34,1.0,,,,,2025-10-04 12:40:07.150,2025-10-04 12:40:07.150
3254490.0,15216.73,111.21,-49.38,3.44,0.0,0.0,0.0,0.0,0.0,0.0,0.02,0.03,0.38,1.0,,,,,2025-10-04 12:40:10.490,2025-10-04 12:40:10.490
3257829.0,15235.18,110.84,-49.38,3.37,0.0,0.0,0.0,0.0,0.0,0.0,-0.17,-0.04,0.4,1.0,,,,,2025-10-04 12:40:13.829,2025-10-04 12:40:13.829
3261147.0,15260.21,110.34,-49.5,3.31,0.0,0.0,0.0,0.0,0.0,0.0,-0.1,0.03,0.42,1.0,,,,,2025-10-04 12:40:17.147,2025-10-04 12:40:17.147
3264440.0,15296.4,109.62,-49.75,3.25,0.0,0.0,0.0,0.0,0.0,0.0,-0.15,0.04,0.45,1.0,,,,,2025-10-04 12:40:20.440,2025-10-04 12:40:20.440
3267829.0,15324.68,109.06,-49.5,3.12,0.0,0.0,0.0,0.0,0.0,0.0,-0.22,0.02,0.43,1.0,,,,,2025-10-04 12:40:23.829,2025-10-04 12:40:23.829
3274436.0,15368.35,108.2,-49.88,3.0,0.0,0.0,0.0,0.0,0.0,0.0,-0.47,0.2,0.39,1.0,,,,,2025-10-04 12:40:30.436,2025-10-04 12:40:30.436
3277822.0,15402.56,107.53,-50.0,2.94,0.0,0.0,0.0,0.0,0.0,0.0,-0.47,0.36,0.38,1.0,,,,,2025-10-04 12:40:33.822,2025-10-04 12:40:33.822
3281138.0,15436.95,106.86,-50.0,2.87,0.0,0.0,0.0,0.0,0.0,0.0,-0.27,0.48,0.4,1.0,,,,,2025-10-04 12:40:37.138,2025-10-04 12:40:37.138
3284429.0,15477.72,106.07,-50.13,2.81,0.0,0.0,0.0,0.0,0.0,0.0,-0.07,0.46,0.39,1.0,,,,,2025-10-04 12:40:40.429,2025-10-04 12:40:40.429
3287818.0,15477.2,106.08,-50.13,2.69,0.0,0.0,0.0,0.0,0.0,0.0,0.08,0.3,0.39,1.0,,,,,2025-10-04 12:40:43.818,2025-10-04 12:40:43.818
3291136.0,15575.22,104.2,-49.88,2.62,0.0,0.0,0.0,0.0,0.0,0.0,0.08,0.15,0.4,1.0,,,,,2025-10-04 12:40:47.136,2025-10-04 12:40:47.136
3294433.0,15585.2,104.01,-49.88,2.56,0.0,0.0,0.0,0.0,0.0,0.0,0.03,0.28,0.42,1.0,,,,,2025-10-04 12:40:50.433,2025-10-04 12:40:50.433
3297707.0,15574.17,104.22,-49.88,2.5,0.0,0.0,0.0,0.0,0.0,0.0,-0.18,0.47,0.4,1.0,,,,,2025-10-04 12:40:53.707,2025-10-04 12:40:53.707
3304379.0,15624.76,103.26,-50.13,2.37,0.0,0.0,0.0,0.0,0.0,0.0,-0.32,0.04,0.42,1.0,,,,,2025-10-04 12:41:00.379,2025-10-04 12:41:00.379
3307656.0,15764.27,100.65,-50.25,2.31,0.0,0.0,0.0,0.0,0.0,0.0,0.08,0.05,0.36,1.0,,,,,2025-10-04 12:41:03.656,2025-10-04 12:41:03.656
3311028.0,15732.48,101.24,-50.25,2.25,0.0,0.0,0.0,0.0,0.0,0.0,0.07,0.12,0.39,1.0,,,,,2025-10-04 12:41:07.028,2025-10-04 12:41:07.028
3314331.0,15754.56,100.83,-50.13,2.19,0.0,0.0,0.0,0.0,0.0,0.0,0.09,0.31,0.38,1.0,,,,,2025-10-04 12:41:10.331,2025-10-04 12:41:10.331
3317609.0,15761.57,100.7,-50.13,2.06,0.0,0.0,0.0,0.0,0.0,0.0,-0.04,0.45,0.39,1.0,,,,,2025-10-04 12:41:13.609,2025-10-04 12:41:13.609
3320938.0,15757.25,100.78,-50.13,2.0,0.0,0.0,0.0,0.0,0.0,0.0,-0.25,0.48,0.4,1.0,,,,,2025-10-04 12:41:16.938,2025-10-04 12:41:16.938
3324396.0,15772.38,100.5,-50.25,1.94,0.0,0.0,0.0,0.0,0.0,0.0,-0.45,0.25,0.38,1.0,,,,,2025-10-04 12:41:20.396,2025-10-04 12:41:20.396
3327678.0,15798.38,100.02,-50.25,1.87,0.0,0.0,0.0,0.0,0.0,0.0,-0.37,0.16,0.42,1.0,,,,,2025-10-04 12:41:23.678,2025-10-04 12:41:23.678
3331006.0,15826.12,99.51,-50.13,1.81,0.0,0.0,0.0,0.0,0.0,0.0,-0.29,-0.06,0.37,1.0,,,,,2025-10-04 12:41:27.006,2025-10-04 12:41:27.006
3334361.0,15885.26,98.43,-50.13,1.75,0.0,0.0,0.0,0.0,0.0,0.0,-0.43,0.05,0.36,1.0,,,,,2025-10-04 12:41:30.361,2025-10-04 12:41:30.361
3337644.0,15930.5,97.61,-50.5,1.69,0.0,0.0,0.0,0.0,0.0,0.0,-0.27,0.12,0.46,1.0,,,,,2025-10-04 12:41:33.644,2025-10-04 12:41:33.644
3340974.0,15967.15,96.95,-50.38,1.62,0.0,0.0,0.0,0.0,0.0,0.0,-0.42,-0.01,0.35,1.0,,,,,2025-10-04 12:41:36.974,2025-10-04 12:41:36.974
3344284.0,15988.9,96.56,-50.38,1.56,0.0,0.0,0.0,0.0,0.0,0.0,-0.24,0.03,0.42,1.0,,,,,2025-10-04 12:41:40.284,2025-10-04 12:41:40.284
3347619.0,16023.62,95.94,-50.38,1.5,0.0,0.0,0.0,0.0,0.0,0.0,-0.35,0.03,0.38,1.0,,,,,2025-10-04 12:41:43.619,2025-10-04 12:41:43.619
3354264.0,16098.14,94.62,-50.63,1.37,0.0,0.0,0.0,0.0,0.0,0.0,-0.14,0.06,0.43,1.0,,,,,2025-10-04 12:41:50.264,2025-10-04 12:41:50.264
3357602.0,16228.31,92.35,-50.88,1.31,0.0,0.0,0.0,0.0,0.0,0.0,0.08,0.12,0.38,1.0,,,,,2025-10-04 12:41:53.602,2025-10-04 12:41:53.602
3360938.0,16230.04,92.32,-50.75,1.25,0.0,0.0,0.0,0.0,0.0,0.0,0.04,0.22,0.4,1.0,,,,,2025-10-04 12:41:56.938,2025-10-04 12:41:56.938
3364254.0,16285.88,91.36,-50.88,1.12,0.0,0.0,0.0,0.0,0.0,0.0,0.05,0.14,0.4,1.0,,,,,2025-10-04 12:42:00.254,2025-10-04 12:42:00.254
3367549.0,16325.14,90.69,-51.0,1.06,0.0,0.0,0.0,0.0,0.0,0.0,0.04,0.24,0.4,1.0,,,,,2025-10-04 12:42:03.549,2025-10-04 12:42:03.549
3370872.0,16369.95,89.93,-51.13,1.0,0.0,0.0,0.0,0.0,0.0,0.0,0.07,0.22,0.39,1.0,,,,,2025-10-04 12:42:06.872,2025-10-04 12:42:06.872
3374195.0,16403.76,89.36,-51.25,0.94,0.0,0.0,0.0,0.0,0.0,0.0,0.06,0.14,0.39,1.0,,,,,2025-10-04 12:42:10.195,2025-10-04 12:42:10.195
3377498.0,16386.54,89.65,-51.38,0.88,0.0,0.0,0.0,0.0,0.0,0.0,-0.07,0.06,0.41,1.0,,,,,2025-10-04 12:42:13.498,2025-10-04 12:42:13.498
3380830.0,16426.4,88.98,-51.63,0.81,0.0,0.0,0.0,0.0,0.0,0.0,0.02,0.14,0.41,1.0,,,,,2025-10-04 12:42:16.830,2025-10-04 12:42:16.830
3384160.0,16586.49,86.33,-51.88,0.75,0.0,0.0,0.0,0.0,0.0,0.0,0.03,-0.02,0.35,1.0,,,,,2025-10-04 12:42:20.160,2025-10-04 12:42:20.160
3387470.0,16509.88,87.59,-51.88,0.69,0.0,0.0,0.0,0.0,0.0,0.0,0.02,0.13,0.41,1.0,,,,,2025-10-04 12:42:23.470,2025-10-04 12:42:23.470
3390757.0,16560.85,86.75,-51.88,0.63,0.0,0.0,0.0,0.0,0.0,0.0,0.07,0.15,0.38,1.0,,,,,2025-10-04 12:42:26.757,2025-10-04 12:42:26.757
3394144.0,16592.61,86.23,-52.0,0.56,0.0,0.0,0.0,0.0,0.0,0.0,0.06,0.19,0.4,1.0,,,,,2025-10-04 12:42:30.144,2025-10-04 12:42:30.144
3397461.0,16560.85,86.75,-52.25,0.5,0.0,0.0,0.0,0.0,0.0,0.0,0.04,0.27,0.41,1.0,,,,,2025-10-04 12:42:33.461,2025-10-04 12:42:33.461
3400756.0,16597.51,86.15,-52.13,0.44,0.0,0.0,0.0,0.0,0.0,0.0,0.11,0.27,0.36,1.0,,,,,2025-10-04 12:42:36.756,2025-10-04 12:42:36.756
3404030.0,16633.13,85.57,-52.13,0.38,0.0,0.0,0.0,0.0,0.0,0.0,0.04,0.18,0.41,1.0,,,,,2025-10-04 12:42:40.030,2025-10-04 12:42:40.030
3407303.0,16652.87,85.25,-52.25,0.31,0.0,0.0,0.0,0.0,0.0,0.0,0.03,0.08,0.39,1.0,,,,,2025-10-04 12:42:43.303,2025-10-04 12:42:43.303
3410556.0,16657.82,85.17,-52.38,0.25,0.0,0.0,0.0,0.0,0.0,0.0,-0.1,0.06,0.42,1.0,,,,,2025-10-04 12:42:46.556,2025-10-04 12:42:46.556
3413788.0,16716.82,84.22,-52.38,0.19,0.0,0.0,0.0,0.0,0.0,0.0,0.01,0.01,0.38,1.0,,,,,2025-10-04 12:42:49.788,2025-10-04 12:42:49.788
3417067.0,16751.86,83.66,-52.38,0.13,0.0,0.0,0.0,0.0,0.0,0.0,0.07,0.17,0.38,1.0,,,,,2025-10-04 12:42:53.067,2025-10-04 12:42:53.067
3420327.0,16772.59,83.33,-52.38,0.06,0.0,0.0,0.0,0.0,0.0,0.0,0.07,0.36,0.37,1.0,,,,,2025-10-04 12:42:56.327,2025-10-04 12:42:56.327
3423565.0,16748.72,83.71,-52.5,0.0,0.0,0.0,0.0,0.0,0.0,0.0,-0.1,0.47,0.39,1.0,,,,,2025-10-04 12:42:59.565,2025-10-04 12:42:59.565
3426853.0,16758.76,83.55,-52.5,-0.06,0.0,0.0,0.0,0.0,0.0,0.0,-0.41,0.42,0.37,1.0,,,,,2025-10-04 12:43:02.853,2025-10-04 12:43:02.853
3430120.0,16794.66,82.98,-52.25,-0.19,0.0,0.0,0.0,0.0,0.0,0.0,-0.35,0.09,0.41,1.0,3433364.0,,,,2025-10-04 12:43:06.120,2025-10-04 12:43:06.120
3436653.0,16841.55,82.24,-52.38,-0.25,0.0,0.0,0.0,0.0,0.0,0.0,-0.28,0.09,0.44,1.0,,,,,2025-10-04 12:43:12.653,2025-10-04 12:43:12.653
3439921.0,16869.6,81.8,-52.25,-0.31,0.0,0.0,0.0,0.0,0.0,0.0,-0.02,0.13,0.42,1.0,,,,,2025-10-04 12:43:15.921,2025-10-04 12:43:15.921
3443165.0,16909.98,81.17,-52.13,-0.38,0.0,0.0,0.0,0.0,0.0,0.0,0.07,0.35,0.37,1.0,,,,,2025-10-04 12:43:19.165,2025-10-04 12:43:19.165
3446456.0,16955.78,80.46,-51.88,-0.44,0.0,0.0,0.0,0.0,0.0,0.0,-0.08,0.47,0.37,1.0,,,,,2025-10-04 12:43:22.456,2025-10-04 12:43:22.456
3449724.0,16940.91,80.69,-51.88,-0.5,0.0,0.0,0.0,0.0,0.0,0.0,-0.42,0.38,0.38,1.0,,,,,2025-10-04 12:43:25.724,2025-10-04 12:43:25.724
3452970.0,16975.88,80.15,-51.88,-0.56,0.0,0.0,0.0,0.0,0.0,0.0,-0.41,0.13,0.39,1.0,,,,,2025-10-04 12:43:28.970,2025-10-04 12:43:28.970
3456193.0,17006.48,79.68,-52.0,-0.63,0.0,0.0,0.0,0.0,0.0,0.0,-0.13,0.05,0.42,1.0,,,,,2025-10-04 12:43:32.193,2025-10-04 12:43:32.193
3459463.0,17088.57,78.43,-52.0,-0.69,0.0,0.0,0.0,0.0,0.0,0.0,0.06,0.27,0.4,1.0,,,,,2025-10-04 12:43:35.463,2025-10-04 12:43:35.463
3462710.0,17096.51,78.31,-52.0,-0.75,0.0,0.0,0.0,0.0,0.0,0.0,-0.08,0.42,0.41,1.0,,,,,2025-10-04 12:43:38.710,2025-10-04 12:43:38.710
3465935.0,17085.93,78.47,-52.0,-0.81,0.0,0.0,0.0,0.0,0.0,0.0,-0.25,0.48,0.39,1.0,,,,,2025-10-04 12:43:41.935,2025-10-04 12:43:41.935
3469207.0,17099.16,78.27,-52.0,-0.88,0.0,0.0,0.0,0.0,0.0,0.0,-0.34,0.43,0.39,1.0,,,,,2025-10-04 12:43:45.207,2025-10-04 12:43:45.207
3472456.0,17132.35,77.77,-52.13,-0.94,0.0,0.0,0.0,0.0,0.0,0.0,-0.4,0.27,0.42,1.0,,,,,2025-10-04 12:43:48.456,2025-10-04 12:43:48.456
3478955.0,17187.83,76.94,-52.13,-1.06,0.0,0.0,0.0,0.0,0.0,0.0,-0.28,0.05,0.42,1.0,,,,,2025-10-04 12:43:54.955,2025-10-04 12:43:54.955
3482205.0,17226.21,76.37,-52.25,-1.12,0.0,0.0,0.0,0.0,0.0,0.0,-0.11,0.03,0.42,1.0,,,,,2025-10-04 12:43:58.205,2025-10-04 12:43:58.205
3485428.0,17293.42,75.38,-52.25,-1.19,0.0,0.0,0.0,0.0,0.0,0.0,0.04,0.11,0.39,1.0,,,,,2025-10-04 12:44:01.428,2025-10-04 12:44:01.428
3488699.0,17324.21,74.93,-52.13,-1.25,0.0,0.0,0.0,0.0,0.0,0.0,0.0,0.25,0.43,1.0,,,,,2025-10-04 12:44:04.699,2025-10-04 12:44:04.699
3491950.0,17393.87,73.92,-52.38,-1.31,0.0,0.0,0.0,0.0,0.0,0.0,0.12,0.26,0.35,1.0,,,,,2025-10-04 12:44:07.950,2025-10-04 12:44:07.950
3495178.0,17423.06,73.5,-52.5,-1.37,0.0,0.0,0.0,0.0,0.0,0.0,0.0,0.33,0.41,1.0,,,,,2025-10-04 12:44:11.178,2025-10-04 12:44:11.178
3498457.0,17416.79,73.59,-52.63,-1.44,0.0,0.0,0.0,0.0,0.0,0.0,0.08,0.32,0.35,1.0,,,,,2025-10-04 12:44:14.457,2025-10-04 12:44:14.457
3501713.0,17471.31,72.81,-52.63,-1.5,0.0,0.0,0.0,0.0,0.0,0.0,-0.05,0.33,0.43,1.0,,,,,2025-10-04 12:44:17.713,2025-10-04 12:44:17.713
3504945.0,17549.01,71.71,-52.5,-1.56,0.0,0.0,0.0,0.0,0.0,0.0,0.05,0.22,0.38,1.0,,,,,2025-10-04 12:44:20.945,2025-10-04 12:44:20.945
3508225.0,17565.37,71.48,-52.63,-1.62,0.0,0.0,0.0,0.0,0.0,0.0,-0.08,0.13,0.43,1.0,,,,,2025-10-04 12:44:24.225,2025-10-04 12:44:24.225
3511483.0,17477.63,72.72,-52.5,-1.69,0.0,0.0,0.0,0.0,0.0,0.0,-0.12,0.05,0.42,1.0,,,,,2025-10-04 12:44:27.483,2025-10-04 12:44:27.483
3514717.0,17502.27,72.37,-52.5,-1.75,0.0,0.0,0.0,0.0,0.0,0.0,-0.23,0.03,0.43,1.0,,,,,2025-10-04 12:44:30.717,2025-10-04 12:44:30.717
3517999.0,17519.23,72.13,-52.38,-1.81,0.0,0.0,0.0,0.0,0.0,0.0,-0.2,0.12,0.46,1.0,,,,,2025-10-04 12:44:33.999,2025-10-04 12:44:33.999
3521257.0,17535.52,71.9,-52.38,-1.87,0.0,0.0,0.0,0.0,0.0,0.0,-0.39,0.06,0.42,1.0,,,,,2025-10-04 12:44:37.257,2025-10-04 12:44:37.257
3524491.0,17554.7,71.63,-52.25,-1.94,0.0,0.0,0.0,0.0,0.0,0.0,-0.34,0.12,0.46,1.0,,,,,2025-10-04 12:44:40.491,2025-10-04 12:44:40.491
3527774.0,17564.66,71.49,-52.25,-2.0,0.0,0.0,0.0,0.0,0.0,0.0,-0.47,0.13,0.41,1.0,,,,,2025-10-04 12:44:43.774,2025-10-04 12:44:43.774
3531033.0,17596.8,71.04,-52.38,-2.06,0.0,0.0,0.0,0.0,0.0,0.0,-0.49,0.22,0.43,1.0,,,,,2025-10-04 12:44:47.033,2025-10-04 12:44:47.033
3534268.0,17631.27,70.56,-52.13,-2.12,0.0,0.0,0.0,0.0,0.0,0.0,-0.57,0.45,0.35,1.0,,,,,2025-10-04 12:44:50.268,2025-10-04 12:44:50.268
3537551.0,17664.48,70.1,-52.25,-2.19,0.0,0.0,0.0,0.0,0.0,0.0,-0.32,0.49,0.43,1.0,,,,,2025-10-04 12:44:53.551,2025-10-04 12:44:53.551
3540811.0,17681.88,69.86,-52.25,-2.25,0.0,0.0,0.0,0.0,0.0,0.0,-0.02,0.35,0.4,1.0,,,,,2025-10-04 12:44:56.811,2025-10-04 12:44:56.811
3544048.0,17700.78,69.6,-52.13,-2.31,0.0,0.0,0.0,0.0,0.0,0.0,-0.09,0.14,0.42,1.0,,,,,2025-10-04 12:45:00.048,2025-10-04 12:45:00.048
3547332.0,17747.55,68.96,-52.0,-2.37,0.0,0.0,0.0,0.0,0.0,0.0,-0.17,0.0,0.4,1.0,,,,,2025-10-04 12:45:03.332,2025-10-04 12:45:03.332
3550594.0,17808.0,68.14,-52.0,-2.44,0.0,0.0,0.0,0.0,0.0,0.0,-0.12,-0.01,0.39,1.0,,,,,2025-10-04 12:45:06.594,2025-10-04 12:45:06.594
3553832.0,17830.26,67.84,-52.0,-2.5,0.0,0.0,0.0,0.0,0.0,0.0,-0.12,0.15,0.45,1.0,,,,,2025-10-04 12:45:09.832,2025-10-04 12:45:09.832
3557116.0,17910.31,66.77,-51.88,-2.56,0.0,0.0,0.0,0.0,0.0,0.0,-0.01,0.16,0.41,1.0,,,,,2025-10-04 12:45:13.116,2025-10-04 12:45:13.116
3560377.0,17883.26,67.13,-51.75,-2.62,0.0,0.0,0.0,0.0,0.0,0.0,-0.02,0.33,0.4,1.0,,,,,2025-10-04 12:45:16.377,2025-10-04 12:45:16.377
3563615.0,17924.63,66.58,-51.75,-2.69,0.0,0.0,0.0,0.0,0.0,0.0,-0.06,0.34,0.44,1.0,,,,,2025-10-04 12:45:19.615,2025-10-04 12:45:19.615
3566900.0,17932.94,66.47,-51.63,-2.75,0.0,0.0,0.0,0.0,0.0,0.0,-0.05,0.4,0.41,1.0,,,,,2025-10-04 12:45:22.900,2025-10-04 12:45:22.900
3570162.0,17919.35,66.65,-51.5,-2.81,0.0,0.0,0.0,0.0,0.0,0.0,-0.2,0.42,0.45,1.0,,,,,2025-10-04 12:45:26.162,2025-10-04 12:45:26.162
3573401.0,17933.7,66.46,-51.38,-2.87,0.0,0.0,0.0,0.0,0.0,0.0,-0.17,0.61,0.33,1.0,,,,,2025-10-04 12:45:29.401,2025-10-04 12:45:29.401
3576687.0,17938.99,66.39,-51.25,-2.94,0.0,0.0,0.0,0.0,0.0,0.0,-0.33,0.48,0.43,1.0,,,,,2025-10-04 12:45:32.687,2025-10-04 12:45:32.687
3579951.0,17947.32,66.28,-51.13,-3.0,0.0,0.0,0.0,0.0,0.0,0.0,-0.26,0.59,0.36,1.0,,,,,2025-10-04 12:45:35.951,2025-10-04 12:45:35.951
3583191.0,17957.17,66.15,-51.0,-3.06,0.0,0.0,0.0,0.0,0.0,0.0,-0.4,0.42,0.44,1.0,,,,,2025-10-04 12:45:39.191,2025-10-04 12:45:39.191
3586478.0,18012.04,65.43,-51.0,-3.06,0.0,0.0,0.0,0.0,0.0,0.0,-0.36,0.59,0.36,1.0,,,,,2025-10-04 12:45:42.478,2025-10-04 12:45:42.478
3589743.0,18023.53,65.28,-51.0,-3.19,0.0,0.0,0.0,0.0,0.0,0.0,-0.24,0.36,0.47,1.0,,,,,2025-10-04 12:45:45.743,2025-10-04 12:45:45.743
3592984.0,18121.7,64.01,-51.0,-3.25,0.0,0.0,0.0,0.0,0.0,0.0,0.03,0.43,0.34,1.0,,,,,2025-10-04 12:45:48.984,2025-10-04 12:45:48.984
3596203.0,18176.49,63.31,-50.88,-3.31,0.0,0.0,0.0,0.0,0.0,0.0,-0.08,0.21,0.45,1.0,,,,,2025-10-04 12:45:52.203,2025-10-04 12:45:52.203
3599469.0,18230.97,62.62,-51.13,-3.31,0.0,0.0,0.0,0.0,0.0,0.0,-0.01,0.21,0.41,1.0,,,,,2025-10-04 12:45:55.469,2025-10-04 12:45:55.469
3602712.0,18189.87,63.14,-50.88,-3.37,0.0,0.0,0.0,0.0,0.0,0.0,-0.16,0.15,0.44,1.0,,,,,2025-10-04 12:45:58.712,2025-10-04 12:45:58.712
3605932.0,18205.64,62.94,-51.0,-3.44,0.0,0.0,0.0,0.0,0.0,0.0,-0.16,0.02,0.4,1.0,,,,,2025-10-04 12:46:01.932,2025-10-04 12:46:01.932
3609199.0,18235.73,62.56,-51.0,-3.5,0.0,0.0,0.0,0.0,0.0,0.0,-0.34,0.12,0.46,1.0,,,,,2025-10-04 12:46:05.199,2025-10-04 12:46:05.199
3612443.0,18271.55,62.11,-51.13,-3.56,0.0,0.0,0.0,0.0,0.0,0.0,-0.44,0.1,0.41,1.0,,,,,2025-10-04 12:46:08.443,2025-10-04 12:46:08.443
3615664.0,18298.76,61.77,-51.13,-3.62,0.0,0.0,0.0,0.0,0.0,0.0,-0.5,0.21,0.41,1.0,,,,,2025-10-04 12:46:11.664,2025-10-04 12:46:11.664
3618932.0,18318.84,61.52,-51.25,-3.69,0.0,0.0,0.0,0.0,0.0,0.0,-0.5,0.13,0.39,1.0,,,,,2025-10-04 12:46:14.932,2025-10-04 12:46:14.932
3622177.0,18332.54,61.35,-51.25,-3.75,0.0,0.0,0.0,0.0,0.0,0.0,-0.43,0.18,0.44,1.0,,,,,2025-10-04 12:46:18.177,2025-10-04 12:46:18.177
3625399.0,18352.73,61.1,-51.25,-3.81,0.0,0.0,0.0,0.0,0.0,0.0,-0.44,0.14,0.42,1.0,,,,,2025-10-04 12:46:21.399,2025-10-04 12:46:21.399
3631914.0,18378.68,60.78,-51.0,-3.87,0.0,0.0,0.0,0.0,0.0,0.0,-0.44,0.12,0.43,1.0,,,,,2025-10-04 12:46:27.914,2025-10-04 12:46:27.914
3635137.0,18385.99,60.69,-51.0,-3.94,0.0,0.0,0.0,0.0,0.0,0.0,-0.34,0.01,0.4,1.0,,,,,2025-10-04 12:46:31.137,2025-10-04 12:46:31.137
3638407.0,18413.71,60.35,-50.88,-4.0,0.0,0.0,0.0,0.0,0.0,0.0,-0.17,0.07,0.44,1.0,,,,,2025-10-04 12:46:34.407,2025-10-04 12:46:34.407
3641655.0,18486.06,59.47,-50.88,-4.06,0.0,0.0,0.0,0.0,0.0,0.0,-0.06,0.22,0.44,1.0,,,,,2025-10-04 12:46:37.655,2025-10-04 12:46:37.655
3644879.0,18494.33,59.37,-50.75,-4.12,0.0,0.0,0.0,0.0,0.0,0.0,-0.07,0.3,0.44,1.0,,,,,2025-10-04 12:46:40.879,2025-10-04 12:46:40.879
3648150.0,18527.55,58.97,-50.75,-4.19,0.0,0.0,0.0,0.0,0.0,0.0,-0.09,0.48,0.39,1.0,,,,,2025-10-04 12:46:44.150,2025-10-04 12:46:44.150
3651399.0,18543.39,58.78,-50.75,-4.19,0.0,0.0,0.0,0.0,0.0,0.0,-0.16,0.53,0.39,1.0,,,,,2025-10-04 12:46:47.399,2025-10-04 12:46:47.399
3654624.0,18555.09,58.64,-50.63,-4.31,0.0,0.0,0.0,0.0,0.0,0.0,-0.41,0.54,0.38,1.0,,,,,2025-10-04 12:46:50.624,2025-10-04 12:46:50.624
3657897.0,18582.76,58.31,-50.63,-4.31,0.0,0.0,0.0,0.0,0.0,0.0,-0.46,0.52,0.37,1.0,,,,,2025-10-04 12:46:53.897,2025-10-04 12:46:53.897
3661147.0,18618.15,57.89,-50.63,-4.37,0.0,0.0,0.0,0.0,0.0,0.0,-0.53,0.41,0.39,1.0,,,,,2025-10-04 12:46:57.147,2025-10-04 12:46:57.147
3667647.0,18646.96,57.55,-50.63,-4.5,0.0,0.0,0.0,0.0,0.0,0.0,-0.29,0.05,0.43,1.0,,,,,2025-10-04 12:47:03.647,2025-10-04 12:47:03.647
3670898.0,18681.88,57.14,-50.5,-4.56,0.0,0.0,0.0,0.0,0.0,0.0,-0.25,0.08,0.45,1.0,,,,,2025-10-04 12:47:06.898,2025-10-04 12:47:06.898
3674126.0,18842.02,55.29,-50.5,-4.62,0.0,0.0,0.0,0.0,0.0,0.0,-0.08,0.04,0.39,1.0,,,,,2025-10-04 12:47:10.126,2025-10-04 12:47:10.126
3677401.0,18733.35,56.54,-50.38,-4.69,0.0,0.0,0.0,0.0,0.0,0.0,-0.08,0.34,0.44,1.0,,,,,2025-10-04 12:47:13.401,2025-10-04 12:47:13.401
3680653.0,18793.09,55.85,-50.38,-4.69,0.0,0.0,0.0,0.0,0.0,0.0,-0.01,0.31,0.41,1.0,,,,,2025-10-04 12:47:16.653,2025-10-04 12:47:16.653
3683983.0,18755.79,56.28,-50.25,-4.75,0.0,0.0,0.0,0.0,0.0,0.0,-0.22,0.53,0.41,1.0,,,,,2025-10-04 12:47:19.983,2025-10-04 12:47:19.983
3687260.0,18794.83,55.83,-50.38,-4.81,0.0,0.0,0.0,0.0,0.0,0.0,-0.26,0.57,0.36,1.0,,,,,2025-10-04 12:47:23.260,2025-10-04 12:47:23.260
3690513.0,18774.84,56.06,-50.13,-4.87,0.0,0.0,0.0,0.0,0.0,0.0,-0.25,0.49,0.42,1.0,,,,,2025-10-04 12:47:26.513,2025-10-04 12:47:26.513
3693744.0,18798.31,55.79,-50.13,-4.94,0.0,0.0,0.0,0.0,0.0,0.0,-0.25,0.53,0.4,1.0,,,,,2025-10-04 12:47:29.744,2025-10-04 12:47:29.744
3697021.0,18829.75,55.43,-50.0,-4.94,0.0,0.0,0.0,0.0,0.0,0.0,-0.39,0.56,0.36,1.0,,,,,2025-10-04 12:47:33.021,2025-10-04 12:47:33.021
3700276.0,18803.54,55.73,-49.88,-5.0,0.0,0.0,0.0,0.0,0.0,0.0,-0.33,0.52,0.41,1.0,,,,,2025-10-04 12:47:36.276,2025-10-04 12:47:36.276
3703507.0,18826.24,55.47,-49.88,-5.12,0.0,0.0,0.0,0.0,0.0,0.0,-0.49,0.5,0.36,1.0,,,,,2025-10-04 12:47:39.507,2025-10-04 12:47:39.507
3706785.0,18841.14,55.3,-50.0,-5.12,0.0,0.0,0.0,0.0,0.0,0.0,-0.41,0.37,0.46,1.0,,,,,2025-10-04 12:47:42.785,2025-10-04 12:47:42.785
3710041.0,18863.99,55.04,-49.88,-5.19,0.0,0.0,0.0,0.0,0.0,0.0,-0.48,0.42,0.41,1.0,,,,,2025-10-04 12:47:46.041,2025-10-04 12:47:46.041
3713273.0,18872.8,54.94,-49.88,-5.25,0.0,0.0,0.0,0.0,0.0,0.0,-0.62,0.36,0.33,1.0,,,,,2025-10-04 12:47:49.273,2025-10-04 12:47:49.273
3716554.0,18901.97,54.61,-49.88,-5.25,0.0,0.0,0.0,0.0,0.0,0.0,-0.45,0.44,0.41,1.0,,,,,2025-10-04 12:47:52.554,2025-10-04 12:47:52.554
3719811.0,18936.63,54.22,-49.88,-5.31,0.0,0.0,0.0,0.0,0.0,0.0,-0.61,0.26,0.35,1.0,,,,,2025-10-04 12:47:55.811,2025-10-04 12:47:55.811
3723044.0,18961.63,53.94,-49.88,-5.37,0.0,0.0,0.0,0.0,0.0,0.0,-0.46,0.42,0.42,1.0,,,,,2025-10-04 12:47:59.044,2025-10-04 12:47:59.044
3726325.0,19015.58,53.34,-49.88,-5.44,0.0,0.0,0.0,0.0,0.0,0.0,-0.56,0.47,0.34,1.0,,,,,2025-10-04 12:48:02.325,2025-10-04 12:48:02.325
3729583.0,19067.28,52.77,-50.13,-5.5,0.0,0.0,0.0,0.0,0.0,0.0,-0.27,0.28,0.48,1.0,,,,,2025-10-04 12:48:05.583,2025-10-04 12:48:05.583
3732820.0,19127.71,52.11,-50.13,-5.56,0.0,0.0,0.0,0.0,0.0,0.0,-0.34,0.69,0.25,1.0,,,,,2025-10-04 12:48:08.820,2025-10-04 12:48:08.820
3736103.0,19140.61,51.97,-50.0,-5.56,0.0,0.0,0.0,0.0,0.0,0.0,-0.31,0.39,0.47,1.0,,,,,2025-10-04 12:48:12.103,2025-10-04 12:48:12.103
3739362.0,19212.06,51.2,-50.13,-5.62,0.0,0.0,0.0,0.0,0.0,0.0,-0.02,0.59,0.26,1.0,,,,,2025-10-04 12:48:15.362,2025-10-04 12:48:15.362
3742597.0,19306.17,50.2,-50.25,-5.69,0.0,0.0,0.0,0.0,0.0,0.0,-0.1,0.37,0.44,1.0,,,,,2025-10-04 12:48:18.597,2025-10-04 12:48:18.597
3745880.0,19355.71,49.68,-50.38,-5.75,0.0,0.0,0.0,0.0,0.0,0.0,0.01,0.15,0.38,1.0,,,,,2025-10-04 12:48:21.880,2025-10-04 12:48:21.880
3749140.0,19380.63,49.42,-50.38,-5.81,0.0,0.0,0.0,0.0,0.0,0.0,-0.05,0.22,0.41,1.0,,,,,2025-10-04 12:48:25.140,2025-10-04 12:48:25.140
3752378.0,19357.62,49.66,-50.38,-5.81,0.0,0.0,0.0,0.0,0.0,0.0,-0.2,0.21,0.47,1.0,,,,,2025-10-04 12:48:28.378,2025-10-04 12:48:28.378
3755663.0,19499.03,48.2,-50.38,-5.87,0.0,0.0,0.0,0.0,0.0,0.0,0.07,0.13,0.33,1.0,,,,,2025-10-04 12:48:31.663,2025-10-04 12:48:31.663
3758926.0,19517.69,48.01,-50.25,-5.94,0.0,0.0,0.0,0.0,0.0,0.0,-0.07,0.33,0.43,1.0,,,,,2025-10-04 12:48:34.926,2025-10-04 12:48:34.926
3762166.0,19579.98,47.38,-50.25,-6.0,0.0,0.0,0.0,0.0,0.0,0.0,0.03,0.22,0.39,1.0,,,,,2025-10-04 12:48:38.166,2025-10-04 12:48:38.166
3765453.0,19592.91,47.25,-50.5,-6.0,0.0,0.0,0.0,0.0,0.0,0.0,-0.09,0.41,0.42,1.0,,,,,2025-10-04 12:48:41.453,2025-10-04 12:48:41.453
3768718.0,19618.88,46.99,-50.5,-6.06,0.0,0.0,0.0,0.0,0.0,0.0,-0.03,0.4,0.39,1.0,,,,,2025-10-04 12:48:44.718,2025-10-04 12:48:44.718
3771960.0,19634.91,46.83,-50.5,-6.12,0.0,0.0,0.0,0.0,0.0,0.0,-0.14,0.51,0.39,1.0,,,,,2025-10-04 12:48:47.960,2025-10-04 12:48:47.960
3775180.0,19609.88,47.08,-50.5,-6.19,0.0,0.0,0.0,0.0,0.0,0.0,-0.21,0.44,0.44,1.0,,,,,2025-10-04 12:48:51.180,2025-10-04 12:48:51.180
3778446.0,19667.11,46.51,-50.63,-6.25,0.0,0.0,0.0,0.0,0.0,0.0,-0.3,0.56,0.39,1.0,,,,,2025-10-04 12:48:54.446,2025-10-04 12:48:54.446
3781689.0,19672.16,46.46,-50.5,-6.25,0.0,0.0,0.0,0.0,0.0,0.0,-0.26,0.35,0.47,1.0,,,,,2025-10-04 12:48:57.689,2025-10-04 12:48:57.689
3784909.0,19701.52,46.17,-50.5,,,,,,,,-0.64,0.31,0.31,1.0,,,,,2025-10-04 12:49:00.909,2025-10-04 12:49:00.909
3788176.0,19754.55,45.65,-50.5,-6.37,0.0,0.0,0.0,0.0,0.0,0.0,-0.23,0.09,0.45,1.0,,,,,2025-10-04 12:49:04.176,2025-10-04 12:49:04.176
3791421.0,19916.63,44.09,-50.63,-6.44,0.0,0.0,0.0,0.0,0.0,0.0,-0.02,-0.03,0.33,1.0,,,,,2025-10-04 12:49:07.421,2025-10-04 12:49:07.421
3794642.0,19880.91,44.43,-50.38,-6.44,0.0,0.0,0.0,0.0,0.0,0.0,-0.12,0.47,0.42,1.0,,,,,2025-10-04 12:49:10.642,2025-10-04 12:49:10.642
3801153.0,19885.1,44.39,-50.38,-6.56,0.0,0.0,0.0,0.0,0.0,0.0,-0.24,-0.01,0.4,1.0,,,,,2025-10-04 12:49:17.153,2025-10-04 12:49:17.153
3804374.0,19975.94,43.53,-50.38,-6.62,0.0,0.0,0.0,0.0,0.0,0.0,-0.11,0.29,0.45,1.0,,,,,2025-10-04 12:49:20.374,2025-10-04 12:49:20.374
3807641.0,19949.39,43.78,-50.13,-6.69,0.0,0.0,0.0,0.0,0.0,0.0,-0.44,0.6,0.31,1.0,,,,,2025-10-04 12:49:23.641,2025-10-04 12:49:23.641
3810885.0,19924.01,44.02,-50.13,-6.69,0.0,0.0,0.0,0.0,0.0,0.0,-0.37,0.27,0.47,1.0,,,,,2025-10-04 12:49:26.885,2025-10-04 12:49:26.885
3814106.0,19982.33,43.47,-50.25,-6.75,0.0,0.0,0.0,0.0,0.0,0.0,-0.13,0.01,0.4,1.0,,,,,2025-10-04 12:49:30.106,2025-10-04 12:49:30.106
3817374.0,20082.33,42.54,-50.25,-6.81,0.0,0.0,0.0,0.0,0.0,0.0,-0.13,0.45,0.41,1.0,,,,,2025-10-04 12:49:33.374,2025-10-04 12:49:33.374
3820619.0,20047.72,42.86,-50.13,-6.87,0.0,0.0,0.0,0.0,0.0,0.0,-0.41,0.61,0.32,1.0,,,,,2025-10-04 12:49:36.619,2025-10-04 12:49:36.619
3823841.0,20068.25,42.67,-50.13,-6.87,0.0,0.0,0.0,0.0,0.0,0.0,-0.41,0.03,0.39,1.0,,,,,2025-10-04 12:49:39.841,2025-10-04 12:49:39.841
3827110.0,20111.69,42.27,-50.25,-6.94,0.0,0.0,0.0,0.0,0.0,0.0,-0.46,0.16,0.41,1.0,,,,,2025-10-04 12:49:43.110,2025-10-04 12:49:43.110
3830357.0,20261.94,40.91,-50.25,-7.0,0.0,0.0,0.0,0.0,0.0,0.0,0.12,0.16,0.3,1.0,,,,,2025-10-04 12:49:46.357,2025-10-04 12:49:46.357
3833580.0,20198.49,41.48,-50.13,-7.06,0.0,0.0,0.0,0.0,0.0,0.0,-0.25,0.12,0.46,1.0,,,,,2025-10-04 12:49:49.580,2025-10-04 12:49:49.580
3836851.0,20256.35,40.96,-50.25,-7.06,0.0,0.0,0.0,0.0,0.0,0.0,-0.14,0.71,0.17,1.0,,,,,2025-10-04 12:49:52.851,2025-10-04 12:49:52.851
3840100.0,20256.35,40.96,-50.13,-7.12,0.0,0.0,0.0,0.0,0.0,0.0,-0.28,0.22,0.47,1.0,,,,,2025-10-04 12:49:56.100,2025-10-04 12:49:56.100
3843325.0,20304.65,40.53,-50.25,-7.19,0.0,0.0,0.0,0.0,0.0,0.0,-0.69,0.4,0.21,1.0,,,,,2025-10-04 12:49:59.325,2025-10-04 12:49:59.325
3846597.0,20346.54,40.16,-50.25,-7.25,0.0,0.0,0.0,0.0,0.0,0.0,-0.42,0.21,0.45,1.0,,,,,2025-10-04 12:50:02.597,2025-10-04 12:50:02.597
3849847.0,20402.51,39.67,-50.25,-7.25,0.0,0.0,0.0,0.0,0.0,0.0,-0.27,-0.07,0.36,1.0,,,,,2025-10-04 12:50:05.847,2025-10-04 12:50:05.847
3853073.0,20460.19,39.17,-50.5,-7.31,0.0,0.0,0.0,0.0,0.0,0.0,-0.11,0.11,0.43,1.0,,,,,2025-10-04 12:50:09.073,2025-10-04 12:50:09.073
3856345.0,20800.88,36.32,-50.38,-7.37,0.0,0.0,0.0,0.0,0.0,0.0,-0.04,0.09,0.39,1.0,,,,,2025-10-04 12:50:12.345,2025-10-04 12:50:12.345
3859594.0,20635.71,37.68,-50.38,-7.37,0.0,0.0,0.0,0.0,0.0,0.0,-0.03,0.22,0.43,1.0,,,,,2025-10-04 12:50:15.594,2025-10-04 12:50:15.594
3862821.0,20610.63,37.89,-50.25,-7.44,0.0,0.0,0.0,0.0,0.0,0.0,-0.03,0.29,0.41,1.0,,,,,2025-10-04 12:50:18.821,2025-10-04 12:50:18.821
3866093.0,20712.82,37.04,-50.38,-7.5,0.0,0.0,0.0,0.0,0.0,0.0,-0.06,0.4,0.41,1.0,,,,,2025-10-04 12:50:22.093,2025-10-04 12:50:22.093
3869344.0,20729.84,36.9,-50.38,-7.56,0.0,0.0,0.0,0.0,0.0,0.0,-0.13,0.4,0.44,1.0,,,,,2025-10-04 12:50:25.344,2025-10-04 12:50:25.344
3872571.0,20744.46,36.78,-50.38,-7.56,0.0,0.0,0.0,0.0,0.0,0.0,-0.13,0.45,0.41,1.0,,,,,2025-10-04 12:50:28.571,2025-10-04 12:50:28.571
3875847.0,20767.7,36.59,-50.63,-7.62,0.0,0.0,0.0,0.0,0.0,0.0,-0.1,0.23,0.44,1.0,,,,,2025-10-04 12:50:31.847,2025-10-04 12:50:31.847
3879099.0,20716.47,37.01,-50.25,-7.69,0.0,0.0,0.0,0.0,0.0,0.0,0.09,0.34,0.32,1.0,,,,,2025-10-04 12:50:35.099,2025-10-04 12:50:35.099
3882327.0,20818.17,36.18,-50.25,-7.75,0.0,0.0,0.0,0.0,0.0,0.0,-0.08,0.15,0.43,1.0,,,,,2025-10-04 12:50:38.327,2025-10-04 12:50:38.327
3885604.0,20791.03,36.4,-50.13,-7.75,0.0,0.0,0.0,0.0,0.0,0.0,-0.07,0.05,0.39,1.0,,,,,2025-10-04 12:50:41.604,2025-10-04 12:50:41.604
3888857.0,20804.58,36.29,-50.13,-7.81,0.0,0.0,0.0,0.0,0.0,0.0,-0.1,0.07,0.42,1.0,,,,,2025-10-04 12:50:44.857,2025-10-04 12:50:44.857
3892088.0,20830.55,36.08,-50.13,-7.87,0.0,0.0,0.0,0.0,0.0,0.0,-0.51,0.12,0.4,1.0,,,,,2025-10-04 12:50:48.088,2025-10-04 12:50:48.088
3895366.0,20875.35,35.72,-50.13,-7.94,0.0,0.0,0.0,0.0,0.0,0.0,-0.34,0.04,0.42,1.0,,,,,2025-10-04 12:50:51.366,2025-10-04 12:50:51.366
3898621.0,20936.92,35.23,-50.0,-7.94,0.0,0.0,0.0,0.0,0.0,0.0,-0.44,0.63,0.3,1.0,,,,,2025-10-04 12:50:54.621,2025-10-04 12:50:54.621
3901852.0,20925.56,35.32,-50.0,-8.0,0.0,0.0,0.0,0.0,0.0,0.0,-0.55,0.35,0.38,1.0,,,,,2025-10-04 12:50:57.852,2025-10-04 12:50:57.852
3905132.0,21023.53,34.55,-50.0,-8.06,0.0,0.0,0.0,0.0,0.0,0.0,0.05,0.53,0.27,1.0,,,,,2025-10-04 12:51:01.132,2025-10-04 12:51:01.132
3908388.0,21031.24,34.49,-50.13,-8.06,0.0,0.0,0.0,0.0,0.0,0.0,-0.25,0.52,0.41,1.0,,,,,2025-10-04 12:51:04.388,2025-10-04 12:51:04.388
3911622.0,21119.36,33.81,-50.0,-8.13,0.0,0.0,0.0,0.0,0.0,0.0,0.13,0.05,0.24,1.0,,,,,2025-10-04 12:51:07.622,2025-10-04 12:51:07.622
3914904.0,21098.49,33.97,-49.88,-8.19,0.0,0.0,0.0,0.0,0.0,0.0,-0.12,0.34,0.45,1.0,,,,,2025-10-04 12:51:10.904,2025-10-04 12:51:10.904
3918163.0,21208.93,33.13,-49.75,-8.19,0.0,0.0,0.0,0.0,0.0,0.0,-0.14,-0.09,0.34,1.0,,,,,2025-10-04 12:51:14.163,2025-10-04 12:51:14.163
3921399.0,21191.69,33.26,-49.88,-8.25,0.0,0.0,0.0,0.0,0.0,0.0,-0.27,0.25,0.48,1.0,,,,,2025-10-04 12:51:17.399,2025-10-04 12:51:17.399
3924681.0,21232.88,32.95,-50.0,-8.31,0.0,0.0,0.0,0.0,0.0,0.0,-0.54,0.3,0.39,1.0,,,,,2025-10-04 12:51:20.681,2025-10-04 12:51:20.681
3927941.0,21290.55,32.52,-49.88,-8.31,0.0,0.0,0.0,0.0,0.0,0.0,-0.23,0.52,0.4,1.0,,,,,2025-10-04 12:51:23.941,2025-10-04 12:51:23.941
3931176.0,21359.75,32.01,-49.75,-8.38,0.0,0.0,0.0,0.0,0.0,0.0,-0.17,0.48,0.42,1.0,,,,,2025-10-04 12:51:27.176,2025-10-04 12:51:27.176
3934459.0,21460.37,31.28,-49.88,-8.44,0.0,0.0,0.0,0.0,0.0,0.0,0.05,0.05,0.34,1.0,,,,,2025-10-04 12:51:30.459,2025-10-04 12:51:30.459
3937721.0,21376.16,31.89,-49.75,-8.5,0.0,0.0,0.0,0.0,0.0,0.0,-0.35,0.17,0.47,1.0,,,,,2025-10-04 12:51:33.721,2025-10-04 12:51:33.721
3940959.0,21414.65,31.61,-49.75,-8.5,0.0,0.0,0.0,0.0,0.0,0.0,-0.62,0.36,0.33,1.0,,,,,2025-10-04 12:51:36.959,2025-10-04 12:51:36.959
3944245.0,21565.75,30.53,-50.0,-8.56,0.0,0.0,0.0,0.0,0.0,0.0,-0.05,0.29,0.44,1.0,,,,,2025-10-04 12:51:40.245,2025-10-04 12:51:40.245
3950748.0,21528.98,30.79,-50.0,-8.63,0.0,0.0,0.0,0.0,0.0,0.0,-0.65,0.49,0.24,1.0,,,,,2025-10-04 12:51:46.748,2025-10-04 12:51:46.748
3954036.0,21552.99,30.62,-49.88,-8.69,0.0,0.0,0.0,0.0,0.0,0.0,-0.37,0.26,0.47,1.0,,,,,2025-10-04 12:51:50.036,2025-10-04 12:51:50.036
3957299.0,21605.63,30.25,-50.0,-8.75,0.0,0.0,0.0,0.0,0.0,0.0,-0.22,-0.24,0.15,1.0,,,,,2025-10-04 12:51:53.299,2025-10-04 12:51:53.299
3960541.0,21622.81,30.13,-50.13,-8.75,0.0,0.0,0.0,0.0,0.0,0.0,-0.13,0.19,0.46,1.0,,,,,2025-10-04 12:51:56.541,2025-10-04 12:51:56.541
3967093.0,21677.59,29.75,-49.88,-8.88,0.0,0.0,0.0,0.0,0.0,0.0,-0.22,0.63,0.31,1.0,,,,,2025-10-04 12:52:03.093,2025-10-04 12:52:03.093
3970335.0,21746.13,29.28,-49.75,-8.88,0.0,0.0,0.0,0.0,0.0,0.0,-0.2,0.66,0.28,1.0,,,,,2025-10-04 12:52:06.335,2025-10-04 12:52:06.335
3973555.0,21730.01,29.39,-49.88,-8.94,0.0,0.0,0.0,0.0,0.0,0.0,-0.64,0.04,0.21,1.0,,,,,2025-10-04 12:52:09.555,2025-10-04 12:52:09.555
3976820.0,21754.95,29.22,-49.75,-9.0,0.0,0.0,0.0,0.0,0.0,0.0,-0.39,0.23,0.47,1.0,,,,,2025-10-04 12:52:12.820,2025-10-04 12:52:12.820
3983283.0,21890.46,28.31,-49.88,-9.06,0.0,0.0,0.0,0.0,0.0,0.0,0.03,0.27,0.39,1.0,,,,,2025-10-04 12:52:19.283,2025-10-04 12:52:19.283
3986548.0,21828.97,28.72,-49.75,-9.13,0.0,0.0,0.0,0.0,0.0,0.0,-0.2,-0.16,0.28,1.0,,,,,2025-10-04 12:52:22.548,2025-10-04 12:52:22.548
3993011.0,21926.78,28.07,-49.88,-9.19,0.0,0.0,0.0,0.0,0.0,0.0,-0.2,0.12,0.42,1.0,,,,,2025-10-04 12:52:29.011,2025-10-04 12:52:29.011
3996277.0,21990.96,27.65,-50.13,-9.25,0.0,0.0,0.0,0.0,0.0,0.0,-0.67,0.15,0.22,1.0,,,,,2025-10-04 12:52:32.277,2025-10-04 12:52:32.277
3999521.0,21994.04,27.63,-50.13,-9.25,0.0,0.0,0.0,0.0,0.0,0.0,-0.29,0.01,0.39,1.0,,,,,2025-10-04 12:52:35.521,2025-10-04 12:52:35.521
4002741.0,22024.9,27.43,-50.13,-9.31,0.0,0.0,0.0,0.0,0.0,0.0,-0.43,0.44,0.35,1.0,,,,,2025-10-04 12:52:38.741,2025-10-04 12:52:38.741
4006009.0,22077.78,27.09,-50.13,-9.38,0.0,0.0,0.0,0.0,0.0,0.0,-0.54,-0.07,0.23,1.0,,,,,2025-10-04 12:52:42.009,2025-10-04 12:52:42.009
4009254.0,22087.16,27.03,-50.13,-9.38,0.0,0.0,0.0,0.0,0.0,0.0,-0.34,0.27,0.42,1.0,,,,,2025-10-04 12:52:45.254,2025-10-04 12:52:45.254
4012475.0,22153.35,26.61,-50.25,-9.44,0.0,0.0,0.0,0.0,0.0,0.0,-0.44,-0.19,0.19,1.0,,,,,2025-10-04 12:52:48.475,2025-10-04 12:52:48.475
4015742.0,22129.62,26.76,-50.25,-9.5,0.0,0.0,0.0,0.0,0.0,0.0,-0.15,0.1,0.41,1.0,,,,,2025-10-04 12:52:51.742,2025-10-04 12:52:51.742
4018987.0,22159.7,26.57,-50.25,-9.5,0.0,0.0,0.0,0.0,0.0,0.0,-0.27,-0.21,0.23,1.0,,,,,2025-10-04 12:52:54.987,2025-10-04 12:52:54.987
4022206.0,22278.55,25.83,-50.25,-9.56,0.0,0.0,0.0,0.0,0.0,0.0,0.13,0.22,0.27,1.0,,,,,2025-10-04 12:52:58.206,2025-10-04 12:52:58.206
4025473.0,22194.75,26.35,-50.13,-9.63,0.0,0.0,0.0,0.0,0.0,0.0,-0.18,-0.04,0.37,1.0,,,,,2025-10-04 12:53:01.473,2025-10-04 12:53:01.473
4028719.0,22238.09,26.08,-50.0,-9.63,0.0,0.0,0.0,0.0,0.0,0.0,0.19,0.31,0.16,1.0,,,,,2025-10-04 12:53:04.719,2025-10-04 12:53:04.719
4031939.0,22268.81,25.89,-50.0,-9.69,0.0,0.0,0.0,0.0,0.0,0.0,-0.13,0.22,0.42,1.0,,,,,2025-10-04 12:53:07.939,2025-10-04 12:53:07.939
4035208.0,22286.68,25.78,-50.0,-9.69,0.0,0.0,0.0,0.0,0.0,0.0,0.19,0.39,0.09,1.0,,,,,2025-10-04 12:53:11.208,2025-10-04 12:53:11.208
4038454.0,22345.59,25.42,-49.88,-9.75,0.0,0.0,0.0,0.0,0.0,0.0,-0.42,0.49,0.31,1.0,,,,,2025-10-04 12:53:14.454,2025-10-04 12:53:14.454
4041780.0,22376.96,25.23,-49.88,-9.81,0.0,0.0,0.0,0.0,0.0,0.0,-0.29,0.62,0.24,1.0,,,,,2025-10-04 12:53:17.780,2025-10-04 12:53:17.780
4048300.0,22468.84,24.68,-50.0,-9.88,0.0,0.0,0.0,0.0,0.0,0.0,-0.33,0.05,0.4,1.0,,,,,2025-10-04 12:53:24.300,2025-10-04 12:53:24.300
4054797.0,22528.18,24.33,-50.13,-9.94,0.0,0.0,0.0,0.0,0.0,0.0,0.13,-0.11,0.13,1.0,,,,,2025-10-04 12:53:30.797,2025-10-04 12:53:30.797
4058046.0,22517.96,24.39,-50.13,-10.0,0.0,0.0,0.0,0.0,0.0,0.0,-0.22,0.03,0.4,1.0,,,,,2025-10-04 12:53:34.046,2025-10-04 12:53:34.046
4061272.0,22531.59,24.31,-50.0,-10.0,0.0,0.0,0.0,0.0,0.0,0.0,-0.38,-0.28,0.06,1.0,,,,,2025-10-04 12:53:37.272,2025-10-04 12:53:37.272
4064542.0,22787.01,22.85,-50.38,-10.06,0.0,0.0,0.0,0.0,0.0,0.0,-0.14,-0.16,0.28,1.0,,,,,2025-10-04 12:53:40.542,2025-10-04 12:53:40.542
4067788.0,22650.71,23.62,-50.5,-10.13,0.0,0.0,0.0,0.0,0.0,0.0,-0.52,0.24,0.36,1.0,,,,,2025-10-04 12:53:43.788,2025-10-04 12:53:43.788
4071008.0,22708.68,23.29,-50.5,-10.13,0.0,0.0,0.0,0.0,0.0,0.0,-0.71,0.04,0.08,1.0,,,,,2025-10-04 12:53:47.008,2025-10-04 12:53:47.008
4077518.0,22803.19,22.76,-50.63,-10.19,0.0,0.0,0.0,0.0,0.0,0.0,-0.62,0.26,0.27,1.0,,,,,2025-10-04 12:53:53.518,2025-10-04 12:53:53.518
4080806.0,22788.81,22.84,-50.5,-9.5,0.0,0.0,0.0,0.0,0.0,0.0,-0.42,-0.26,0.07,1.0,,,,,2025-10-04 12:53:56.806,2025-10-04 12:53:56.806
4084070.0,22846.57,22.52,-50.63,-9.31,0.0,0.0,0.0,0.0,0.0,0.0,-0.19,-0.01,0.38,1.0,,,,,2025-10-04 12:54:00.070,2025-10-04 12:54:00.070
4090596.0,22872.05,22.38,-50.75,-9.5,0.0,0.0,0.0,0.0,0.0,0.0,0.22,0.01,0.07,1.0,,,,,2025-10-04 12:54:06.596,2025-10-04 12:54:06.596
4093858.0,22864.76,22.42,-50.5,-9.63,0.0,0.0,0.0,0.0,0.0,0.0,-0.09,0.11,0.39,1.0,,,,,2025-10-04 12:54:09.858,2025-10-04 12:54:09.858
4097098.0,22917.87,22.13,-50.38,-9.69,0.0,0.0,0.0,0.0,0.0,0.0,0.13,-0.14,0.08,1.0,,,,,2025-10-04 12:54:13.098,2025-10-04 12:54:13.098
4100385.0,23008.91,21.64,-50.25,-9.69,0.0,0.0,0.0,0.0,0.0,0.0,0.1,0.47,0.17,1.0,,,,,2025-10-04 12:54:16.385,2025-10-04 12:54:16.385
4103649.0,22956.69,21.92,-50.13,-9.75,0.0,0.0,0.0,0.0,0.0,0.0,0.08,0.27,0.29,1.0,,,,,2025-10-04 12:54:19.649,2025-10-04 12:54:19.649
4106891.0,23016.42,21.6,-50.13,-9.81,0.0,0.0,0.0,0.0,0.0,0.0,-0.63,0.58,0.03,1.0,,,,,2025-10-04 12:54:22.891,2025-10-04 12:54:22.891
4110110.0,23059.79,21.37,-50.13,-9.81,0.0,0.0,0.0,0.0,0.0,0.0,-0.34,0.07,0.4,1.0,,,,,2025-10-04 12:54:26.110,2025-10-04 12:54:26.110
4113377.0,23054.12,21.4,-50.0,-9.88,0.0,0.0,0.0,0.0,0.0,0.0,-0.11,-0.22,0.2,1.0,,,,,2025-10-04 12:54:29.377,2025-10-04 12:54:29.377
4116621.0,23165.07,20.82,-49.88,-9.88,0.0,0.0,0.0,0.0,0.0,0.0,-0.35,0.64,0.2,1.0,,,,,2025-10-04 12:54:32.621,2025-10-04 12:54:32.621
4119840.0,23052.22,21.41,-49.75,-9.94,0.0,0.0,0.0,0.0,0.0,0.0,-0.43,0.34,0.39,1.0,,,,,2025-10-04 12:54:35.840,2025-10-04 12:54:35.840
4123107.0,23067.38,21.33,-49.75,-9.94,0.0,0.0,0.0,0.0,0.0,0.0,0.01,-0.24,0.08,1.0,,,,,2025-10-04 12:54:39.107,2025-10-04 12:54:39.107
4126351.0,23105.46,21.13,-49.63,-10.0,0.0,0.0,0.0,0.0,0.0,0.0,-0.26,0.56,0.29,1.0,,,,,2025-10-04 12:54:42.351,2025-10-04 12:54:42.351
4129571.0,23128.45,21.01,-49.5,-10.0,0.0,0.0,0.0,0.0,0.0,0.0,-0.39,0.53,0.3,1.0,,,,,2025-10-04 12:54:45.571,2025-10-04 12:54:45.571
4132838.0,23138.06,20.96,-49.5,-10.06,0.0,0.0,0.0,0.0,0.0,0.0,-0.32,-0.29,0.07,1.0,,,,,2025-10-04 12:54:48.838,2025-10-04 12:54:48.838
4136081.0,23153.48,20.88,-49.5,-10.06,0.0,0.0,0.0,0.0,0.0,0.0,-0.07,0.41,0.34,1.0,,,,,2025-10-04 12:54:52.081,2025-10-04 12:54:52.081
4139369.0,23298.4,20.14,-49.38,-10.06,0.0,0.0,0.0,0.0,0.0,0.0,-0.13,0.6,0.22,1.0,,,,,2025-10-04 12:54:55.369,2025-10-04 12:54:55.369
4142633.0,23235.21,20.46,-49.38,-10.06,0.0,0.0,0.0,0.0,0.0,0.0,-0.44,-0.23,0.09,1.0,,,,,2025-10-04 12:54:58.633,2025-10-04 12:54:58.633
4145872.0,23260.78,20.33,-49.25,-10.13,0.0,0.0,0.0,0.0,0.0,0.0,-0.04,0.24,0.39,1.0,,,,,2025-10-04 12:55:01.872,2025-10-04 12:55:01.872
4152417.0,23282.53,20.22,-49.0,-10.13,0.0,0.0,0.0,0.0,0.0,0.0,-0.72,0.31,0.08,1.0,,,,,2025-10-04 12:55:08.417,2025-10-04 12:55:08.417
4155654.0,23286.49,20.2,-49.0,-10.19,0.0,0.0,0.0,0.0,0.0,0.0,-0.43,0.17,0.4,1.0,,,,,2025-10-04 12:55:11.654,2025-10-04 12:55:11.654
4158937.0,23278.56,20.24,-48.88,-10.19,0.0,0.0,0.0,0.0,0.0,0.0,0.05,-0.25,0.0,1.0,,,,,2025-10-04 12:55:14.937,2025-10-04 12:55:14.937
4162197.0,23330.29,19.98,-48.75,-10.25,0.0,0.0,0.0,0.0,0.0,0.0,-0.14,0.53,0.3,1.0,,,,,2025-10-04 12:55:18.197,2025-10-04 12:55:18.197
4165432.0,23342.31,19.92,-48.5,-10.25,0.0,0.0,0.0,0.0,0.0,0.0,-0.31,0.6,0.25,1.0,,,,,2025-10-04 12:55:21.432,2025-10-04 12:55:21.432
4168713.0,23338.3,19.94,-48.38,-10.25,0.0,0.0,0.0,0.0,0.0,0.0,-0.22,-0.28,0.09,1.0,,,,,2025-10-04 12:55:24.713,2025-10-04 12:55:24.713
4171970.0,23338.3,19.94,-48.38,-10.25,0.0,0.0,0.0,0.0,0.0,0.0,-0.14,0.37,0.39,1.0,,,,,2025-10-04 12:55:27.970,2025-10-04 12:55:27.970
4175201.0,23437.46,19.45,-48.25,-10.31,0.0,0.0,0.0,0.0,0.0,0.0,-0.33,0.68,0.14,1.0,,,,,2025-10-04 12:55:31.201,2025-10-04 12:55:31.201
4178478.0,23455.89,19.36,-48.13,-10.31,0.0,0.0,0.0,0.0,0.0,0.0,-0.31,-0.21,0.2,1.0,,,,,2025-10-04 12:55:34.478,2025-10-04 12:55:34.478
4181732.0,23356.37,19.85,-48.0,-10.38,0.0,0.0,0.0,0.0,0.0,0.0,-0.22,0.04,0.4,1.0,,,,,2025-10-04 12:55:37.732,2025-10-04 12:55:37.732
4184960.0,23400.8,19.63,-47.88,-10.38,0.0,0.0,0.0,0.0,0.0,0.0,0.24,0.24,0.09,1.0,,,,,2025-10-04 12:55:40.960,2025-10-04 12:55:40.960
4188234.0,23400.8,19.63,-47.88,-10.38,0.0,0.0,0.0,0.0,0.0,0.0,-0.4,0.51,0.31,1.0,,,,,2025-10-04 12:55:44.234,2025-10-04 12:55:44.234
4191486.0,23530.32,19.0,-47.63,-10.38,0.0,0.0,0.0,0.0,0.0,0.0,-0.16,0.54,0.3,1.0,,,,,2025-10-04 12:55:47.486,2025-10-04 12:55:47.486
4194712.0,23417.06,19.55,-47.5,-10.44,0.0,0.0,0.0,0.0,0.0,0.0,-0.65,0.53,0.06,1.0,,,,,2025-10-04 12:55:50.712,2025-10-04 12:55:50.712
4197986.0,23417.06,19.55,-47.38,-10.44,0.0,0.0,0.0,0.0,0.0,0.0,-0.38,0.25,0.41,1.0,,,,,2025-10-04 12:55:53.986,2025-10-04 12:55:53.986
4201234.0,23511.61,19.09,-47.13,-10.5,0.0,0.0,0.0,0.0,0.0,0.0,-0.41,0.64,0.17,1.0,,,,,2025-10-04 12:55:57.234,2025-10-04 12:55:57.234
4204458.0,23427.25,19.5,-47.13,-10.5,0.0,0.0,0.0,0.0,0.0,0.0,-0.67,0.28,0.21,1.0,,,,,2025-10-04 12:56:00.458,2025-10-04 12:56:00.458
4207729.0,23451.79,19.38,-46.88,-10.56,0.0,0.0,0.0,0.0,0.0,0.0,-0.26,0.41,0.39,1.0,,,,,2025-10-04 12:56:03.729,2025-10-04 12:56:03.729
4210977.0,23462.05,19.33,-46.88,-10.56,0.0,0.0,0.0,0.0,0.0,0.0,-0.53,0.64,0.06,1.0,,,,,2025-10-04 12:56:06.977,2025-10-04 12:56:06.977
4214198.0,23408.92,19.59,-46.63,-10.56,0.0,0.0,0.0,0.0,0.0,0.0,-0.56,0.3,0.31,1.0,,,,,2025-10-04 12:56:10.198,2025-10-04 12:56:10.198
4217467.0,23565.86,18.83,-46.38,-10.63,0.0,0.0,0.0,0.0,0.0,0.0,-0.12,0.55,0.27,1.0,,,,,2025-10-04 12:56:13.467,2025-10-04 12:56:13.467
4220712.0,23431.33,19.48,-46.0,-10.63,0.0,0.0,0.0,0.0,0.0,0.0,-0.28,0.38,0.4,1.0,4223932.0,,,,2025-10-04 12:56:16.712,2025-10-04 12:56:16.712
4233660.0,23501.24,19.14,-45.75,-10.69,0.0,0.0,0.0,0.0,0.0,0.0,-0.1,0.41,0.37,1.0,,,,,2025-10-04 12:56:29.660,2025-10-04 12:56:29.660
4236925.0,23572.16,18.8,-45.75,-10.75,0.0,0.0,0.0,0.0,0.0,0.0,-0.37,0.7,0.05,1.0,,,,,2025-10-04 12:56:32.925,2025-10-04 12:56:32.925
4240166.0,23542.83,18.94,-45.5,-10.75,0.0,0.0,0.0,0.0,0.0,0.0,-0.5,0.3,0.36,1.0,,,,,2025-10-04 12:56:36.166,2025-10-04 12:56:36.166
4243454.0,23661.22,18.38,-45.38,-10.75,0.0,0.0,0.0,0.0,0.0,0.0,-0.19,0.61,0.25,1.0,,,,,2025-10-04 12:56:39.454,2025-10-04 12:56:39.454
4246718.0,23652.67,18.42,-45.25,,,,,,,,-0.58,0.54,0.14,1.0,,,,,2025-10-04 12:56:42.718,2025-10-04 12:56:42.718
4249957.0,23559.57,18.86,-45.0,-10.81,0.0,0.0,0.0,0.0,0.0,0.0,-0.23,0.29,0.42,1.0,,,,,2025-10-04 12:56:45.957,2025-10-04 12:56:45.957
4253242.0,23627.1,18.54,-44.88,-10.88,0.0,0.0,0.0,0.0,0.0,0.0,-0.24,0.67,0.16,1.0,,,,,2025-10-04 12:56:49.242,2025-10-04 12:56:49.242
4256504.0,23567.96,18.82,-44.88,-10.94,0.0,0.0,0.0,0.0,0.0,0.0,-0.49,0.39,0.33,1.0,,,,,2025-10-04 12:56:52.504,2025-10-04 12:56:52.504
4263024.0,23689.12,18.25,-44.88,,,,,,,,-0.42,0.66,0.1,1.0,,,,,2025-10-04 12:56:59.024,2025-10-04 12:56:59.024
4266284.0,23697.74,18.21,-44.63,-10.88,0.0,0.0,0.0,0.0,0.0,0.0,-0.27,0.35,0.4,1.0,,,,,2025-10-04 12:57:02.284,2025-10-04 12:57:02.284
4269522.0,23758.49,17.93,-44.5,-10.94,0.0,0.0,0.0,0.0,0.0,0.0,-0.17,0.67,0.14,1.0,,,,,2025-10-04 12:57:05.522,2025-10-04 12:57:05.522
4276063.0,23721.51,18.1,-44.13,-11.13,0.0,0.0,0.0,0.0,0.0,0.0,-0.1,0.46,0.33,1.0,,,,,2025-10-04 12:57:12.063,2025-10-04 12:57:12.063
4279295.0,23734.53,18.04,-44.13,-10.56,0.0,0.0,0.0,0.0,0.0,0.0,-0.33,0.7,0.06,1.0,,,,,2025-10-04 12:57:15.295,2025-10-04 12:57:15.295
4282573.0,23747.58,17.98,-44.0,-11.0,0.0,0.0,0.0,0.0,0.0,0.0,-0.38,0.34,0.39,1.0,,,,,2025-10-04 12:57:18.573,2025-10-04 12:57:18.573
4285826.0,23875.62,17.4,-43.75,-10.94,0.0,0.0,0.0,0.0,0.0,0.0,-0.07,0.61,0.18,1.0,,,,,2025-10-04 12:57:21.826,2025-10-04 12:57:21.826
4289055.0,23786.96,17.8,-43.75,-10.81,0.0,0.0,0.0,0.0,0.0,0.0,-0.55,0.48,0.22,1.0,,,,,2025-10-04 12:57:25.055,2025-10-04 12:57:25.055
4292330.0,23797.95,17.75,-43.63,-11.0,0.0,0.0,0.0,0.0,0.0,0.0,-0.14,0.4,0.37,1.0,,,,,2025-10-04 12:57:28.330,2025-10-04 12:57:28.330
4295578.0,23864.45,17.45,-43.5,-11.38,0.0,0.0,0.0,0.0,0.0,0.0,-0.38,0.68,0.12,1.0,,,,,2025-10-04 12:57:31.578,2025-10-04 12:57:31.578
4298802.0,23837.74,17.57,-43.5,-10.75,0.0,0.0,0.0,0.0,0.0,0.0,-0.35,0.28,0.41,1.0,,,,,2025-10-04 12:57:34.802,2025-10-04 12:57:34.802
4302071.0,23961.39,17.02,-43.25,-11.19,0.0,0.0,0.0,0.0,0.0,0.0,-0.11,0.58,0.24,1.0,,,,,2025-10-04 12:57:38.071,2025-10-04 12:57:38.071
4305319.0,23877.86,17.39,-43.25,-11.19,0.0,0.0,0.0,0.0,0.0,0.0,-0.53,0.36,0.3,1.0,,,,,2025-10-04 12:57:41.319,2025-10-04 12:57:41.319
4308544.0,23954.56,17.05,-43.0,-11.25,0.0,0.0,0.0,0.0,0.0,0.0,-0.12,0.4,0.38,1.0,,,,,2025-10-04 12:57:44.544,2025-10-04 12:57:44.544
4311815.0,23931.87,17.15,-42.88,,,,,,,,-0.52,0.56,0.18,1.0,,,,,2025-10-04 12:57:47.815,2025-10-04 12:57:47.815
4315063.0,23873.38,17.41,-42.63,-11.31,0.0,0.0,0.0,0.0,0.0,0.0,-0.28,0.28,0.41,1.0,,,,,2025-10-04 12:57:51.063,2025-10-04 12:57:51.063
4321552.0,23877.86,17.39,-42.38,-11.31,0.0,0.0,0.0,0.0,0.0,0.0,-0.46,0.3,0.37,1.0,,,,,2025-10-04 12:57:57.552,2025-10-04 12:57:57.552
4324797.0,24039.45,16.68,-42.13,,,,,,,,-0.07,0.5,0.3,1.0,,,,,2025-10-04 12:58:00.797,2025-10-04 12:58:00.797
4328017.0,23909.29,17.25,-42.13,-11.38,0.0,0.0,0.0,0.0,0.0,0.0,-0.5,0.39,0.33,1.0,,,,,2025-10-04 12:58:04.017,2025-10-04 12:58:04.017
4331283.0,23988.79,16.9,-41.88,,,,,,,,-0.07,0.31,0.38,1.0,,,,,2025-10-04 12:58:07.283,2025-10-04 12:58:07.283
4334525.0,23943.2,17.1,-41.88,-11.44,0.0,0.0,0.0,0.0,0.0,0.0,-0.59,0.38,0.25,1.0,,,,,2025-10-04 12:58:10.525,2025-10-04 12:58:10.525
4350798.0,23940.93,17.11,-41.25,-11.56,0.0,0.0,0.0,0.0,0.0,0.0,-0.38,0.13,0.4,1.0,,,,,2025-10-04 12:58:26.798,2025-10-04 12:58:26.798
4354036.0,23993.38,16.88,-41.25,-11.56,0.0,0.0,0.0,0.0,0.0,0.0,-0.5,0.42,0.31,1.0,,,,,2025-10-04 12:58:30.036,2025-10-04 12:58:30.036
4357320.0,24034.82,16.7,-41.13,-11.56,0.0,0.0,0.0,0.0,0.0,0.0,-0.11,0.4,0.36,1.0,,,,,2025-10-04 12:58:33.320,2025-10-04 12:58:33.320
4360581.0,24149.52,16.21,-40.88,-11.63,0.0,0.0,0.0,0.0,0.0,0.0,-0.03,0.33,0.36,1.0,,,,,2025-10-04 12:58:36.581,2025-10-04 12:58:36.581
4363817.0,24187.57,16.05,-40.75,-11.63,0.0,0.0,0.0,0.0,0.0,0.0,0.01,0.16,0.37,1.0,,,,,2025-10-04 12:58:39.817,2025-10-04 12:58:39.817
4367099.0,24225.94,15.89,-40.5,-11.63,0.0,0.0,0.0,0.0,0.0,0.0,0.04,0.17,0.35,1.0,,,,,2025-10-04 12:58:43.099,2025-10-04 12:58:43.099
4370358.0,24213.92,15.94,-40.38,-11.69,0.0,0.0,0.0,0.0,0.0,0.0,0.0,0.3,0.36,1.0,,,,,2025-10-04 12:58:46.358,2025-10-04 12:58:46.358
4373594.0,24088.32,16.47,-40.25,-11.69,0.0,0.0,0.0,0.0,0.0,0.0,-0.21,0.4,0.4,1.0,,,,,2025-10-04 12:58:49.594,2025-10-04 12:58:49.594
4376877.0,24090.65,16.46,-40.13,-11.69,0.0,0.0,0.0,0.0,0.0,0.0,-0.35,0.55,0.28,1.0,,,,,2025-10-04 12:58:52.877,2025-10-04 12:58:52.877
4383370.0,24037.14,16.69,-39.88,-11.75,0.0,0.0,0.0,0.0,0.0,0.0,-0.08,-0.05,0.34,1.0,,,,,2025-10-04 12:58:59.370,2025-10-04 12:58:59.370
4386651.0,24166.13,16.14,-39.63,-11.75,0.0,0.0,0.0,0.0,0.0,0.0,-0.1,0.35,0.39,1.0,,,,,2025-10-04 12:59:02.651,2025-10-04 12:59:02.651
4393138.0,24432.66,15.05,-39.38,-11.81,0.0,0.0,0.0,0.0,0.0,0.0,-0.04,0.03,0.35,1.0,,,,,2025-10-04 12:59:09.138,2025-10-04 12:59:09.138
4396513.0,24076.64,16.52,-39.25,,,,,,,,-0.38,0.47,0.33,1.0,,,,,2025-10-04 12:59:12.513,2025-10-04 12:59:12.513
4399768.0,24062.66,16.58,-39.25,-11.88,0.0,0.0,0.0,0.0,0.0,0.0,-0.26,-0.02,0.38,1.0,,,,,2025-10-04 12:59:15.768,2025-10-04 12:59:15.768
4402997.0,24235.58,15.85,-39.0,-11.88,0.0,0.0,0.0,0.0,0.0,0.0,-0.06,0.41,0.33,1.0,,,,,2025-10-04 12:59:18.997,2025-10-04 12:59:18.997
4406271.0,24093.0,16.45,-38.88,-11.94,0.0,0.0,0.0,0.0,0.0,0.0,-0.44,0.19,0.38,1.0,,,,,2025-10-04 12:59:22.271,2025-10-04 12:59:22.271
4409521.0,24242.83,15.82,-38.88,-11.94,0.0,0.0,0.0,0.0,0.0,0.0,-0.12,0.08,0.39,1.0,,,,,2025-10-04 12:59:25.521,2025-10-04 12:59:25.521
4412746.0,24182.8,16.07,-38.63,-11.94,0.0,0.0,0.0,0.0,0.0,0.0,-0.26,0.47,0.34,1.0,,,,,2025-10-04 12:59:28.746,2025-10-04 12:59:28.746
4416017.0,24147.15,16.22,-38.38,-12.0,0.0,0.0,0.0,0.0,0.0,0.0,-0.5,0.13,0.35,1.0,,,,,2025-10-04 12:59:32.017,2025-10-04 12:59:32.017
4419265.0,24425.12,15.08,-38.38,-12.0,0.0,0.0,0.0,0.0,0.0,0.0,0.04,0.16,0.35,1.0,,,,,2025-10-04 12:59:35.265,2025-10-04 12:59:35.265
4422488.0,24221.13,15.91,-38.25,-12.0,0.0,0.0,0.0,0.0,0.0,0.0,-0.12,0.44,0.34,1.0,,,,,2025-10-04 12:59:38.488,2025-10-04 12:59:38.488
4425758.0,24206.72,15.97,-38.0,,,,,,,,-0.32,0.3,0.41,1.0,,,,,2025-10-04 12:59:41.758,2025-10-04 12:59:41.758
4429005.0,24235.58,15.85,-38.0,-12.06,0.0,0.0,0.0,0.0,0.0,0.0,-0.32,-0.08,0.34,1.0,,,,,2025-10-04 12:59:45.005,2025-10-04 12:59:45.005
4432227.0,24442.73,15.01,-37.88,-12.06,0.0,0.0,0.0,0.0,0.0,0.0,-0.04,0.11,0.38,1.0,,,,,2025-10-04 12:59:48.227,2025-10-04 12:59:48.227
4435494.0,24425.12,15.08,-37.63,-12.13,0.0,0.0,0.0,0.0,0.0,0.0,0.02,0.31,0.34,1.0,,,,,2025-10-04 12:59:51.494,2025-10-04 12:59:51.494
4438737.0,24262.2,15.74,-37.5,-12.13,0.0,0.0,0.0,0.0,0.0,0.0,-0.2,0.46,0.35,1.0,,,,,2025-10-04 12:59:54.737,2025-10-04 12:59:54.737
4441957.0,24206.72,15.97,-37.38,-12.13,0.0,0.0,0.0,0.0,0.0,0.0,-0.28,0.38,0.39,1.0,,,,,2025-10-04 12:59:57.957,2025-10-04 12:59:57.957
4445223.0,24235.58,15.85,-37.25,-12.19,0.0,0.0,0.0,0.0,0.0,0.0,-0.52,0.29,0.33,1.0,,,,,2025-10-04 13:00:01.223,2025-10-04 13:00:01.223
4451683.0,24267.05,15.72,-37.13,-12.19,0.0,0.0,0.0,0.0,0.0,0.0,-0.39,0.12,0.43,1.0,,,,,2025-10-04 13:00:07.683,2025-10-04 13:00:07.683
4454947.0,24301.18,15.58,-37.13,-12.25,0.0,0.0,0.0,0.0,0.0,0.0,-0.29,-0.01,0.4,1.0,,,,,2025-10-04 13:00:10.947,2025-10-04 13:00:10.947
4458187.0,24301.18,15.58,-37.0,-12.25,0.0,0.0,0.0,0.0,0.0,0.0,-0.32,0.15,0.45,1.0,,,,,2025-10-04 13:00:14.187,2025-10-04 13:00:14.187
4461472.0,24333.09,15.45,-37.0,-12.25,0.0,0.0,0.0,0.0,0.0,0.0,-0.38,0.09,0.42,1.0,,,,,2025-10-04 13:00:17.472,2025-10-04 13:00:17.472
4467969.0,24412.57,15.13,-37.0,-12.31,0.0,0.0,0.0,0.0,0.0,0.0,-0.47,0.15,0.4,1.0,,,,,2025-10-04 13:00:23.969,2025-10-04 13:00:23.969
4471251.0,24447.78,14.99,-36.88,-12.38,0.0,0.0,0.0,0.0,0.0,0.0,-0.04,0.39,0.39,1.0,,-12.38,,,2025-10-04 13:00:27.251,2025-10-04 13:00:27.251
4484281.0,24630.53,14.28,-36.38,-12.44,0.0,0.0,0.0,0.0,0.0,0.0,-0.0,0.29,0.38,1.0,,,,,2025-10-04 13:00:40.281,2025-10-04 13:00:40.281
4500547.0,24573.13,14.5,-35.75,-12.56,0.0,0.0,0.0,0.0,0.0,0.0,-0.17,0.45,0.41,1.0,,,,,2025-10-04 13:00:56.547,2025-10-04 13:00:56.547
4503798.0,24704.62,14.0,-35.63,-12.56,0.0,0.0,0.0,0.0,0.0,0.0,0.03,0.46,0.33,1.0,,,,,2025-10-04 13:00:59.798,2025-10-04 13:00:59.798
4507024.0,24842.72,13.49,-35.5,-12.56,0.0,0.0,0.0,0.0,0.0,0.0,-0.04,0.23,0.42,1.0,,,,,2025-10-04 13:01:03.024,2025-10-04 13:01:03.024
4510297.0,24573.13,14.5,-35.25,-12.56,0.0,0.0,0.0,0.0,0.0,0.0,-0.1,0.18,0.44,1.0,,,,,2025-10-04 13:01:06.297,2025-10-04 13:01:06.297
4513547.0,24633.15,14.27,-35.25,-12.56,0.0,0.0,0.0,0.0,0.0,0.0,-0.27,-0.02,0.39,1.0,,,,,2025-10-04 13:01:09.547,2025-10-04 13:01:09.547
4516772.0,24599.13,14.4,-35.13,-12.63,0.0,0.0,0.0,0.0,0.0,0.0,-0.34,0.08,0.42,1.0,,,,,2025-10-04 13:01:12.772,2025-10-04 13:01:12.772
4523288.0,24651.58,14.2,-35.0,-12.63,0.0,0.0,0.0,0.0,0.0,0.0,-0.4,0.32,0.44,1.0,,,,,2025-10-04 13:01:19.288,2025-10-04 13:01:19.288
4526509.0,24630.53,14.28,-34.88,-12.69,0.0,0.0,0.0,0.0,0.0,0.0,-0.34,0.52,0.38,1.0,,,,,2025-10-04 13:01:22.509,2025-10-04 13:01:22.509
4533021.0,24864.77,13.41,-34.63,-12.69,0.0,0.0,0.0,0.0,0.0,0.0,-0.06,0.42,0.4,1.0,,,,,2025-10-04 13:01:29.021,2025-10-04 13:01:29.021
4536240.0,24809.85,13.61,-34.5,-12.69,0.0,0.0,0.0,0.0,0.0,0.0,0.12,0.32,0.31,1.0,,,,,2025-10-04 13:01:32.240,2025-10-04 13:01:32.240
4539505.0,24831.74,13.53,-34.25,-12.75,0.0,0.0,0.0,0.0,0.0,0.0,-0.14,0.28,0.44,1.0,,,,,2025-10-04 13:01:35.505,2025-10-04 13:01:35.505
4542748.0,24976.62,13.01,-34.0,,,,,,,,0.02,0.08,0.36,1.0,,,,,2025-10-04 13:01:38.748,2025-10-04 13:01:38.748
4545966.0,24717.98,13.95,-33.88,-12.75,0.0,0.0,0.0,0.0,0.0,0.0,-0.16,0.19,0.46,1.0,,,,,2025-10-04 13:01:41.966,2025-10-04 13:01:41.966
4549231.0,25555.85,11.09,-33.75,-12.81,0.0,0.0,0.0,0.0,0.0,0.0,0.0,0.04,0.36,1.0,,,,,2025-10-04 13:01:45.231,2025-10-04 13:01:45.231
4552473.0,24962.49,13.06,-33.63,-12.81,0.0,0.0,0.0,0.0,0.0,0.0,-0.09,0.12,0.41,1.0,,,,,2025-10-04 13:01:48.473,2025-10-04 13:01:48.473
4555691.0,25842.03,10.23,-33.38,-12.81,0.0,0.0,0.0,0.0,0.0,0.0,-0.01,0.05,0.35,1.0,,,,,2025-10-04 13:01:51.691,2025-10-04 13:01:51.691
4558955.0,25033.59,12.81,-33.5,-12.81,0.0,0.0,0.0,0.0,0.0,0.0,-0.08,0.18,0.42,1.0,,,,,2025-10-04 13:01:54.955,2025-10-04 13:01:54.955
4562196.0,24970.96,13.03,-33.13,-12.88,0.0,0.0,0.0,0.0,0.0,0.0,-0.11,0.2,0.44,1.0,,,,,2025-10-04 13:01:58.196,2025-10-04 13:01:58.196
4565483.0,25111.66,12.54,-33.0,-12.88,0.0,0.0,0.0,0.0,0.0,0.0,0.06,0.23,0.35,1.0,,,,,2025-10-04 13:02:01.483,2025-10-04 13:02:01.483
4568746.0,24886.92,13.33,-32.88,-12.88,0.0,0.0,0.0,0.0,0.0,0.0,-0.07,0.31,0.41,1.0,,,,,2025-10-04 13:02:04.746,2025-10-04 13:02:04.746
4571985.0,25071.01,12.68,-32.63,-12.88,0.0,0.0,0.0,0.0,0.0,0.0,0.07,0.38,0.31,1.0,,,,,2025-10-04 13:02:07.985,2025-10-04 13:02:07.985
4575271.0,25039.33,12.79,-32.5,-12.94,0.0,0.0,0.0,0.0,0.0,0.0,-0.13,0.41,0.41,1.0,,,,,2025-10-04 13:02:11.271,2025-10-04 13:02:11.271
4578533.0,24859.25,13.43,-32.38,-12.94,0.0,0.0,0.0,0.0,0.0,0.0,-0.13,0.43,0.41,1.0,,,,,2025-10-04 13:02:14.533,2025-10-04 13:02:14.533
4581771.0,24965.31,13.05,-32.38,-12.94,0.0,0.0,0.0,0.0,0.0,0.0,-0.23,0.57,0.33,1.0,,,,,2025-10-04 13:02:17.771,2025-10-04 13:02:17.771
4585057.0,24945.59,13.12,-32.13,-12.94,0.0,0.0,0.0,0.0,0.0,0.0,-0.3,0.51,0.38,1.0,,,,,2025-10-04 13:02:21.057,2025-10-04 13:02:21.057
4588319.0,24895.26,13.3,-31.87,-13.0,0.0,0.0,0.0,0.0,0.0,0.0,-0.52,0.46,0.33,1.0,,,,,2025-10-04 13:02:24.319,2025-10-04 13:02:24.319
4591555.0,24864.77,13.41,-31.87,-13.0,0.0,0.0,0.0,0.0,0.0,0.0,-0.44,0.39,0.4,1.0,,,,,2025-10-04 13:02:27.555,2025-10-04 13:02:27.555
4594837.0,24873.06,13.38,-31.75,-13.0,0.0,0.0,0.0,0.0,0.0,0.0,-0.51,0.22,0.39,1.0,,,,,2025-10-04 13:02:30.837,2025-10-04 13:02:30.837
4598096.0,24970.96,13.03,-31.5,-13.0,0.0,0.0,0.0,0.0,0.0,0.0,-0.39,0.08,0.4,1.0,4604611.0,,,,2025-10-04 13:02:34.096,2025-10-04 13:02:34.096
4607868.0,25007.87,12.9,-31.37,-13.06,0.0,0.0,0.0,0.0,0.0,0.0,-0.33,0.05,0.41,1.0,,,,,2025-10-04 13:02:43.868,2025-10-04 13:02:43.868
4611099.0,25033.59,12.81,-31.25,-13.06,0.0,0.0,0.0,0.0,0.0,0.0,-0.26,0.03,0.41,1.0,,,,,2025-10-04 13:02:47.099,2025-10-04 13:02:47.099
4614376.0,25068.12,12.69,-31.12,-13.06,0.0,0.0,0.0,0.0,0.0,0.0,-0.21,0.05,0.41,1.0,,,,,2025-10-04 13:02:50.376,2025-10-04 13:02:50.376
4617631.0,25068.12,12.69,-31.12,-13.13,0.0,0.0,0.0,0.0,0.0,0.0,-0.11,0.07,0.41,1.0,,,,,2025-10-04 13:02:53.631,2025-10-04 13:02:53.631
4620861.0,25082.59,12.64,-30.87,-13.13,0.0,0.0,0.0,0.0,0.0,0.0,-0.23,0.08,0.43,1.0,,,,,2025-10-04 13:02:56.861,2025-10-04 13:02:56.861
4624137.0,25117.5,12.52,-30.87,-13.13,0.0,0.0,0.0,0.0,0.0,0.0,-0.12,0.03,0.39,1.0,,,,,2025-10-04 13:03:00.137,2025-10-04 13:03:00.137
4627388.0,25135.05,12.46,-30.62,-13.13,0.0,0.0,0.0,0.0,0.0,0.0,-0.18,0.03,0.41,1.0,,,,,2025-10-04 13:03:03.388,2025-10-04 13:03:03.388
4630615.0,25152.68,12.4,-30.75,-13.13,0.0,0.0,0.0,0.0,0.0,0.0,-0.15,0.04,0.4,1.0,,,,,2025-10-04 13:03:06.615,2025-10-04 13:03:06.615
4633888.0,25173.32,12.33,-30.75,-13.19,0.0,0.0,0.0,0.0,0.0,0.0,-0.17,0.09,0.42,1.0,,,,,2025-10-04 13:03:09.888,2025-10-04 13:03:09.888
4637138.0,25179.24,12.31,-30.62,-13.19,0.0,0.0,0.0,0.0,0.0,0.0,-0.16,0.09,0.43,1.0,,,,,2025-10-04 13:03:13.138,2025-10-04 13:03:13.138
4640362.0,25256.88,12.05,-30.62,-13.19,0.0,0.0,0.0,0.0,0.0,0.0,-0.15,0.04,0.4,1.0,,,,,2025-10-04 13:03:16.362,2025-10-04 13:03:16.362
4643634.0,25259.89,12.04,-30.5,-13.19,0.0,0.0,0.0,0.0,0.0,0.0,-0.23,0.04,0.43,1.0,,,,,2025-10-04 13:03:19.634,2025-10-04 13:03:19.634
4650101.0,25278.02,11.98,-30.37,-13.19,0.0,0.0,0.0,0.0,0.0,0.0,-0.28,0.09,0.43,1.0,,,,,2025-10-04 13:03:26.101,2025-10-04 13:03:26.101
4653368.0,25345.1,11.76,-30.37,-13.25,0.0,0.0,0.0,0.0,0.0,0.0,-0.29,0.05,0.41,1.0,,,,,2025-10-04 13:03:29.368,2025-10-04 13:03:29.368
4656612.0,25348.17,11.75,-30.37,-13.25,0.0,0.0,0.0,0.0,0.0,0.0,-0.3,0.15,0.45,1.0,,,,,2025-10-04 13:03:32.612,2025-10-04 13:03:32.612
4659830.0,25394.52,11.6,-30.37,-13.25,0.0,0.0,0.0,0.0,0.0,0.0,-0.34,0.03,0.4,1.0,,,,,2025-10-04 13:03:35.830,2025-10-04 13:03:35.830
4669551.0,25428.83,11.49,-30.0,-13.25,0.0,0.0,0.0,0.0,0.0,0.0,-0.43,0.17,0.41,1.0,,,,,2025-10-04 13:03:45.551,2025-10-04 13:03:45.551
4672813.0,25463.4,11.38,-29.87,-13.25,0.0,0.0,0.0,0.0,0.0,0.0,-0.43,0.18,0.41,1.0,,,,,2025-10-04 13:03:48.813,2025-10-04 13:03:48.813
4676051.0,25444.51,11.44,-29.75,-13.25,0.0,0.0,0.0,0.0,0.0,0.0,-0.45,0.26,0.42,1.0,,,,,2025-10-04 13:03:52.051,2025-10-04 13:03:52.051
4679335.0,25466.55,11.37,-29.75,-13.31,0.0,0.0,0.0,0.0,0.0,0.0,-0.44,0.21,0.42,1.0,,,,,2025-10-04 13:03:55.335,2025-10-04 13:03:55.335
4682596.0,25495.06,11.28,-29.62,-13.31,0.0,0.0,0.0,0.0,0.0,0.0,-0.48,0.39,0.36,1.0,,,,,2025-10-04 13:03:58.596,2025-10-04 13:03:58.596
4685832.0,25510.97,11.23,-29.5,-13.31,0.0,0.0,0.0,0.0,0.0,0.0,-0.43,0.39,0.4,1.0,,,,,2025-10-04 13:04:01.832,2025-10-04 13:04:01.832
4689114.0,25581.7,11.01,-29.5,-13.31,0.0,0.0,0.0,0.0,0.0,0.0,-0.39,0.53,0.35,1.0,,,,,2025-10-04 13:04:05.114,2025-10-04 13:04:05.114
4692373.0,25501.42,11.26,-29.25,-13.31,0.0,0.0,0.0,0.0,0.0,0.0,-0.25,0.49,0.4,1.0,,,,,2025-10-04 13:04:08.373,2025-10-04 13:04:08.373
4695607.0,25510.97,11.23,-29.0,-13.31,0.0,0.0,0.0,0.0,0.0,0.0,-0.2,0.52,0.39,1.0,,,,,2025-10-04 13:04:11.607,2025-10-04 13:04:11.607
4698889.0,25653.57,10.79,-28.87,-13.31,0.0,0.0,0.0,0.0,0.0,0.0,-0.08,0.44,0.4,1.0,,,,,2025-10-04 13:04:14.889,2025-10-04 13:04:14.889
4702149.0,25676.69,10.72,-28.75,-13.31,0.0,0.0,0.0,0.0,0.0,0.0,-0.08,0.48,0.38,1.0,,,,,2025-10-04 13:04:18.149,2025-10-04 13:04:18.149
4705383.0,25581.7,11.01,-28.62,-13.38,0.0,0.0,0.0,0.0,0.0,0.0,0.03,0.23,0.39,1.0,,,,,2025-10-04 13:04:21.383,2025-10-04 13:04:21.383
4708661.0,25932.38,9.97,-28.37,-13.38,0.0,0.0,0.0,0.0,0.0,0.0,0.05,0.2,0.37,1.0,,,,,2025-10-04 13:04:24.661,2025-10-04 13:04:24.661
4711916.0,25760.26,10.47,-28.25,-13.38,0.0,0.0,0.0,0.0,0.0,0.0,-0.11,0.07,0.4,1.0,,,,,2025-10-04 13:04:27.916,2025-10-04 13:04:27.916
4718429.0,25584.94,11.0,-28.25,-13.38,0.0,0.0,0.0,0.0,0.0,0.0,-0.13,0.1,0.43,1.0,,,,,2025-10-04 13:04:34.429,2025-10-04 13:04:34.429
4721684.0,25597.93,10.96,-28.12,-13.38,0.0,0.0,0.0,0.0,0.0,0.0,-0.14,0.04,0.4,1.0,,,,,2025-10-04 13:04:37.684,2025-10-04 13:04:37.684
4724915.0,25633.85,10.85,-27.87,-13.38,0.0,0.0,0.0,0.0,0.0,0.0,-0.18,0.1,0.44,1.0,,,,,2025-10-04 13:04:40.915,2025-10-04 13:04:40.915
4728195.0,25630.57,10.86,-27.75,-13.38,0.0,0.0,0.0,0.0,0.0,0.0,-0.22,0.03,0.4,1.0,,,,,2025-10-04 13:04:44.195,2025-10-04 13:04:44.195
4731449.0,25630.57,10.86,-27.5,-13.38,0.0,0.0,0.0,0.0,0.0,0.0,-0.09,0.08,0.4,1.0,,,,,2025-10-04 13:04:47.449,2025-10-04 13:04:47.449
4734680.0,25797.55,10.36,-27.37,-13.44,0.0,0.0,0.0,0.0,0.0,0.0,-0.1,0.09,0.42,1.0,,,,,2025-10-04 13:04:50.680,2025-10-04 13:04:50.680
4737955.0,26057.07,9.62,-27.12,-13.44,0.0,0.0,0.0,0.0,0.0,0.0,0.08,0.2,0.36,1.0,,,,,2025-10-04 13:04:53.955,2025-10-04 13:04:53.955
4741206.0,26042.64,9.66,-27.0,-13.44,0.0,0.0,0.0,0.0,0.0,0.0,-0.05,0.15,0.41,1.0,,,,,2025-10-04 13:04:57.206,2025-10-04 13:04:57.206
4744436.0,25633.85,10.85,-26.87,-13.44,0.0,0.0,0.0,0.0,0.0,0.0,0.05,0.29,0.39,1.0,,,,,2025-10-04 13:05:00.436,2025-10-04 13:05:00.436
4747714.0,25992.5,9.8,-26.75,-13.44,0.0,0.0,0.0,0.0,0.0,0.0,-0.03,0.34,0.4,1.0,,,,,2025-10-04 13:05:03.714,2025-10-04 13:05:03.714
4750968.0,25939.41,9.95,-26.75,-13.44,0.0,0.0,0.0,0.0,0.0,0.0,-0.07,0.46,0.37,1.0,,,,,2025-10-04 13:05:06.968,2025-10-04 13:05:06.968
4754293.0,25807.78,10.33,-26.5,-13.44,0.0,0.0,0.0,0.0,0.0,0.0,-0.28,0.54,0.36,1.0,,,,,2025-10-04 13:05:10.293,2025-10-04 13:05:10.293
4757573.0,25773.79,10.43,-26.25,-13.44,0.0,0.0,0.0,0.0,0.0,0.0,-0.16,0.53,0.36,1.0,,,,,2025-10-04 13:05:13.573,2025-10-04 13:05:13.573
4760829.0,25706.59,10.63,-26.0,-13.44,0.0,0.0,0.0,0.0,0.0,0.0,-0.35,0.48,0.38,1.0,,,,,2025-10-04 13:05:16.829,2025-10-04 13:05:16.829
4764059.0,25686.63,10.69,-25.87,-13.44,0.0,0.0,0.0,0.0,0.0,0.0,-0.4,0.4,0.41,1.0,,,,,2025-10-04 13:05:20.059,2025-10-04 13:05:20.059
4767336.0,25699.93,10.65,-25.87,-13.44,0.0,0.0,0.0,0.0,0.0,0.0,-0.47,0.36,0.38,1.0,,,,,2025-10-04 13:05:23.336,2025-10-04 13:05:23.336
4770590.0,25719.95,10.59,-25.62,-13.5,0.0,0.0,0.0,0.0,0.0,0.0,-0.39,0.11,0.4,1.0,,,,,2025-10-04 13:05:26.590,2025-10-04 13:05:26.590
4780344.0,25787.35,10.39,-25.5,-13.5,0.0,0.0,0.0,0.0,0.0,0.0,-0.32,0.01,0.37,1.0,,,,,2025-10-04 13:05:36.344,2025-10-04 13:05:36.344
4783569.0,25852.36,10.2,-25.37,-13.5,0.0,0.0,0.0,0.0,0.0,0.0,-0.25,0.08,0.43,1.0,,,,,2025-10-04 13:05:39.569,2025-10-04 13:05:39.569
4786842.0,25890.45,10.09,-25.12,-13.5,0.0,0.0,0.0,0.0,0.0,0.0,-0.31,0.07,0.41,1.0,4790091.0,,,,2025-10-04 13:05:42.842,2025-10-04 13:05:42.842
4803057.0,25946.45,9.93,-24.87,-13.5,0.0,0.0,0.0,0.0,0.0,0.0,-0.44,0.15,0.39,1.0,,,,,2025-10-04 13:05:59.057,2025-10-04 13:05:59.057
4806328.0,26017.5,9.73,-24.87,-13.5,0.0,0.0,0.0,0.0,0.0,0.0,-0.4,0.21,0.42,1.0,,,,,2025-10-04 13:06:02.328,2025-10-04 13:06:02.328
4809577.0,26042.64,9.66,-24.75,-13.5,0.0,0.0,0.0,0.0,0.0,0.0,-0.47,0.29,0.39,1.0,,,,,2025-10-04 13:06:05.577,2025-10-04 13:06:05.577
4812802.0,26064.31,9.6,-24.75,-13.5,0.0,0.0,0.0,0.0,0.0,0.0,-0.42,0.25,0.42,1.0,,,,,2025-10-04 13:06:08.802,2025-10-04 13:06:08.802
4816075.0,26049.85,9.64,-24.75,-13.5,0.0,0.0,0.0,0.0,0.0,0.0,-0.47,0.32,0.38,1.0,,,,,2025-10-04 13:06:12.075,2025-10-04 13:06:12.075
4819325.0,26118.97,9.45,-24.75,-13.5,0.0,0.0,0.0,0.0,0.0,0.0,-0.43,0.38,0.39,1.0,,,,,2025-10-04 13:06:15.325,2025-10-04 13:06:15.325
4822551.0,26133.66,9.41,-24.62,-13.5,0.0,0.0,0.0,0.0,0.0,0.0,-0.37,0.47,0.37,1.0,,,,,2025-10-04 13:06:18.551,2025-10-04 13:06:18.551
4825825.0,26111.64,9.47,-24.5,-13.5,0.0,0.0,0.0,0.0,0.0,0.0,-0.3,0.49,0.38,1.0,,,,,2025-10-04 13:06:21.825,2025-10-04 13:06:21.825
4832304.0,26100.67,9.5,-24.62,-13.5,0.0,0.0,0.0,0.0,0.0,0.0,-0.15,0.39,0.43,1.0,,,,,2025-10-04 13:06:28.304,2025-10-04 13:06:28.304
4835579.0,26178.05,9.29,-24.87,-13.5,0.0,0.0,0.0,0.0,0.0,0.0,-0.04,0.44,0.39,1.0,,,,,2025-10-04 13:06:31.579,2025-10-04 13:06:31.579
4838832.0,26268.24,9.05,-25.12,-13.5,0.0,0.0,0.0,0.0,0.0,0.0,0.08,0.2,0.37,1.0,,,,,2025-10-04 13:06:34.832,2025-10-04 13:06:34.832
4842061.0,25740.06,10.53,-25.5,-13.5,0.0,0.0,0.0,0.0,0.0,0.0,-0.21,0.24,0.46,1.0,,,,,2025-10-04 13:06:38.061,2025-10-04 13:06:38.061
4851821.0,25488.71,11.3,-27.5,-13.56,0.0,0.0,0.0,0.0,0.0,0.0,-0.12,-0.02,0.39,1.0,,,,,2025-10-04 13:06:47.821,2025-10-04 13:06:47.821
4861572.0,25293.17,11.93,-29.12,-13.56,0.0,0.0,0.0,0.0,0.0,0.0,-0.06,0.22,0.44,1.0,,,,,2025-10-04 13:06:57.572,2025-10-04 13:06:57.572
4864843.0,25176.28,12.32,-29.62,-13.56,0.0,0.0,0.0,0.0,0.0,0.0,-0.34,0.35,0.44,1.0,,,,,2025-10-04 13:07:00.843,2025-10-04 13:07:00.843
4868092.0,25450.79,11.42,-30.37,-13.56,0.0,0.0,0.0,0.0,0.0,0.0,0.11,0.05,0.3,1.0,,,,,2025-10-04 13:07:04.092,2025-10-04 13:07:04.092
4871314.0,25191.1,12.27,-30.87,-13.56,0.0,0.0,0.0,0.0,0.0,0.0,-0.01,0.33,0.41,1.0,,,,,2025-10-04 13:07:07.314,2025-10-04 13:07:07.314
4874583.0,24917.56,13.22,-31.5,-13.56,0.0,0.0,0.0,0.0,0.0,0.0,-0.34,0.18,0.44,1.0,,,,,2025-10-04 13:07:10.583,2025-10-04 13:07:10.583
4877828.0,24834.48,13.52,-32.25,-13.56,0.0,0.0,0.0,0.0,0.0,0.0,-0.4,0.44,0.39,1.0,,,,,2025-10-04 13:07:13.828,2025-10-04 13:07:13.828
4881048.0,24678.02,14.1,-32.75,-13.63,0.0,0.0,0.0,0.0,0.0,0.0,-0.38,0.05,0.37,1.0,,,,,2025-10-04 13:07:17.048,2025-10-04 13:07:17.048
4884315.0,24726.01,13.92,-33.63,-13.63,0.0,0.0,0.0,0.0,0.0,0.0,-0.34,0.15,0.44,1.0,,,,,2025-10-04 13:07:20.315,2025-10-04 13:07:20.315
4887558.0,24758.29,13.8,-34.0,-13.63,0.0,0.0,0.0,0.0,0.0,0.0,-0.24,0.69,0.22,1.0,,,,,2025-10-04 13:07:23.558,2025-10-04 13:07:23.558
4894041.0,24440.21,15.02,-35.13,-13.63,0.0,0.0,0.0,0.0,0.0,0.0,-0.26,0.58,0.36,1.0,,,,,2025-10-04 13:07:30.041,2025-10-04 13:07:30.041
4897282.0,24274.34,15.69,-35.38,-13.69,0.0,0.0,0.0,0.0,0.0,0.0,-0.64,0.43,0.2,1.0,,,,,2025-10-04 13:07:33.282,2025-10-04 13:07:33.282
4900569.0,24240.41,15.83,-36.0,-13.69,0.0,0.0,0.0,0.0,0.0,0.0,-0.17,0.36,0.46,1.0,,,,,2025-10-04 13:07:36.569,2025-10-04 13:07:36.569
4903831.0,24209.12,15.96,-36.38,-13.69,0.0,0.0,0.0,0.0,0.0,0.0,-0.47,0.62,0.22,1.0,,,,,2025-10-04 13:07:39.831,2025-10-04 13:07:39.831
4907070.0,24185.19,16.06,-36.75,-13.69,0.0,0.0,0.0,0.0,0.0,0.0,0.06,0.37,0.35,1.0,,,,,2025-10-04 13:07:43.070,2025-10-04 13:07:43.070
4910355.0,23866.68,17.44,-36.88,-13.69,0.0,0.0,0.0,0.0,0.0,0.0,-0.23,0.52,0.39,1.0,,,,,2025-10-04 13:07:46.355,2025-10-04 13:07:46.355
4913617.0,23972.79,16.97,-37.38,-13.75,0.0,0.0,0.0,0.0,0.0,0.0,-0.06,0.37,0.43,1.0,,,,,2025-10-04 13:07:49.617,2025-10-04 13:07:49.617
4916855.0,23715.02,18.13,-37.75,-13.75,0.0,0.0,0.0,0.0,0.0,0.0,0.14,0.31,0.31,1.0,,,,,2025-10-04 13:07:52.855,2025-10-04 13:07:52.855
4920139.0,23756.31,17.94,-38.25,-13.75,0.0,0.0,0.0,0.0,0.0,0.0,-0.13,0.52,0.38,1.0,,,,,2025-10-04 13:07:56.139,2025-10-04 13:07:56.139
4936417.0,23431.33,19.48,-40.63,-13.88,0.0,0.0,0.0,0.0,0.0,0.0,0.08,0.13,0.36,1.0,,,,,2025-10-04 13:08:12.417,2025-10-04 13:08:12.417
4939699.0,23239.14,20.44,-41.13,,,,,,,,-0.3,0.48,0.42,1.0,,,,,2025-10-04 13:08:15.699,2025-10-04 13:08:15.699
4946194.0,23037.12,21.49,-41.75,-13.94,0.0,0.0,0.0,0.0,0.0,0.0,-0.04,-0.04,0.34,1.0,,,,,2025-10-04 13:08:22.194,2025-10-04 13:08:22.194
4949475.0,22938.17,22.02,-41.88,-14.0,0.0,0.0,0.0,0.0,0.0,0.0,-0.24,0.0,0.39,1.0,,,,,2025-10-04 13:08:25.475,2025-10-04 13:08:25.475
4952731.0,22879.35,22.34,-42.38,-14.0,0.0,0.0,0.0,0.0,0.0,0.0,-0.22,0.29,0.48,1.0,,,,,2025-10-04 13:08:28.731,2025-10-04 13:08:28.731
4955962.0,22923.4,22.1,-42.88,-14.0,0.0,0.0,0.0,0.0,0.0,0.0,0.08,0.02,0.3,1.0,,,,,2025-10-04 13:08:31.962,2025-10-04 13:08:31.962
4962495.0,22717.52,23.24,-43.63,-14.06,0.0,0.0,0.0,0.0,0.0,0.0,-0.44,-0.15,0.17,1.0,,,,,2025-10-04 13:08:38.495,2025-10-04 13:08:38.495
4965725.0,22565.84,24.11,-44.0,-14.13,0.0,0.0,0.0,0.0,0.0,0.0,-0.28,0.36,0.47,1.0,,,,,2025-10-04 13:08:41.725,2025-10-04 13:08:41.725
4978750.0,22329.16,25.52,-45.63,-14.19,0.0,0.0,0.0,0.0,0.0,0.0,-0.23,0.01,0.4,1.0,,,,,2025-10-04 13:08:54.750,2025-10-04 13:08:54.750
4981999.0,22254.24,25.98,-46.13,-14.25,0.0,0.0,0.0,0.0,0.0,0.0,-0.13,-0.03,0.37,1.0,,,,,2025-10-04 13:08:57.999,2025-10-04 13:08:57.999
4985222.0,22185.17,26.41,-46.5,-14.88,0.0,0.0,0.0,0.0,0.0,0.0,-0.49,0.28,0.41,1.0,,,,,2025-10-04 13:09:01.222,2025-10-04 13:09:01.222
4988492.0,22079.34,27.08,-47.0,-14.31,0.0,0.0,0.0,0.0,0.0,0.0,-0.19,-0.0,0.38,1.0,,-14.31,,,2025-10-04 13:09:04.492,2025-10-04 13:09:04.492
4994963.0,22040.39,27.33,-47.75,-14.38,0.0,0.0,0.0,0.0,0.0,0.0,-0.57,0.01,0.21,1.0,,,,,2025-10-04 13:09:10.963,2025-10-04 13:09:10.963
5001470.0,21920.71,28.11,-48.5,-14.44,0.0,0.0,0.0,0.0,0.0,0.0,-0.05,0.18,0.42,1.0,,,,,2025-10-04 13:09:17.470,2025-10-04 13:09:17.470
5004686.0,21817.06,28.8,-49.0,-14.5,0.0,0.0,0.0,0.0,0.0,0.0,0.15,-0.01,0.17,1.0,,,,,2025-10-04 13:09:20.686,2025-10-04 13:09:20.686
5017734.0,21496.67,31.02,-50.0,-14.63,0.0,0.0,0.0,0.0,0.0,0.0,-0.16,0.4,0.46,1.0,,,,,2025-10-04 13:09:33.734,2025-10-04 13:09:33.734
5024256.0,21306.75,32.4,-49.88,-14.75,0.0,0.0,0.0,0.0,0.0,0.0,-0.13,0.21,0.45,1.0,,,,,2025-10-04 13:09:40.256,2025-10-04 13:09:40.256
5027517.0,21145.55,33.61,-50.13,-14.75,0.0,0.0,0.0,0.0,0.0,0.0,-0.55,0.07,0.29,1.0,,,,,2025-10-04 13:09:43.517,2025-10-04 13:09:43.517
5030753.0,21121.97,33.79,-50.38,-14.81,0.0,0.0,0.0,0.0,0.0,0.0,-0.26,0.34,0.47,1.0,,,,,2025-10-04 13:09:46.753,2025-10-04 13:09:46.753
5037294.0,20954.64,35.09,-50.75,-14.5,0.0,0.0,0.0,0.0,0.0,0.0,-0.17,0.53,0.4,1.0,,,,,2025-10-04 13:09:53.294,2025-10-04 13:09:53.294
5040528.0,20870.36,35.76,-51.13,-14.38,0.0,0.0,0.0,0.0,0.0,0.0,-0.07,-0.08,0.26,1.0,,,,,2025-10-04 13:09:56.528,2025-10-04 13:09:56.528
5043808.0,20771.38,36.56,-51.5,-14.31,0.0,0.0,0.0,0.0,0.0,0.0,-0.41,0.26,0.43,1.0,,,,,2025-10-04 13:09:59.808,2025-10-04 13:09:59.808
5050293.0,20592.79,38.04,-52.0,-14.25,0.0,0.0,0.0,0.0,0.0,0.0,-0.26,0.67,0.33,1.0,,,,,2025-10-04 13:10:06.293,2025-10-04 13:10:06.293
5063326.0,20205.13,41.42,-52.25,-14.25,0.0,0.0,0.0,0.0,0.0,0.0,0.21,0.24,0.18,1.0,,,,,2025-10-04 13:10:19.326,2025-10-04 13:10:19.326
5066578.0,20116.05,42.23,-52.38,-14.25,0.0,0.0,0.0,0.0,0.0,0.0,-0.2,0.39,0.45,1.0,,,,,2025-10-04 13:10:22.578,2025-10-04 13:10:22.578
5073080.0,19991.93,43.38,-52.75,-14.06,0.0,0.0,0.0,0.0,0.0,0.0,-0.18,0.29,0.46,1.0,,,,,2025-10-04 13:10:29.080,2025-10-04 13:10:29.080
5076332.0,19957.87,43.7,-53.13,-14.0,0.0,0.0,0.0,0.0,0.0,0.0,-0.16,0.69,0.28,1.0,,,,,2025-10-04 13:10:32.332,2025-10-04 13:10:32.332
5079559.0,19848.54,44.74,-53.38,-14.0,0.0,0.0,0.0,0.0,0.0,0.0,-0.1,0.56,0.37,1.0,,,,,2025-10-04 13:10:35.559,2025-10-04 13:10:35.559
5082831.0,19750.46,45.69,-53.5,-13.94,0.0,0.0,0.0,0.0,0.0,0.0,-0.62,0.25,0.33,1.0,,,,,2025-10-04 13:10:38.831,2025-10-04 13:10:38.831
5089307.0,19629.89,46.88,-54.0,-13.88,0.0,0.0,0.0,0.0,0.0,0.0,-0.42,-0.08,0.26,1.0,,,,,2025-10-04 13:10:45.307,2025-10-04 13:10:45.307
5095824.0,19484.34,48.35,-54.5,-13.81,0.0,0.0,0.0,0.0,0.0,0.0,-0.08,0.04,0.36,1.0,,,,,2025-10-04 13:10:51.824,2025-10-04 13:10:51.824
5099046.0,19394.1,49.28,-54.75,-13.81,0.0,0.0,0.0,0.0,0.0,0.0,-0.27,0.13,0.44,1.0,,,,,2025-10-04 13:10:55.046,2025-10-04 13:10:55.046
5105558.0,19422.09,48.99,-55.25,-13.88,0.0,0.0,0.0,0.0,0.0,0.0,0.09,0.21,0.31,1.0,,,,,2025-10-04 13:11:01.558,2025-10-04 13:11:01.558
5108878.0,19195.29,51.38,-55.5,-13.81,0.0,0.0,0.0,0.0,0.0,0.0,-0.36,0.03,0.38,1.0,,,,,2025-10-04 13:11:04.878,2025-10-04 13:11:04.878
5112144.0,19165.57,51.7,-55.63,-13.88,0.0,0.0,0.0,0.0,0.0,0.0,0.18,0.33,0.23,1.0,,,,,2025-10-04 13:11:08.144,2025-10-04 13:11:08.144
5115387.0,19123.11,52.16,-55.75,-13.88,0.0,0.0,0.0,0.0,0.0,0.0,-0.1,0.16,0.41,1.0,,,,,2025-10-04 13:11:11.387,2025-10-04 13:11:11.387
5118604.0,18996.64,53.55,-55.88,-13.88,0.0,0.0,0.0,0.0,0.0,0.0,-0.14,0.69,0.27,1.0,,,,,2025-10-04 13:11:14.604,2025-10-04 13:11:14.604
5121868.0,18867.51,55.0,-55.88,-13.88,0.0,0.0,0.0,0.0,0.0,0.0,-0.13,0.62,0.33,1.0,,,,,2025-10-04 13:11:17.868,2025-10-04 13:11:17.868
5128327.0,18698.13,56.95,-55.88,-13.94,0.0,0.0,0.0,0.0,0.0,0.0,-0.19,0.19,0.45,1.0,,,,,2025-10-04 13:11:24.327,2025-10-04 13:11:24.327
5131589.0,18617.3,57.9,-55.88,-14.0,0.0,0.0,0.0,0.0,0.0,0.0,-0.25,0.77,0.21,1.0,,,,,2025-10-04 13:11:27.589,2025-10-04 13:11:27.589
5134828.0,18509.26,59.19,-55.88,-14.0,0.0,0.0,0.0,0.0,0.0,0.0,-0.42,0.31,0.45,1.0,,,,,2025-10-04 13:11:30.828,2025-10-04 13:11:30.828
5138113.0,18437.46,60.06,-56.0,-14.06,0.0,0.0,0.0,0.0,0.0,0.0,-0.55,0.53,0.34,1.0,,,,,2025-10-04 13:11:34.113,2025-10-04 13:11:34.113
5141374.0,18352.73,61.1,-56.0,-14.06,0.0,0.0,0.0,0.0,0.0,0.0,-0.44,0.13,0.39,1.0,,,,,2025-10-04 13:11:37.374,2025-10-04 13:11:37.374
5151151.0,18192.23,63.11,-56.38,-14.19,0.0,0.0,0.0,0.0,0.0,0.0,0.08,0.47,0.3,1.0,,,,,2025-10-04 13:11:47.151,2025-10-04 13:11:47.151
5154384.0,18097.6,64.32,-56.38,-14.25,0.0,0.0,0.0,0.0,0.0,0.0,-0.16,-0.09,0.26,1.0,,-14.31,,,2025-10-04 13:11:50.384,2025-10-04 13:11:50.384
5160921.0,17929.16,66.52,-56.5,-14.38,0.0,0.0,0.0,0.0,0.0,0.0,-0.42,0.58,0.37,1.0,,,,,2025-10-04 13:11:56.921,2025-10-04 13:11:56.921
5164152.0,17874.27,67.25,-56.5,-14.44,0.0,0.0,0.0,0.0,0.0,0.0,-0.19,0.17,0.44,1.0,,,,,2025-10-04 13:12:00.152,2025-10-04 13:12:00.152
5167429.0,17810.22,68.11,-56.63,-14.38,0.0,0.0,0.0,0.0,0.0,0.0,-0.19,0.25,0.46,1.0,,,,,2025-10-04 13:12:03.429,2025-10-04 13:12:03.429
5170682.0,17809.48,68.12,-56.75,,,,,,,,0.01,0.32,0.38,1.0,,,,,2025-10-04 13:12:06.682,2025-10-04 13:12:06.682
5173911.0,17675.35,69.95,-56.75,-14.25,0.0,0.0,0.0,0.0,0.0,0.0,0.18,0.25,0.22,1.0,,,,,2025-10-04 13:12:09.911,2025-10-04 13:12:09.911
5177188.0,17653.63,70.25,-56.5,-14.25,0.0,0.0,0.0,0.0,0.0,0.0,-0.1,0.1,0.44,1.0,,,,,2025-10-04 13:12:13.188,2025-10-04 13:12:13.188
5180440.0,17546.16,71.75,-56.75,-14.19,0.0,0.0,0.0,0.0,0.0,0.0,-0.59,0.54,0.28,1.0,,,,,2025-10-04 13:12:16.440,2025-10-04 13:12:16.440
5183669.0,17467.1,72.87,-56.5,-14.19,0.0,0.0,0.0,0.0,0.0,0.0,-0.46,0.65,0.28,1.0,,,,,2025-10-04 13:12:19.669,2025-10-04 13:12:19.669
5186945.0,17360.67,74.4,-56.75,-14.19,0.0,0.0,0.0,0.0,0.0,0.0,-0.51,0.47,0.4,1.0,,,,,2025-10-04 13:12:22.945,2025-10-04 13:12:22.945
5190195.0,17306.4,75.19,-57.0,-14.19,0.0,0.0,0.0,0.0,0.0,0.0,-0.4,0.28,0.48,1.0,,,,,2025-10-04 13:12:26.195,2025-10-04 13:12:26.195
5199944.0,17109.76,78.11,-57.0,-14.13,0.0,0.0,0.0,0.0,0.0,0.0,-0.28,0.54,0.42,1.0,,,,,2025-10-04 13:12:35.944,2025-10-04 13:12:35.944
5203169.0,16935.74,80.77,-57.13,-14.19,0.0,0.0,0.0,0.0,0.0,0.0,0.01,0.41,0.41,1.0,5209688.0,,,,2025-10-04 13:12:39.169,2025-10-04 13:12:39.169
5212911.0,16844.74,82.19,-57.13,-14.19,0.0,0.0,0.0,0.0,0.0,0.0,-0.18,0.22,0.5,1.0,,,,,2025-10-04 13:12:48.911,2025-10-04 13:12:48.911
5216181.0,16802.87,82.85,-57.25,-14.25,0.0,0.0,0.0,0.0,0.0,0.0,-0.42,0.63,0.34,1.0,,,,,2025-10-04 13:12:52.181,2025-10-04 13:12:52.181
5219429.0,16681.98,84.78,-57.0,-14.25,0.0,0.0,0.0,0.0,0.0,0.0,-0.2,0.53,0.42,1.0,,,,,2025-10-04 13:12:55.429,2025-10-04 13:12:55.429
5222650.0,16634.98,85.54,-56.88,-14.25,0.0,0.0,0.0,0.0,0.0,0.0,-0.1,0.25,0.48,1.0,,,,,2025-10-04 13:12:58.650,2025-10-04 13:12:58.650
5229162.0,16519.56,87.43,-57.13,-14.38,0.0,0.0,0.0,0.0,0.0,0.0,-0.51,-0.08,0.24,1.0,,,,,2025-10-04 13:13:05.162,2025-10-04 13:13:05.162
5232381.0,16474.92,88.17,-57.25,-14.38,0.0,0.0,0.0,0.0,0.0,0.0,-0.33,0.16,0.48,1.0,,,,,2025-10-04 13:13:08.381,2025-10-04 13:13:08.381
5238884.0,16351.05,90.25,-57.38,-14.5,0.0,0.0,0.0,0.0,0.0,0.0,-0.25,-0.16,0.28,1.0,,,,,2025-10-04 13:13:14.884,2025-10-04 13:13:14.884
5245431.0,16312.22,90.91,-57.25,-14.56,0.0,0.0,0.0,0.0,0.0,0.0,-0.15,-0.02,0.41,1.0,,,,,2025-10-04 13:13:21.431,2025-10-04 13:13:21.431
5248667.0,16189.05,93.03,-57.25,-14.63,0.0,0.0,0.0,0.0,0.0,0.0,-0.27,0.34,0.5,1.0,,,,,2025-10-04 13:13:24.667,2025-10-04 13:13:24.667
5255206.0,15987.22,96.59,-57.13,-14.81,0.0,0.0,0.0,0.0,0.0,0.0,-0.07,0.44,0.44,1.0,5261717.0,,,,2025-10-04 13:13:31.206,2025-10-04 13:13:31.206
5264972.0,15939.37,97.45,-57.13,-14.88,0.0,0.0,0.0,0.0,0.0,0.0,0.04,0.32,0.41,1.0,,,,,2025-10-04 13:13:40.972,2025-10-04 13:13:40.972
5271480.0,15765.89,100.62,-56.88,-15.0,0.0,0.0,0.0,0.0,0.0,0.0,-0.13,0.49,0.43,1.0,,,,,2025-10-04 13:13:47.480,2025-10-04 13:13:47.480
5274734.0,15725.5,101.37,-56.75,-15.06,0.0,0.0,0.0,0.0,0.0,0.0,-0.44,0.57,0.37,1.0,,,,,2025-10-04 13:13:50.734,2025-10-04 13:13:50.734
5277962.0,15649.67,102.79,-56.75,-15.19,0.0,0.0,0.0,0.0,0.0,0.0,-0.45,0.26,0.46,1.0,,,,,2025-10-04 13:13:53.962,2025-10-04 13:13:53.962
5281236.0,15602.58,103.68,-56.63,-15.25,0.0,0.0,0.0,0.0,0.0,0.0,-0.38,0.61,0.36,1.0,,,,,2025-10-04 13:13:57.236,2025-10-04 13:13:57.236
5284486.0,15535.42,104.96,-56.5,-15.31,0.0,0.0,0.0,0.0,0.0,0.0,-0.3,0.55,0.42,1.0,,,,,2025-10-04 13:14:00.486,2025-10-04 13:14:00.486
5287708.0,15461.18,106.39,-56.38,-15.38,0.0,0.0,0.0,0.0,0.0,0.0,-0.42,0.5,0.42,1.0,,,,,2025-10-04 13:14:03.708,2025-10-04 13:14:03.708
5290976.0,15401.03,107.56,-56.25,-15.44,0.0,0.0,0.0,0.0,0.0,0.0,-0.29,0.36,0.49,1.0,,,,,2025-10-04 13:14:06.976,2025-10-04 13:14:06.976
5297437.0,15296.4,109.62,-56.13,-15.56,0.0,0.0,0.0,0.0,0.0,0.0,-0.66,0.11,0.23,1.0,,,,,2025-10-04 13:14:13.437,2025-10-04 13:14:13.437
5300699.0,15237.68,110.79,-56.13,-15.63,0.0,0.0,0.0,0.0,0.0,0.0,-0.45,0.42,0.44,1.0,,,,,2025-10-04 13:14:16.699,2025-10-04 13:14:16.699
5303936.0,15267.23,110.2,-56.0,-15.69,0.0,0.0,0.0,0.0,0.0,0.0,-0.12,-0.06,0.37,1.0,,,,,2025-10-04 13:14:19.936,2025-10-04 13:14:19.936
5307215.0,15113.88,113.29,-55.75,-15.81,0.0,0.0,0.0,0.0,0.0,0.0,-0.64,0.3,0.32,1.0,,,,,2025-10-04 13:14:23.215,2025-10-04 13:14:23.215
5310470.0,15053.29,114.53,-55.88,,,,,,,,-0.23,0.19,0.49,1.0,,,,,2025-10-04 13:14:26.470,2025-10-04 13:14:26.470
5313700.0,15005.3,115.52,-55.63,-15.94,0.0,0.0,0.0,0.0,0.0,0.0,-0.52,-0.07,0.25,1.0,,,,,2025-10-04 13:14:29.700,2025-10-04 13:14:29.700
5320226.0,14889.85,117.93,-55.5,-16.12,0.0,0.0,0.0,0.0,0.0,0.0,-0.44,-0.14,0.21,1.0,,,,,2025-10-04 13:14:36.226,2025-10-04 13:14:36.226
5323450.0,14828.37,119.23,-55.5,,,,,,,,-0.37,0.32,0.5,1.0,,,,,2025-10-04 13:14:39.450,2025-10-04 13:14:39.450
5326718.0,14793.61,119.97,-55.38,-16.25,0.0,0.0,0.0,0.0,0.0,0.0,-0.33,-0.17,0.25,1.0,,,,,2025-10-04 13:14:42.718,2025-10-04 13:14:42.718
5329961.0,14716.27,121.63,-55.25,-16.31,0.0,0.0,0.0,0.0,0.0,0.0,-0.5,0.38,0.43,1.0,,,,,2025-10-04 13:14:45.961,2025-10-04 13:14:45.961
5333248.0,14637.49,123.34,-55.25,-16.44,0.0,0.0,0.0,0.0,0.0,0.0,-0.26,-0.09,0.35,1.0,,,,,2025-10-04 13:14:49.248,2025-10-04 13:14:49.248
5336509.0,14589.09,124.4,-55.38,-16.5,0.0,0.0,0.0,0.0,0.0,0.0,-0.6,0.18,0.35,1.0,,,,,2025-10-04 13:14:52.509,2025-10-04 13:14:52.509
5339744.0,14552.79,125.2,-55.38,-16.56,0.0,0.0,0.0,0.0,0.0,0.0,-0.48,0.33,0.44,1.0,,,,,2025-10-04 13:14:55.744,2025-10-04 13:14:55.744
5343024.0,14505.43,126.25,-55.5,-16.69,0.0,0.0,0.0,0.0,0.0,0.0,-0.24,0.23,0.5,1.0,,,,,2025-10-04 13:14:59.024,2025-10-04 13:14:59.024
5349505.0,14431.64,127.9,-55.38,-16.81,0.0,0.0,0.0,0.0,0.0,0.0,0.08,0.11,0.36,1.0,,,,,2025-10-04 13:15:05.505,2025-10-04 13:15:05.505
5356026.0,14280.69,131.33,-55.13,-17.0,0.0,0.0,0.0,0.0,0.0,0.0,-0.2,0.25,0.51,1.0,,,,,2025-10-04 13:15:12.026,2025-10-04 13:15:12.026
5359248.0,14238.15,132.31,-55.13,,,,,,,,0.22,0.39,0.17,1.0,,,,,2025-10-04 13:15:15.248,2025-10-04 13:15:15.248
5365760.0,14112.88,135.23,-54.88,-17.31,0.0,0.0,0.0,0.0,0.0,0.0,0.21,0.2,0.25,1.0,,,,,2025-10-04 13:15:21.760,2025-10-04 13:15:21.760
5368979.0,14059.5,136.49,-54.63,-17.44,0.0,0.0,0.0,0.0,0.0,0.0,-0.04,0.47,0.41,1.0,,,-17.5,,2025-10-04 13:15:24.979,2025-10-04 13:15:24.979
5375485.0,13982.27,138.33,-54.5,-17.62,0.0,0.0,0.0,0.0,0.0,0.0,-0.18,0.31,0.49,1.0,,,,,2025-10-04 13:15:31.485,2025-10-04 13:15:31.485
5378699.0,13912.88,140.0,-54.38,-17.69,0.0,0.0,0.0,0.0,0.0,0.0,-0.49,0.54,0.37,1.0,,,,,2025-10-04 13:15:34.699,2025-10-04 13:15:34.699
5381958.0,13863.85,141.19,-54.0,-17.81,0.0,0.0,0.0,0.0,0.0,0.0,-0.2,0.69,0.29,1.0,,,,,2025-10-04 13:15:37.958,2025-10-04 13:15:37.958
5385193.0,13777.73,143.3,-53.75,-17.87,0.0,0.0,0.0,0.0,0.0,0.0,-0.4,0.51,0.43,1.0,,,,,2025-10-04 13:15:41.193,2025-10-04 13:15:41.193
5394956.0,13639.1,146.75,-53.38,-18.19,0.0,0.0,0.0,0.0,0.0,0.0,-0.23,0.28,0.51,1.0,,,,,2025-10-04 13:15:50.956,2025-10-04 13:15:50.956
5401476.0,13598.62,147.77,-53.0,-18.37,0.0,0.0,0.0,0.0,0.0,0.0,-0.04,0.03,0.39,1.0,,,,,2025-10-04 13:15:57.476,2025-10-04 13:15:57.476
5404698.0,13542.63,149.19,-52.88,-18.5,0.0,0.0,0.0,0.0,0.0,0.0,0.08,0.04,0.34,1.0,,,,,2025-10-04 13:16:00.698,2025-10-04 13:16:00.698
5407964.0,13434.28,151.97,-52.63,-18.69,0.0,0.0,0.0,0.0,0.0,0.0,0.06,0.03,0.33,1.0,,,,5411209.0,2025-10-04 13:16:03.964,2025-10-04 13:16:03.964
5417694.0,13338.19,154.47,-52.5,-18.81,0.0,0.0,0.0,0.0,0.0,0.0,-0.05,-0.11,0.3,1.0,,,,,2025-10-04 13:16:13.694,2025-10-04 13:16:13.694
5420935.0,13244.49,156.94,-52.25,-19.0,0.0,0.0,0.0,0.0,0.0,0.0,-0.04,0.41,0.43,1.0,,,,,2025-10-04 13:16:16.935,2025-10-04 13:16:16.935
5427479.0,13137.1,159.81,-52.13,-19.12,0.0,0.0,0.0,0.0,0.0,0.0,-0.27,-0.07,0.38,1.0,,,,,2025-10-04 13:16:23.479,2025-10-04 13:16:23.479
5430712.0,13104.49,160.69,-52.13,-19.25,0.0,0.0,0.0,0.0,0.0,0.0,-0.45,0.37,0.46,1.0,,,,,2025-10-04 13:16:26.712,2025-10-04 13:16:26.712
5433988.0,13046.66,162.26,-52.0,-19.31,0.0,0.0,0.0,0.0,0.0,0.0,-0.33,0.32,0.49,1.0,,,,,2025-10-04 13:16:29.988,2025-10-04 13:16:29.988
5437239.0,13004.95,163.4,-52.0,-19.37,0.0,0.0,0.0,0.0,0.0,0.0,-0.63,0.25,0.3,1.0,,,,,2025-10-04 13:16:33.239,2025-10-04 13:16:33.239
5440466.0,12954.05,164.8,-52.0,-19.5,0.0,0.0,0.0,0.0,0.0,0.0,-0.52,0.3,0.42,1.0,,,,,2025-10-04 13:16:36.466,2025-10-04 13:16:36.466
5443735.0,12802.72,169.02,-51.38,-19.75,0.0,0.0,0.0,0.0,0.0,0.0,-0.18,0.59,0.36,1.0,,,,5450202.0,2025-10-04 13:16:39.735,2025-10-04 13:16:39.735
5456710.0,12713.81,171.54,-51.13,-19.87,0.0,0.0,0.0,0.0,0.0,0.0,-0.17,0.17,0.47,1.0,,,,,2025-10-04 13:16:52.710,2025-10-04 13:16:52.710
5459927.0,12685.1,172.36,-51.0,-19.94,0.0,0.0,0.0,0.0,0.0,0.0,-0.09,0.15,0.46,1.0,,,,,2025-10-04 13:16:55.927,2025-10-04 13:16:55.927
5463291.0,12613.82,174.41,-50.88,-20.06,0.0,0.0,0.0,0.0,0.0,0.0,-0.18,0.03,0.44,1.0,,,,,2025-10-04 13:16:59.291,2025-10-04 13:16:59.291
5466527.0,12589.29,175.12,-50.75,,,,,,,,-0.04,-0.08,0.31,1.0,,,,,2025-10-04 13:17:02.527,2025-10-04 13:17:02.527
5469809.0,12518.91,177.17,-50.63,-20.25,0.0,0.0,0.0,0.0,0.0,0.0,-0.37,0.12,0.46,1.0,,,,,2025-10-04 13:17:05.809,2025-10-04 13:17:05.809
5473064.0,12478.7,178.35,-50.5,-20.31,0.0,0.0,0.0,0.0,0.0,0.0,-0.21,0.1,0.48,1.0,,,,,2025-10-04 13:17:09.064,2025-10-04 13:17:09.064
5476292.0,12344.31,182.34,-50.0,-20.56,0.0,0.0,0.0,0.0,0.0,0.0,-0.22,0.54,0.42,1.0,,,,5482817.0,2025-10-04 13:17:12.292,2025-10-04 13:17:12.292
5486042.0,12295.07,183.82,-49.88,-20.62,0.0,0.0,0.0,0.0,0.0,0.0,-0.38,0.3,0.48,1.0,,,,,2025-10-04 13:17:22.042,2025-10-04 13:17:22.042
5489310.0,12252.74,185.1,-49.75,-20.69,0.0,0.0,0.0,0.0,0.0,0.0,-0.18,0.64,0.32,1.0,,,,,2025-10-04 13:17:25.310,2025-10-04 13:17:25.310
5492555.0,12201.14,186.67,-49.5,-20.75,0.0,0.0,0.0,0.0,0.0,0.0,-0.58,0.42,0.34,1.0,,,,,2025-10-04 13:17:28.555,2025-10-04 13:17:28.555
5495774.0,12156.4,188.04,-49.5,-20.87,0.0,0.0,0.0,0.0,0.0,0.0,-0.08,0.51,0.38,1.0,,,,,2025-10-04 13:17:31.774,2025-10-04 13:17:31.774
5499036.0,12105.45,189.61,-49.38,-20.94,0.0,0.0,0.0,0.0,0.0,0.0,-0.54,0.57,0.27,1.0,,,,,2025-10-04 13:17:35.036,2025-10-04 13:17:35.036
5502275.0,12058.38,191.07,-49.25,-21.0,0.0,0.0,0.0,0.0,0.0,0.0,-0.48,0.38,0.43,1.0,,,,,2025-10-04 13:17:38.275,2025-10-04 13:17:38.275
5505560.0,11971.45,193.79,-49.25,-21.19,0.0,0.0,0.0,0.0,0.0,0.0,-0.05,0.06,0.41,1.0,,,,5508820.0,2025-10-04 13:17:41.560,2025-10-04 13:17:41.560
5512053.0,11929.62,195.11,-49.13,-21.25,0.0,0.0,0.0,0.0,0.0,0.0,-0.32,0.09,0.45,1.0,,,,,2025-10-04 13:17:48.053,2025-10-04 13:17:48.053
5518586.0,11856.97,197.42,-48.63,-21.44,0.0,0.0,0.0,0.0,0.0,0.0,0.0,0.43,0.41,1.0,,,,,2025-10-04 13:17:54.586,2025-10-04 13:17:54.586
5521814.0,11799.28,199.27,-48.5,-21.5,0.0,0.0,0.0,0.0,0.0,0.0,-0.16,0.41,0.47,1.0,,,,,2025-10-04 13:17:57.814,2025-10-04 13:17:57.814
5528334.0,11711.56,202.11,-48.13,-21.69,0.0,0.0,0.0,0.0,0.0,0.0,-0.32,-0.06,0.37,1.0,,,,,2025-10-04 13:18:04.334,2025-10-04 13:18:04.334
5531556.0,11672.35,203.39,-48.0,-21.75,0.0,0.0,0.0,0.0,0.0,0.0,-0.46,0.17,0.43,1.0,,,,,2025-10-04 13:18:07.556,2025-10-04 13:18:07.556
5534822.0,11626.04,204.91,-47.88,-21.81,0.0,0.0,0.0,0.0,0.0,0.0,-0.36,0.29,0.48,1.0,,,,,2025-10-04 13:18:10.822,2025-10-04 13:18:10.822
5538063.0,11593.91,205.97,-47.75,-21.87,0.0,0.0,0.0,0.0,0.0,0.0,-0.51,0.47,0.37,1.0,,,,,2025-10-04 13:18:14.063,2025-10-04 13:18:14.063
5541278.0,11553.79,207.3,-47.5,-21.94,0.0,0.0,0.0,0.0,0.0,0.0,-0.37,0.62,0.33,1.0,,,,,2025-10-04 13:18:17.278,2025-10-04 13:18:17.278
5544540.0,11499.52,209.11,-47.25,-22.06,0.0,0.0,0.0,0.0,0.0,0.0,-0.32,0.49,0.43,1.0,,,,,2025-10-04 13:18:20.540,2025-10-04 13:18:20.540
5547777.0,11461.67,210.38,-47.0,-22.12,0.0,0.0,0.0,0.0,0.0,0.0,-0.29,0.63,0.33,1.0,,,,,2025-10-04 13:18:23.777,2025-10-04 13:18:23.777
5551059.0,11403.62,212.34,-46.88,-22.19,0.0,0.0,0.0,0.0,0.0,0.0,-0.43,0.3,0.45,1.0,,,,,2025-10-04 13:18:27.059,2025-10-04 13:18:27.059
5554315.0,11382.7,213.05,-46.88,-22.25,0.0,0.0,0.0,0.0,0.0,0.0,-0.46,0.18,0.43,1.0,,,,,2025-10-04 13:18:30.315,2025-10-04 13:18:30.315
5560822.0,11254.86,217.43,-46.38,-22.5,0.0,0.0,0.0,0.0,0.0,0.0,-0.14,0.01,0.42,1.0,,,,5564072.0,2025-10-04 13:18:36.822,2025-10-04 13:18:36.822
5573806.0,11141.91,221.36,-45.88,-22.69,0.0,0.0,0.0,0.0,0.0,0.0,-0.44,-0.0,0.36,1.0,,,,,2025-10-04 13:18:49.806,2025-10-04 13:18:49.806
5577020.0,11102.07,222.76,-45.88,-22.75,0.0,0.0,0.0,0.0,0.0,0.0,-0.5,0.27,0.41,1.0,,,,,2025-10-04 13:18:53.020,2025-10-04 13:18:53.020
5583514.0,11040.15,224.95,-45.75,-22.87,0.0,0.0,0.0,0.0,0.0,0.0,0.18,0.08,0.23,1.0,,,,,2025-10-04 13:18:59.514,2025-10-04 13:18:59.514
5586796.0,10985.15,226.91,-45.75,-22.94,0.0,0.0,0.0,0.0,0.0,0.0,-0.08,0.42,0.44,1.0,,,,,2025-10-04 13:19:02.796,2025-10-04 13:19:02.796
5593284.0,10903.91,229.83,-45.63,-23.06,0.0,0.0,0.0,0.0,0.0,0.0,-0.22,0.01,0.43,1.0,,,,,2025-10-04 13:19:09.284,2025-10-04 13:19:09.284
5596560.0,10860.58,231.4,-45.63,-23.19,0.0,0.0,0.0,0.0,0.0,0.0,-0.27,0.12,0.47,1.0,,,,,2025-10-04 13:19:12.560,2025-10-04 13:19:12.560
5599810.0,10828.44,232.57,-45.63,-23.19,0.0,0.0,0.0,0.0,0.0,0.0,-0.57,0.12,0.33,1.0,,,,,2025-10-04 13:19:15.810,2025-10-04 13:19:15.810
5603035.0,10788.25,234.04,-45.63,-23.25,0.0,0.0,0.0,0.0,0.0,0.0,-0.19,0.0,0.42,1.0,,,,,2025-10-04 13:19:19.035,2025-10-04 13:19:19.035
5609548.0,10736.05,235.96,-45.25,-23.37,0.0,0.0,0.0,0.0,0.0,0.0,0.01,0.36,0.42,1.0,,,,,2025-10-04 13:19:25.548,2025-10-04 13:19:25.548
5612765.0,10692.55,237.57,-45.13,-23.44,0.0,0.0,0.0,0.0,0.0,0.0,0.19,0.19,0.27,1.0,,,,,2025-10-04 13:19:28.765,2025-10-04 13:19:28.765
5619269.0,10599.07,241.06,-44.75,-23.56,0.0,0.0,0.0,0.0,0.0,0.0,-0.23,0.48,0.44,1.0,,,,,2025-10-04 13:19:35.269,2025-10-04 13:19:35.269
5622483.0,10570.9,242.12,-44.75,-23.62,0.0,0.0,0.0,0.0,0.0,0.0,-0.49,0.08,0.37,1.0,,,,,2025-10-04 13:19:38.483,2025-10-04 13:19:38.483
5625741.0,10517.74,244.13,-44.75,-23.69,0.0,0.0,0.0,0.0,0.0,0.0,-0.41,0.37,0.43,1.0,,,,,2025-10-04 13:19:41.741,2025-10-04 13:19:41.741
5628974.0,10476.21,245.71,-44.75,-23.75,0.0,0.0,0.0,0.0,0.0,0.0,-0.43,0.09,0.41,1.0,,,,,2025-10-04 13:19:44.974,2025-10-04 13:19:44.974
5635506.0,10402.87,248.52,-44.63,-23.87,0.0,0.0,0.0,0.0,0.0,0.0,-0.33,0.17,0.47,1.0,,,,,2025-10-04 13:19:51.506,2025-10-04 13:19:51.506
5638734.0,10392.23,248.93,-44.63,-23.87,0.0,0.0,0.0,0.0,0.0,0.0,-0.19,-0.12,0.33,1.0,,,,,2025-10-04 13:19:54.734,2025-10-04 13:19:54.734
5642007.0,10328.91,251.38,-44.63,-23.94,0.0,0.0,0.0,0.0,0.0,0.0,0.0,0.2,0.44,1.0,,,,,2025-10-04 13:19:58.007,2025-10-04 13:19:58.007
5645254.0,10296.03,252.66,-44.75,-24.0,0.0,0.0,0.0,0.0,0.0,0.0,-0.37,0.08,0.43,1.0,,,,,2025-10-04 13:20:01.254,2025-10-04 13:20:01.254
5648476.0,10277.09,253.4,-44.75,-24.06,0.0,0.0,0.0,0.0,0.0,0.0,-0.03,0.14,0.44,1.0,,,,,2025-10-04 13:20:04.476,2025-10-04 13:20:04.476
5654986.0,10182.01,257.14,-44.5,-24.19,0.0,0.0,0.0,0.0,0.0,0.0,-0.37,0.61,0.35,1.0,,,,,2025-10-04 13:20:10.986,2025-10-04 13:20:10.986
5658203.0,10142.18,258.72,-44.5,-24.25,0.0,0.0,0.0,0.0,0.0,0.0,-0.33,0.02,0.42,1.0,,,,,2025-10-04 13:20:14.203,2025-10-04 13:20:14.203
5664708.0,10064.35,261.83,-44.38,-24.31,0.0,0.0,0.0,0.0,0.0,0.0,-0.12,-0.09,0.35,1.0,,,,,2025-10-04 13:20:20.708,2025-10-04 13:20:20.708
5671249.0,9994.43,264.65,-44.25,-24.44,0.0,0.0,0.0,0.0,0.0,0.0,-0.46,0.52,0.37,1.0,,,,,2025-10-04 13:20:27.249,2025-10-04 13:20:27.249
5674482.0,9953.3,266.32,-44.25,-24.5,0.0,0.0,0.0,0.0,0.0,0.0,-0.39,0.24,0.46,1.0,,,,,2025-10-04 13:20:30.482,2025-10-04 13:20:30.482
5681013.0,9890.41,268.89,-44.0,-24.56,0.0,0.0,0.0,0.0,0.0,0.0,0.02,0.51,0.34,1.0,,,,,2025-10-04 13:20:37.013,2025-10-04 13:20:37.013
5684243.0,9847.87,270.64,-44.0,-24.62,0.0,0.0,0.0,0.0,0.0,0.0,-0.31,0.39,0.46,1.0,,,,,2025-10-04 13:20:40.243,2025-10-04 13:20:40.243
5687521.0,9799.52,272.64,-43.88,-24.69,0.0,0.0,0.0,0.0,0.0,0.0,-0.44,0.2,0.45,1.0,,,,,2025-10-04 13:20:43.521,2025-10-04 13:20:43.521
5690775.0,9767.29,273.98,-43.75,-24.75,0.0,0.0,0.0,0.0,0.0,0.0,-0.17,-0.14,0.31,1.0,,,,,2025-10-04 13:20:46.775,2025-10-04 13:20:46.775
5694003.0,9745.71,274.88,-43.63,-24.75,0.0,0.0,0.0,0.0,0.0,0.0,0.01,0.34,0.42,1.0,,,,,2025-10-04 13:20:50.003,2025-10-04 13:20:50.003
5700525.0,9678.0,277.72,-43.38,-24.87,0.0,0.0,0.0,0.0,0.0,0.0,0.06,0.29,0.4,1.0,,,,,2025-10-04 13:20:56.525,2025-10-04 13:20:56.525
5707024.0,9586.86,281.58,-43.13,-24.94,0.0,0.0,0.0,0.0,0.0,0.0,-0.2,0.29,0.48,1.0,,,,,2025-10-04 13:21:03.024,2025-10-04 13:21:03.024
5710274.0,9539.1,283.62,-43.13,,,,,,,,-0.46,0.22,0.43,1.0,,,,,2025-10-04 13:21:06.274,2025-10-04 13:21:06.274
5713499.0,9504.86,285.09,-43.0,-25.06,0.0,0.0,0.0,0.0,0.0,0.0,-0.25,0.03,0.42,1.0,,,,,2025-10-04 13:21:09.499,2025-10-04 13:21:09.499
5723246.0,9397.47,289.74,-42.38,-25.19,0.0,0.0,0.0,0.0,0.0,0.0,-0.19,0.42,0.46,1.0,,,,,2025-10-04 13:21:19.246,2025-10-04 13:21:19.246
5726519.0,9351.94,291.73,-42.13,-25.25,0.0,0.0,0.0,0.0,0.0,0.0,-0.54,0.31,0.37,1.0,,,,,2025-10-04 13:21:22.519,2025-10-04 13:21:22.519
5732994.0,9286.26,294.62,-41.88,-25.31,0.0,0.0,0.0,0.0,0.0,0.0,-0.48,0.29,0.42,1.0,,,,,2025-10-04 13:21:28.994,2025-10-04 13:21:28.994
5736265.0,9248.09,296.31,-41.75,-25.37,0.0,0.0,0.0,0.0,0.0,0.0,-0.22,0.38,0.48,1.0,,,,,2025-10-04 13:21:32.265,2025-10-04 13:21:32.265
5739510.0,9215.26,297.77,-41.63,-25.37,0.0,0.0,0.0,0.0,0.0,0.0,-0.43,0.43,0.41,1.0,,,,,2025-10-04 13:21:35.510,2025-10-04 13:21:35.510
5742731.0,9177.43,299.46,-41.5,-25.44,0.0,0.0,0.0,0.0,0.0,0.0,-0.55,0.43,0.33,1.0,,,,,2025-10-04 13:21:38.731,2025-10-04 13:21:38.731
5746000.0,9140.2,301.13,-41.25,-25.5,0.0,0.0,0.0,0.0,0.0,0.0,-0.53,0.15,0.37,1.0,,,,,2025-10-04 13:21:42.000,2025-10-04 13:21:42.000
5749245.0,9107.8,302.59,-41.25,-25.5,0.0,0.0,0.0,0.0,0.0,0.0,-0.2,0.53,0.4,1.0,,,,,2025-10-04 13:21:45.245,2025-10-04 13:21:45.245
5752463.0,9066.92,304.44,-41.0,-25.56,0.0,0.0,0.0,0.0,0.0,0.0,-0.61,0.47,0.25,1.0,,,,,2025-10-04 13:21:48.463,2025-10-04 13:21:48.463
5755728.0,9031.29,306.06,-40.88,-25.62,0.0,0.0,0.0,0.0,0.0,0.0,-0.44,0.31,0.45,1.0,,,,,2025-10-04 13:21:51.728,2025-10-04 13:21:51.728
5758971.0,8993.19,307.8,-40.63,-25.62,0.0,0.0,0.0,0.0,0.0,0.0,-0.18,0.58,0.37,1.0,,,,,2025-10-04 13:21:54.971,2025-10-04 13:21:54.971
5762189.0,8961.79,309.24,-40.38,-25.69,0.0,0.0,0.0,0.0,0.0,0.0,-0.1,0.35,0.46,1.0,,,,,2025-10-04 13:21:58.189,2025-10-04 13:21:58.189
5765454.0,8924.0,310.98,-40.25,-25.69,0.0,0.0,0.0,0.0,0.0,0.0,-0.4,0.45,0.42,1.0,,,,,2025-10-04 13:22:01.454,2025-10-04 13:22:01.454
5768694.0,8894.16,312.36,-40.0,-25.75,0.0,0.0,0.0,0.0,0.0,0.0,-0.49,0.45,0.39,1.0,,,,,2025-10-04 13:22:04.694,2025-10-04 13:22:04.694
5771911.0,8857.75,314.05,-39.88,-25.75,0.0,0.0,0.0,0.0,0.0,0.0,-0.29,0.31,0.48,1.0,,,,,2025-10-04 13:22:07.911,2025-10-04 13:22:07.911
5775174.0,8822.36,315.7,-39.63,-25.81,0.0,0.0,0.0,0.0,0.0,0.0,-0.54,0.37,0.36,1.0,,,,,2025-10-04 13:22:11.174,2025-10-04 13:22:11.174
5781627.0,8770.08,318.15,-39.13,-25.87,0.0,0.0,0.0,0.0,0.0,0.0,-0.05,0.34,0.45,1.0,,,,,2025-10-04 13:22:17.627,2025-10-04 13:22:17.627
5784888.0,8745.02,319.33,-38.88,-25.94,0.0,0.0,0.0,0.0,0.0,0.0,-0.08,0.07,0.43,1.0,,,,,2025-10-04 13:22:20.888,2025-10-04 13:22:20.888
5788125.0,8714.12,320.79,-38.75,-25.94,0.0,0.0,0.0,0.0,0.0,0.0,0.03,0.18,0.41,1.0,,,,,2025-10-04 13:22:24.125,2025-10-04 13:22:24.125
5791338.0,8683.33,322.25,-38.25,-25.94,0.0,0.0,0.0,0.0,0.0,0.0,-0.03,0.37,0.41,1.0,,,,,2025-10-04 13:22:27.338,2025-10-04 13:22:27.338
5797832.0,8592.26,326.6,-37.75,-26.0,0.0,0.0,0.0,0.0,0.0,0.0,-0.28,0.44,0.45,1.0,,,,,2025-10-04 13:22:33.832,2025-10-04 13:22:33.832
5804373.0,8531.88,329.51,-37.38,-26.25,0.0,0.0,0.0,0.0,0.0,0.0,0.03,0.32,0.42,1.0,,,,,2025-10-04 13:22:40.373,2025-10-04 13:22:40.373
5807607.0,8533.74,329.42,-37.13,-26.06,0.0,0.0,0.0,0.0,0.0,0.0,0.05,-0.02,0.32,1.0,,,,,2025-10-04 13:22:43.607,2025-10-04 13:22:43.607
5814144.0,8430.16,334.46,-36.75,-26.19,0.0,0.0,0.0,0.0,0.0,0.0,-0.23,0.52,0.41,1.0,,,,,2025-10-04 13:22:50.144,2025-10-04 13:22:50.144
5823997.0,8349.25,338.44,-36.13,-25.56,0.0,0.0,0.0,0.0,0.0,0.0,0.05,0.03,0.33,1.0,,,,,2025-10-04 13:22:59.997,2025-10-04 13:22:59.997
5827224.0,8304.05,340.68,-35.88,-26.12,0.0,0.0,0.0,0.0,0.0,0.0,0.0,0.3,0.43,1.0,,,,,2025-10-04 13:23:03.224,2025-10-04 13:23:03.224
5830499.0,8250.69,343.34,-35.5,-26.25,0.0,0.0,0.0,0.0,0.0,0.0,0.03,0.18,0.42,1.0,5833752.0,,,,2025-10-04 13:23:06.499,2025-10-04 13:23:06.499
5840254.0,8166.72,347.56,-35.13,-26.25,0.0,0.0,0.0,0.0,0.0,0.0,-0.35,0.12,0.45,1.0,,,,,2025-10-04 13:23:16.254,2025-10-04 13:23:16.254
5843506.0,8137.86,349.02,-35.13,-26.25,0.0,0.0,0.0,0.0,0.0,0.0,-0.53,0.37,0.36,1.0,,,,,2025-10-04 13:23:19.506,2025-10-04 13:23:19.506
5863006.0,7854.7,363.61,-33.5,-26.37,0.0,0.0,0.0,0.0,0.0,0.0,-0.31,0.12,0.46,1.0,5872758.0,,,,2025-10-04 13:23:39.006,2025-10-04 13:23:39.006
5875984.0,7824.4,365.2,-33.38,-26.37,0.0,0.0,0.0,0.0,0.0,0.0,-0.57,0.11,0.28,1.0,,,,,2025-10-04 13:23:51.984,2025-10-04 13:23:51.984
5879256.0,7793.26,366.84,-33.13,-26.37,0.0,0.0,0.0,0.0,0.0,0.0,-0.45,0.4,0.4,1.0,,,,,2025-10-04 13:23:55.256,2025-10-04 13:23:55.256
5882504.0,7580.23,378.22,-31.87,-26.37,0.0,0.0,0.0,0.0,0.0,0.0,-0.25,0.01,0.4,1.0,5901981.0,,,,2025-10-04 13:23:58.504,2025-10-04 13:23:58.504
5905203.0,7547.75,379.98,-31.75,-26.31,0.0,0.0,0.0,0.0,0.0,0.0,-0.26,0.65,0.29,1.0,,-26.25,,,2025-10-04 13:24:21.203,2025-10-04 13:24:21.203
5924655.0,7370.34,389.71,-30.37,-26.31,0.0,0.0,0.0,0.0,0.0,0.0,-0.33,0.51,0.39,1.0,,,,,2025-10-04 13:24:40.655,2025-10-04 13:24:40.655
5947407.0,7162.05,401.39,-29.37,-26.12,0.0,0.0,0.0,0.0,0.0,0.0,-0.44,0.15,0.39,1.0,,,,,2025-10-04 13:25:03.407,2025-10-04 13:25:03.407
6005893.0,6655.21,431.0,-26.25,-25.12,0.0,0.0,0.0,0.0,0.0,0.0,0.14,0.07,0.28,1.0,,,,,2025-10-04 13:26:01.893,2025-10-04 13:26:01.893
6044765.0,6327.63,451.06,-24.12,-24.5,0.0,0.0,0.0,0.0,0.0,0.0,0.11,0.22,0.35,1.0,,,,,2025-10-04 13:26:40.765,2025-10-04 13:26:40.765
6060940.0,6172.82,460.8,-23.25,-24.25,0.0,0.0,0.0,0.0,0.0,0.0,-0.43,0.38,0.39,1.0,,,,,2025-10-04 13:26:56.940,2025-10-04 13:26:56.940
6067455.0,6126.61,463.74,-22.75,,,,,,,,-0.33,0.1,0.41,1.0,,,,,2025-10-04 13:27:03.455,2025-10-04 13:27:03.455
6080472.0,5937.97,475.9,-21.12,-23.75,0.0,0.0,0.0,0.0,0.0,0.0,-0.23,0.53,0.31,1.0,6090226.0,,,,2025-10-04 13:27:16.472,2025-10-04 13:27:16.472
6093454.0,5905.33,478.03,-20.87,-23.69,0.0,0.0,0.0,0.0,0.0,0.0,-0.41,0.3,0.36,1.0,,,,,2025-10-04 13:27:29.454,2025-10-04 13:27:29.454
6096730.0,5884.24,479.41,-20.75,-23.62,0.0,0.0,0.0,0.0,0.0,0.0,-0.25,0.54,0.27,1.0,,,,,2025-10-04 13:27:32.730,2025-10-04 13:27:32.730
6099982.0,5854.08,481.39,-20.5,-23.62,0.0,0.0,0.0,0.0,0.0,0.0,-0.21,0.29,0.4,1.0,,,,,2025-10-04 13:27:35.982,2025-10-04 13:27:35.982
6103209.0,5828.1,483.1,-20.25,-23.56,0.0,0.0,0.0,0.0,0.0,0.0,-0.44,0.38,0.31,1.0,,,,,2025-10-04 13:27:39.209,2025-10-04 13:27:39.209
6112957.0,5751.84,488.15,-19.87,-23.37,0.0,0.0,0.0,0.0,0.0,0.0,-0.22,-0.13,0.29,1.0,,,,,2025-10-04 13:27:48.957,2025-10-04 13:27:48.957
6116227.0,5577.26,499.87,-18.75,,,,,,,,-0.19,-0.15,0.27,1.0,6135692.0,,,,2025-10-04 13:27:52.227,2025-10-04 13:27:52.227
6142150.0,5512.87,504.25,-18.5,-22.81,0.0,0.0,0.0,0.0,0.0,0.0,-0.41,0.16,0.36,1.0,,,,,2025-10-04 13:28:18.150,2025-10-04 13:28:18.150
6168072.0,5313.78,517.99,-17.12,-22.37,0.0,0.0,0.0,0.0,0.0,0.0,-0.17,-0.01,0.38,1.0,,,,,2025-10-04 13:28:44.072,2025-10-04 13:28:44.072
6171447.0,5299.03,519.02,-16.87,,,,,,,,0.05,0.11,0.35,1.0,,,,,2025-10-04 13:28:47.447,2025-10-04 13:28:47.447
6177940.0,5231.16,523.78,-16.5,-22.12,0.0,0.0,0.0,0.0,0.0,0.0,-0.43,0.03,0.3,1.0,,,,,2025-10-04 13:28:53.940,2025-10-04 13:28:53.940
6187703.0,5157.16,529.01,-15.88,-21.94,0.0,0.0,0.0,0.0,0.0,0.0,-0.35,0.4,0.34,1.0,,,,,2025-10-04 13:29:03.703,2025-10-04 13:29:03.703
6226710.0,4680.01,563.76,-12.5,-20.5,0.0,0.0,0.0,0.0,0.0,0.0,-0.14,0.4,0.35,1.0,6249447.0,,,,2025-10-04 13:29:42.710,2025-10-04 13:29:42.710
6252690.0,4629.55,567.54,-12.13,-20.37,0.0,0.0,0.0,0.0,0.0,0.0,-0.22,-0.15,0.28,1.0,6255908.0,,,,2025-10-04 13:30:08.690,2025-10-04 13:30:08.690
6259172.0,4614.66,568.66,-11.88,-20.25,0.0,0.0,0.0,0.0,0.0,0.0,-0.02,0.22,0.38,1.0,,,,,2025-10-04 13:30:15.172,2025-10-04 13:30:15.172
6262411.0,4587.19,570.73,-11.75,-20.19,0.0,0.0,0.0,0.0,0.0,0.0,0.02,0.26,0.36,1.0,,,,,2025-10-04 13:30:18.411,2025-10-04 13:30:18.411
6265628.0,4517.48,576.01,-11.25,-19.94,0.0,0.0,0.0,0.0,0.0,0.0,-0.02,0.22,0.37,1.0,6272129.0,,,,2025-10-04 13:30:21.628,2025-10-04 13:30:21.628
6285061.0,4409.33,584.28,-10.75,-19.56,0.0,0.0,0.0,0.0,0.0,0.0,-0.24,0.28,0.38,1.0,,,,,2025-10-04 13:30:41.061,2025-10-04 13:30:41.061
6288324.0,4382.06,586.38,-10.75,-19.5,0.0,0.0,0.0,0.0,0.0,0.0,-0.34,-0.04,0.32,1.0,,-19.37,,,2025-10-04 13:30:44.324,2025-10-04 13:30:44.324
6294847.0,4289.69,593.54,-10.25,-19.06,0.0,0.0,0.0,0.0,0.0,0.0,0.08,0.23,0.32,1.0,6301340.0,,,,2025-10-04 13:30:50.847,2025-10-04 13:30:50.847
6304623.0,4269.94,595.08,-10.13,-19.0,0.0,0.0,0.0,0.0,0.0,0.0,0.07,0.15,0.35,1.0,,,,,2025-10-04 13:31:00.623,2025-10-04 13:31:00.623
6307883.0,4242.19,597.25,-10.0,,,,,,,,-0.22,0.09,0.4,1.0,,,,,2025-10-04 13:31:03.883,2025-10-04 13:31:03.883
