Terminal log file
Date: 10/4/2025 - 11:45:56 AM
-----------------------------------------------
Out=47.88 GX=0.00 GY=0.00 GZ=0.00 AX=0.00 AY=0.00 AZ=0.00 MX=-0.21 MY=0.42 MZ=0.36 SD=1
Time=346219 High=-58.78 Pressure=1020.33 TempIn=24.25 TempOut=47.88 GX=0.00 GY=0.00 GZ=0.00 AX=0.00 AY=0.00 AZ=0.00 MX=-0.20 MY=0.43 MZ=0.34 SD=1
Time=349542 High=-58.86 Pressure=1020.34 TempIn=24.25 TempOut=47.94 GX=0.00 GY=0.00 GZ=0.00 AX=0.00 AY=0.00 AZ=0.00 MX=-0.19 MY=0.43 MZ=0.35 SD=1
Time=352883 High=-59.19 Pressure=1020.38 TempIn=24.12 TempOut=47.94 GX=0.00 GY=0.00 GZ=0.00 AX=0.00 AY=0.00 AZ=0.00 MX=-0.18 MY=0.43 MZ=0.36 SD=1
Time=356165 High=-59.03 Pressure=1020.36 TempIn=24.12 TempOut=47.94 GX=0.00 GY=0.00 GZ=0.00 AX=0.00 AY=0.00 AZ=0.00 MX=-0.21 MY=0.43 MZ=0.34 SD=1
Time=359495 High=-55.80 Pressure=1019.97 TempIn=24.00 TempOut=47.94 GX=0.00 GY=0.00 GZ=0.00 AX=0.00 AY=0.00 AZ=0.00 MX=-0.25 MY=0.41 MZ=0.35 SD=1
Time=362805 High=-57.04 Pressure=1020.12 TempIn=24.00 TempOut=48.00 GX=0.00 GY=0.00 GZ=0.00 AX=0.00 AY=0.00 AZ=0.00 MX=-0.24 MY=0.42 MZ=0.35 SD=1
Time=366133 High=-58.03 Pressure=1020.24 TempIn=24.00 TempOut=48.00 GX=0.00 GY=0.00 GZ=0.00 AX=0.00 AY=0.00 AZ=0.00 MX=-0.22 MY=0.43 MZ=0.34 SD=1
Time=369471 High=-57.62 Pressure=1020.19 TempIn=23.87 TempOut=48.00 GX=0.00 GY=0.00 GZ=0.00 AX=0.00 AY=0.00 AZ=0.00 MX=-0.23 MY=0.43 MZ=0.35 SD=1
Time=372788 High=-57.62 Pressure=1020.19 TempIn=24.00 TempOut=48.06 GX=0.00 GY=0.00 GZ=0.00 AX=0.00 AY=0.00 AZ=0.00 MX=-0.23 MY=0.42 MZ=0.35 SD=1
Time=376202 High=-56.63 Pressure=1020.07 TempIn=24.00 TempOut=48.06 GX=0.00 GY=0.00 GZ=0.00 AX=0.00 AY=0.00 AZ=0.00 MX=-0.24 MY=0.42 MZ=0.35 SD=1
Time=379548 High=-59.11 Pressure=1020.37 TempIn=23.87 TempOut=48.06 GX=0.00 GY=0.00 GZ=0.00 AX=0.00 AY=0.00 AZ=0.00 MX=-0.20 MY=0.41 MZ=0.36 SD=1
Time=382873 High=-56.46 Pressure=1020.05 TempIn=24.00 TempOut=48.06 GX=0.00 GY=0.00 GZ=0.00 AX=0.00 AY=0.00 AZ=0.00 MX=-0.25 MY=0.42 MZ=0.35 SD=1
Time=386177 High=-57.45 Pressure=1020.17 TempIn=24.00 TempOut=48.13 GX=0.00 GY=0.00 GZ=0.00 AX=0.00 AY=0.00 AZ=0.00 MX=-0.23 MY=0.44 MZ=0.34 SD=1
Time=389500 High=-58.37 Pressure=1020.28 TempIn=23.87 TempOut=48.13 GX=0.00 GY=0.00 GZ=0.00 AX=0.00 AY=0.00 AZ=0.00 MX=-0.20 MY=0.43 MZ=0.32 SD=1
Time=392834 High=-56.63 Pressure=1020.07 TempIn=23.87 TempOut=48.13 GX=0.00 GY=0.00 GZ=0.00 AX=0.00 AY=0.00 AZ=0.00 MX=-0.24 MY=0.43 MZ=0.35 SD=1
Time=396147 High=-57.70 Pressure=1020.20 TempIn=24.00 TempOut=48.13 GX=0.00 GY=0.00 GZ=0.00 AX=0.00 AY=0.00 AZ=0.00 MX=-0.24 MY=0.43 MZ=0.34 SD=1
Time=399478 High=-57.21 Pressure=1020.14 TempIn=24.12 TempOut=48.13 GX=0.00 GY=0.00 GZ=0.00 AX=0.00 AY=0.00 AZ=0.00 MX=-0.28 MY=0.44 MZ=0.36 SD=1
Time=402819 High=-57.54 Pressure=1020.18 TempIn=24.12 TempOut=48.19 GX=0.00 GY=0.00 GZ=0.00 AX=0.00 AY=0.00 AZ=0.00 MX=-0.25 MY=0.40 MZ=0.35 SD=1
Time=406139 High=-56.54 Pressure=1020.06 TempIn=24.25 TempOut=48.19 GX=0.00 GY=0.00 GZ=0.00 AX=0.00 AY=0.00 AZ=0.00 MX=-0.28 MY=0.39 MZ=0.37 SD=1
Time=409438 High=-56.21 Pressure=1020.02 TempIn=24.12 TempOut=48.19 GX=0.00 GY=0.00 GZ=0.00 AX=0.00 AY=0.00 AZ=0.00 MX=-0.28 MY=0.39 MZ=0.36 SD=1
Time=412826 High=-56.46 Pressure=1020.05 TempIn=24.00 TempOut=48.19 GX=0.00 GY=0.00 GZ=0.00 AX=0.00 AY=0.00 AZ=0.00 MX=-0.30 MY=0.39 MZ=0.36 SD=1
Time=416153 High=-56.88 Pressure=1020.10 TempIn=24.00 TempOut=48.25 GX=0.00 GY=0.00 GZ=0.00 AX=0.00 AY=0.00 AZ=0.00 MX=-0.29 MY=0.41 MZ=0.36 SD=1
Time=419459 High=-56.46 Pressure=1020.05 TempIn=24.00 TempOut=48.25 GX=0.00 GY=0.00 GZ=0.00 AX=0.00 AY=0.00 AZ=0.00 MX=-0.31 MY=0.40 MZ=0.34 SD=1
Time=422782 High=-57.54 Pressure=1020.18 TempIn=23.87 TempOut=48.25 GX=0.00 GY=0.00 GZ=0.00 AX=0.00 AY=0.00 AZ=0.00 MX=-0.34 MY=0.37 MZ=0.34 SD=1
Time=426116 High=-55.96 Pressure=1019.99 TempIn=23.87 TempOut=48.25 GX=0.00 GY=0.00 GZ=0.00 AX=0.00 AY=0.00 AZ=0.00 MX=-0.24 MY=0.43 MZ=0.34 SD=1
Time=429431 High=-55.80 Pressure=1019.97 TempIn=23.87 TempOut=48.25 GX=0.00 GY=0.00 GZ=0.00 AX=0.00 AY=0.00 AZ=0.00 MX=-0.29 MY=0.43 MZ=0.35 SD=1
Time=432727 High=-55.30 Pressure=1019.91 TempIn=23.87 TempOut=48.25 GX=0.00 GY=0.00 GZ=0.00 AX=0.00 AY=0.00 AZ=0.00 MX=-0.30 MY=0.43 MZ=0.34 SD=1
Time=436109 High=-57.04 Pressure=1020.12 TempIn=24.00 TempOut=48.31 GX=0.00 GY=0.00 GZ=0.00 AX=0.00 AY=0.00 AZ=0.00 MX=-0.23 MY=0.43 MZ=0.36 SD=1
Time=439431 High=-58.20 Pressure=1020.26 TempIn=24.12 TempOut=48.31 GX=0.00 GY=0.00 GZ=0.00 AX=0.00 AY=0.00 AZ=0.00 MX=-0.23 MY=0.43 MZ=0.35 SD=1
Time=442731 High=-56.71 Pressure=1020.08 TempIn=24.12 TempOut=48.31 GX=0.00 GY=0.00 GZ=0.00 AX=0.00 AY=0.00 AZ=0.00 MX=-0.22 MY=0.43 MZ=0.35 SD=1
Time=446120 High=-58.28 Pressure=1020.27 TempIn=24.12 TempOut=48.31 GX=0.00 GY=0.00 GZ=0.00 AX=0.00 AY=0.00 AZ=0.00 MX=-0.23 MY=0.43 MZ=0.34 SD=1
Time=449449 High=-57.54 Pressure=1020.18 TempIn=23.87 TempOut=48.31 GX=0.00 GY=0.00 GZ=0.00 AX=0.00 AY=0.00 AZ=0.00 MX=-0.22 MY=0.43 MZ=0.35 SD=1
Time=452757 High=-57.79 Pressure=1020.21 TempIn=23.87 TempOut=48.31 GX=0.00 GY=0.00 GZ=0.00 AX=0.00 AY=0.00 AZ=0.00 MX=-0.22 MY=0.44 MZ=0.35 SD=1
Time=456044 High=-56.96 Pressure=1020.11 TempIn=24.00 TempOut=48.38 GX=0.00 GY=0.00 GZ=0.00 AX=0.00 AY=0.00 AZ=0.00 MX=-0.23 MY=0.43 MZ=0.34 SD=1
Time=459419 High=-57.87 Pressure=1020.22 TempIn=24.00 TempOut=48.38 GX=0.00 GY=0.00 GZ=0.00 AX=0.00 AY=0.00 AZ=0.00 MX=-0.23 MY=0.44 MZ=0.35 SD=1
Time=462737 High=-57.12 Pressure=1020.13 TempIn=24.12 TempOut=48.38 GX=0.00 GY=0.00 GZ=0.00 AX=0.00 AY=0.00 AZ=0.00 MX=-0.22 MY=0.43 MZ=0.35 SD=1
Time=466033 High=-56.54 Pressure=1020.06 TempIn=24.12 TempOut=48.38 GX=0.00 GY=0.00 GZ=0.00 AX=0.00 AY=0.00 AZ=0.00 MX=-0.22 MY=0.43 MZ=0.34 SD=1
Time=469418 High=-56.88 Pressure=1020.10 TempIn=24.25 TempOut=48.38 GX=0.00 GY=0.00 GZ=0.00 AX=0.00 AY=0.00 AZ=0.00 MX=-0.22 MY=0.44 MZ=0.34 SD=1
Time=472744 High=-57.70 Pressure=1020.20 TempIn=24.12 TempOut=48.44 GX=0.00 GY=0.00 GZ=0.00 AX=0.00 AY=0.00 AZ=0.00 MX=-0.22 MY=0.43 MZ=0.35 SD=1
Time=476048 High=-57.21 Pressure=1020.14 TempIn=24.00 TempOut=48.44 GX=0.00 GY=0.00 GZ=0.00 AX=0.00 AY=0.00 AZ=0.00 MX=-0.22 MY=0.43 MZ=0.34 SD=1
Time=479333 High=-56.71 Pressure=1020.08 TempIn=23.87 TempOut=48.44 GX=0.00 GY=0.00 GZ=0.00 AX=0.00 AY=0.00 AZ=0.00 MX=-0.22 MY=0.43 MZ=0.34 SD=1
Time=482706 High=-56.79 Pressure=1020.09 TempIn=23.87 TempOut=48.44 GX=0.00 GY=0.00 GZ=0.00 AX=0.00 AY=0.00 AZ=0.00 MX=-0.23 MY=0.43 MZ=0.34 SD=1
Time=486020 High=-56.54 Pressure=1020.06 TempIn=23.75 TempOut=48.44 GX=0.00 GY=0.00 GZ=0.00 AX=0.00 AY=0.00 AZ=0.00 MX=-0.22 MY=0.43 MZ=0.35 SD=1
Time=489312 High=-57.45 Pressure=1020.17 TempIn=23.62 TempOut=48.44 GX=0.00 GY=0.00 GZ=0.00 AX=0.00 AY=0.00 AZ=0.00 MX=-0.21 MY=0.44 MZ=0.33 SD=1
Time=492693 High=-56.96 Pressure=1020.11 TempIn=23.50 TempOut=48.44 GX=0.00 GY=0.00 GZ=0.00 AX=0.00 AY=0.00 AZ=0.00 MX=-0.23 MY=0.43 MZ=0.34 SD=1
Time=496015 High=-56.96 Pressure=1020.11 TempIn=23.37 TempOut=48.50 GX=0.00 GY=0.00 GZ=0.00 AX=0.00 AY=0.00 AZ=0.00 MX=-0.22 MY=0.44 MZ=0.33 SD=1
Time=499315 High=-57.21 Pressure=1020.14 TempIn=23.37 TempOut=48.50 GX=0.00 GY=0.00 GZ=0.00 AX=0.00 AY=0.00 AZ=0.00 MX=-0.22 MY=0.43 MZ=0.35 SD=1
Time=502704 High=-56.71 Pressure=1020.08 TempIn=23.25 TempOut=48.50 GX=0.00 GY=0.00 GZ=0.00 AX=0.00 AY=0.00 AZ=0.00 MX=-0.23 MY=0.43 MZ=0.35 SD=1
Time=506034 High=-56.54 Pressure=1020.06 TempIn=23.25 TempOut=48.50 GX=0.00 GY=0.00 GZ=0.00 AX=0.00 AY=0.00 AZ=0.00 MX=-0.22 MY=0.43 MZ=0.34 SD=1
Time=509341 High=-56.96 Pressure=1020.11 TempIn=23.00 TempOut=48.50 GX=0.00 GY=0.00 GZ=0.00 AX=0.00 AY=0.00 AZ=0.00 MX=-0.23 MY=0.43 MZ=0.34 SD=1
Time=512628 High=-57.45 Pressure=1020.17 TempIn=23.00 TempOut=48.50 GX=0.00 GY=0.00 GZ=0.00 AX=0.00 AY=0.00 AZ=0.00 MX=-0.22 MY=0.43 MZ=0.35 SD=1
Time=516403 High=-56.54 Pressure=1020.06 TempIn=23.12 TempOut=48.50 GX=0.00 GY=0.00 GZ=0.00 AX=0.00 AY=0.00 AZ=0.00 MX=-0.22 MY=0.43 MZ=0.35 SD=1
Time=519719 High=-56.54 Pressure=1020.06 TempIn=23.25 TempOut=48.50 GX=0.00 GY=0.00 GZ=0.00 AX=0.00 AY=0.00 AZ=0.00 MX=-0.23 MY=0.43 MZ=0.34 SD=1
Time=523014 High=-56.71 Pressure=1020.08 TempIn=23.25 TempOut=48.56 GX=0.00 GY=0.00 GZ=0.00 AX=0.00 AY=0.00 AZ=0.00 MX=-0.22 MY=0.43 MZ=0.35 SD=1
Time=526398 High=-56.88 Pressure=1020.10 TempIn=23.25 TempOut=48.56 GX=0.00 GY=0.00 GZ=0.00 AX=0.00 AY=0.00 AZ=0.00 MX=-0.22 MY=0.43 MZ=0.35 SD=1
Time=529722 High=-56.71 Pressure=1020.08 TempIn=23.37 TempOut=48.56 GX=0.00 GY=0.00 GZ=0.00 AX=0.00 AY=0.00 AZ=0.00 MX=-0.23 MY=0.43 MZ=0.35 SD=1
Time=533025 High=-56.96 Pressure=1020.11 TempIn=23.37 TempOut=48.56 GX=0.00 GY=0.00 GZ=0.00 AX=0.00 AY=0.00 AZ=0.00 MX=-0.23 MY=0.43 MZ=0.36 SD=1
Time=536377 High=-56.46 Pressure=1020.05 TempIn=23.37 TempOut=48.56 GX=0.00 GY=0.00 GZ=0.00 AX=0.00 AY=0.00 AZ=0.00 MX=-0.22 MY=0.43 MZ=0.35 SD=1
Time=539748 High=-57.95 Pressure=1020.23 TempIn=23.50 TempOut=48.56 GX=0.00 GY=0.00 GZ=0.00 AX=0.00 AY=0.00 AZ=0.00 MX=-0.22 MY=0.43 MZ=0.34 SD=1
Time=543059 High=-56.96 Pressure=1020.11 TempIn=23.62 TempOut=48.56 GX=0.00 GY=0.00 GZ=0.00 AX=0.00 AY=0.00 AZ=0.00 MX=-0.22 MY=0.43 MZ=0.34 SD=1
Time=546348 High=-57.54 Pressure=1020.18 TempIn=23.62 TempOut=48.56 GX=0.00 GY=0.00 GZ=0.00 AX=0.00 AY=0.00 AZ=0.00 MX=-0.22 MY=0.43 MZ=0.35 SD=1
Time=549726 High=-57.37 Pressure=1020.16 TempIn=23.75 TempOut=48.56 GX=0.00 GY=0.00 GZ=0.00 AX=0.00 AY=0.00 AZ=0.00 MX=-0.22 MY=0.44 MZ=0.34 SD=1
Time=553044 High=-57.12 Pressure=1020.13 TempIn=23.87 TempOut=48.56 GX=0.00 GY=0.00 GZ=0.00 AX=0.00 AY=0.00 AZ=0.00 MX=-0.22 MY=0.44 MZ=0.34 SD=1
Time=556341 High=-56.96 Pressure=1020.11 TempIn=24.00 TempOut=48.63 GX=0.00 GY=0.00 GZ=0.00 AX=0.00 AY=0.00 AZ=0.00 MX=-0.22 MY=0.43 MZ=0.34 SD=1
Time=559688 High=-57.37 Pressure=1020.16 TempIn=24.12 TempOut=48.56 GX=0.00 GY=0.00 GZ=0.00 AX=0.00 AY=0.00 AZ=0.00 MX=-0.22 MY=0.43 MZ=0.34 SD=1
Time=563053 High=-57.12 Pressure=1020.13 TempIn=24.25 TempOut=48.63 GX=0.00 GY=0.00 GZ=0.00 AX=0.00 AY=0.00 AZ=0.00 MX=-0.22 MY=0.43 MZ=0.34 SD=1
Time=566358 High=-58.20 Pressure=1020.26 TempIn=24.37 TempOut=48.63 GX=0.00 GY=0.00 GZ=0.00 AX=0.00 AY=0.00 AZ=0.00 MX=-0.23 MY=0.43 MZ=0.34 SD=1
Time=569642 High=-58.12 Pressure=1020.25 TempIn=24.25 TempOut=48.63 GX=0.00 GY=0.00 GZ=0.00 AX=0.00 AY=0.00 AZ=0.00 MX=-0.22 MY=0.43 MZ=0.34 SD=1
Time=573013 High=-57.37 Pressure=1020.16 TempIn=24.37 TempOut=48.63 GX=0.00 GY=0.00 GZ=0.00 AX=0.00 AY=0.00 AZ=0.00 MX=-0.22 MY=0.43 MZ=0.35 SD=1
Time=576324 High=-57.95 Pressure=1020.23 TempIn=24.37 TempOut=48.63 GX=0.00 GY=0.00 GZ=0.00 AX=0.00 AY=0.00 AZ=0.00 MX=-0.22 MY=0.43 MZ=0.34 SD=1
Time=579614 High=-57.87 Pressure=1020.22 TempIn=24.37 TempOut=48.63 GX=0.00 GY=0.00 GZ=0.00 AX=0.00 AY=0.00 AZ=0.00 MX=-0.22 MY=0.44 MZ=0.34 SD=1
Time=582953 High=-56.88 Pressure=1020.10 TempIn=24.37 TempOut=48.63 GX=0.00 GY=0.00 GZ=0.00 AX=0.00 AY=0.00 AZ=0.00 MX=-0.22 MY=0.43 MZ=0.35 SD=1
Time=586312 High=-57.79 Pressure=1020.21 TempIn=24.25 TempOut=48.69 GX=0.00 GY=0.00 GZ=0.00 AX=0.00 AY=0.00 AZ=0.00 MX=-0.21 MY=0.43 MZ=0.35 SD=1
Time=589611 High=-58.03 Pressure=1020.24 TempIn=24.12 TempOut=48.69 GX=0.00 GY=0.00 GZ=0.00 AX=0.00 AY=0.00 AZ=0.00 MX=-0.23 MY=0.43 MZ=0.35 SD=1
Time=592960 High=-57.87 Pressure=1020.22 TempIn=24.12 TempOut=48.69 GX=0.00 GY=0.00 GZ=0.00 AX=0.00 AY=0.00 AZ=0.00 MX=-0.22 MY=0.43 MZ=0.36 SD=1
Time=596327 High=-57.37 Pressure=1020.16 TempIn=24.12 TempOut=48.69 GX=0.00 GY=0.00 GZ=0.00 AX=0.00 AY=0.00 AZ=0.00 MX=-0.22 MY=0.43 MZ=0.34 SD=1
Time=599634 High=-57.45 Pressure=1020.17 TempIn=23.87 TempOut=48.69 GX=0.00 GY=0.00 GZ=0.00 AX=0.00 AY=0.00 AZ=0.00 MX=-0.22 MY=0.42 MZ=0.35 SD=1
Time=602920 High=-57.70 Pressure=1020.20 TempIn=23.87 TempOut=48.69 GX=0.00 GY=0.00 GZ=0.00 AX=0.00 AY=0.00 AZ=0.00 MX=-0.22 MY=0.43 MZ=0.35 SD=1
Time=606255 High=-58.12 Pressure=1020.25 TempIn=23.87 TempOut=48.69 GX=0.00 GY=0.00 GZ=0.00 AX=0.00 AY=0.00 AZ=0.00 MX=-0.23 MY=0.43 MZ=0.35 SD=1
Time=609609 High=-57.37 Pressure=1020.16 TempIn=23.87 TempOut=48.75 GX=0.00 GY=0.00 GZ=0.00 AX=0.00 AY=0.00 AZ=0.00 MX=-0.22 MY=0.43 MZ=0.35 SD=1
Time=612903 High=-58.37 Pressure=1020.28 TempIn=23.75 TempOut=48.75 GX=0.00 GY=0.00 GZ=0.00 AX=0.00 AY=0.00 AZ=0.00 MX=-0.21 MY=0.43 MZ=0.35 SD=1
Time=616246 High=-57.29 Pressure=1020.15 TempIn=23.62 TempOut=48.75 GX=0.00 GY=0.00 GZ=0.00 AX=0.00 AY=0.00 AZ=0.00 MX=-0.22 MY=0.43 MZ=0.35 SD=1
Time=619608 High=-58.12 Pressure=1020.25 TempIn=23.62 TempOut=48.75 GX=0.00 GY=0.00 GZ=0.00 AX=0.00 AY=0.00 AZ=0.00 MX=-0.21 MY=0.43 MZ=0.35 SD=1
Time=622909 High=-57.87 Pressure=1020.22 TempIn=23.50 TempOut=48.75 GX=0.00 GY=0.00 GZ=0.00 AX=0.00 AY=0.00 AZ=0.00 MX=-0.22 MY=0.43 MZ=0.35 SD=1
Time=626260 High=-57.29 Pressure=1020.15 TempIn=23.37 TempOut=48.75 GX=0.00 GY=0.00 GZ=0.00 AX=0.00 AY=0.00 AZ=0.00 MX=-0.22 MY=0.43 MZ=0.36 SD=1
Time=629591 High=-57.79 Pressure=1020.21 TempIn=23.37 TempOut=48.75 GX=0.00 GY=0.00 GZ=0.00 AX=0.00 AY=0.00 AZ=0.00 MX=-0.22 MY=0.43 MZ=0.35 SD=1
Time=632940 High=-58.61 Pressure=1020.31 TempIn=23.50 TempOut=48.75 GX=0.00 GY=0.00 GZ=0.00 AX=0.00 AY=0.00 AZ=0.00 MX=-0.20 MY=0.43 MZ=0.35 SD=1
Time=636228 High=-58.20 Pressure=1020.26 TempIn=23.62 TempOut=48.75 GX=0.00 GY=0.00 GZ=0.00 AX=0.00 AY=0.00 AZ=0.00 MX=-0.20 MY=0.43 MZ=0.35 SD=1
Time=639566 High=-57.37 Pressure=1020.16 TempIn=23.62 TempOut=48.81 GX=0.00 GY=0.00 GZ=0.00 AX=0.00 AY=0.00 AZ=0.00 MX=-0.18 MY=0.43 MZ=0.35 SD=1
Time=642922 High=-57.12 Pressure=1020.13 TempIn=23.62 TempOut=48.81 GX=0.00 GY=0.00 GZ=0.00 AX=0.00 AY=0.00 AZ=0.00 MX=-0.22 MY=0.43 MZ=0.35 SD=1
Time=646218 High=-58.03 Pressure=1020.24 TempIn=23.62 TempOut=48.81 GX=0.00 GY=0.00 GZ=0.00 AX=0.00 AY=0.00 AZ=0.00 MX=-0.23 MY=0.43 MZ=0.36 SD=1
Time=649563 High=-58.78 Pressure=1020.33 TempIn=23.50 TempOut=48.81 GX=0.00 GY=0.00 GZ=0.00 AX=0.00 AY=0.00 AZ=0.00 MX=-0.20 MY=0.43 MZ=0.36 SD=1
Time=652888 High=-57.70 Pressure=1020.20 TempIn=23.50 TempOut=48.81 GX=0.00 GY=0.00 GZ=0.00 AX=0.00 AY=0.00 AZ=0.00 MX=-0.21 MY=0.43 MZ=0.35 SD=1
Time=656231 High=-58.70 Pressure=1020.32 TempIn=23.50 TempOut=48.81 GX=0.00 GY=0.00 GZ=0.00 AX=0.00 AY=0.00 AZ=0.00 MX=-0.22 MY=0.43 MZ=0.35 SD=1
Time=659585 High=-58.28 Pressure=1020.27 TempIn=23.37 TempOut=48.81 GX=0.00 GY=0.00 GZ=0.00 AX=0.00 AY=0.00 AZ=0.00 MX=-0.21 MY=0.44 MZ=0.35 SD=1
Time=662917 High=-58.53 Pressure=1020.30 TempIn=23.37 TempOut=48.81 GX=0.00 GY=0.00 GZ=0.00 AX=0.00 AY=0.00 AZ=0.00 MX=-0.22 MY=0.43 MZ=0.35 SD=1
Time=666268 High=-57.45 Pressure=1020.17 TempIn=23.25 TempOut=48.81 GX=0.00 GY=0.00 GZ=0.00 AX=0.00 AY=0.00 AZ=0.00 MX=-0.22 MY=0.43 MZ=0.35 SD=1
Time=669558 High=-58.70 Pressure=1020.32 TempIn=23.37 TempOut=48.81 GX=0.00 GY=0.00 GZ=0.00 AX=0.00 AY=0.00 AZ=0.00 MX=-0.21 MY=0.43 MZ=0.36 SD=1
Time=672898 High=-58.28 Pressure=1020.27 TempIn=23.37 TempOut=48.81 GX=0.00 GY=0.00 GZ=0.00 AX=0.00 AY=0.00 AZ=0.00 MX=-0.21 MY=0.43 MZ=0.35 SD=1
Time=676218 High=-57.45 Pressure=1020.17 TempIn=23.25 TempOut=48.81 GX=0.00 GY=0.00 GZ=0.00 AX=0.00 AY=0.00 AZ=0.00 MX=-0.22 MY=0.43 MZ=0.35 SD=1
Time=679555 High=-57.79 Pressure=1020.21 TempIn=23.12 TempOut=48.81 GX=0.00 GY=0.00 GZ=0.00 AX=0.00 AY=0.00 AZ=0.00 MX=-0.21 MY=0.43 MZ=0.35 SD=1
Time=682903 High=-58.37 Pressure=1020.28 TempIn=23.00 TempOut=48.88 GX=0.00 GY=0.00 GZ=0.00 AX=0.00 AY=0.00 AZ=0.00 MX=-0.21 MY=0.43 MZ=0.35 SD=1
Time=686231 High=-58.37 Pressure=1020.28 TempIn=22.87 TempOut=48.88 GX=0.00 GY=0.00 GZ=0.00 AX=0.00 AY=0.00 AZ=0.00 MX=-0.21 MY=0.43 MZ=0.35 SD=1
Time=689576 High=-58.53 Pressure=1020.30 TempIn=22.87 TempOut=48.88 GX=0.00 GY=0.00 GZ=0.00 AX=0.00 AY=0.00 AZ=0.00 MX=-0.21 MY=0.44 MZ=0.35 SD=1
Time=692861 High=-59.28 Pressure=1020.39 TempIn=22.75 TempOut=48.88 GX=0.00 GY=0.00 GZ=0.00 AX=0.00 AY=0.00 AZ=0.00 MX=-0.21 MY=0.43 MZ=0.35 SD=1
Time=696195 High=-58.03 Pressure=1020.24 TempIn=22.75 TempOut=48.88 GX=0.00 GY=0.00 GZ=0.00 AX=0.00 AY=0.00 AZ=0.00 MX=-0.21 MY=0.43 MZ=0.34 SD=1
Time=699509 High=-57.04 Pressure=1020.12 TempIn=22.75 TempOut=48.88 GX=0.00 GY=0.00 GZ=0.00 AX=0.00 AY=0.00 AZ=0.00 MX=-0.22 MY=0.43 MZ=0.34 SD=1
Time=702841 High=-58.53 Pressure=1020.30 TempIn=22.75 TempOut=48.88 GX=0.00 GY=0.00 GZ=0.00 AX=0.00 AY=0.00 AZ=0.00 MX=-0.21 MY=0.43 MZ=0.34 SD=1
Time=706183 High=-57.54 Pressure=1020.18 TempIn=22.62 TempOut=48.88 GX=0.00 GY=0.00 GZ=0.00 AX=0.00 AY=0.00 AZ=0.00 MX=-0.21 MY=0.43 MZ=0.34 SD=1
Time=709505 High=-57.95 Pressure=1020.23 TempIn=22.62 TempOut=48.88 GX=0.00 GY=0.00 GZ=0.00 AX=0.00 AY=0.00 AZ=0.00 MX=-0.20 MY=0.43 MZ=0.35 SD=1
Time=712844 High=-57.62 Pressure=1020.19 TempIn=22.62 TempOut=48.94 GX=0.00 GY=0.00 GZ=0.00 AX=0.00 AY=0.00 AZ=0.00 MX=-0.22 MY=0.44 MZ=0.35 SD=1
Time=716194 High=-57.79 Pressure=1020.21 TempIn=22.75 TempOut=48.94 GX=0.00 GY=0.00 GZ=0.00 AX=0.00 AY=0.00 AZ=0.00 MX=-0.21 MY=0.43 MZ=0.35 SD=1
Time=719524 High=-57.37 Pressure=1020.16 TempIn=22.75 TempOut=48.94 GX=0.00 GY=0.00 GZ=0.00 AX=0.00 AY=0.00 AZ=0.00 MX=-0.22 MY=0.44 MZ=0.34 SD=1
Time=722832 High=-58.61 Pressure=1020.31 TempIn=22.75 TempOut=48.94 GX=0.00 GY=0.00 GZ=0.00 AX=0.00 AY=0.00 AZ=0.00 MX=-0.21 MY=0.43 MZ=0.35 SD=1
Time=726158 High=-58.45 Pressure=1020.29 TempIn=22.75 TempOut=48.94 GX=0.00 GY=0.00 GZ=0.00 AX=0.00 AY=0.00 AZ=0.00 MX=-0.21 MY=0.43 MZ=0.34 SD=1
Time=729495 High=-57.54 Pressure=1020.18 TempIn=22.75 TempOut=48.94 GX=0.00 GY=0.00 GZ=0.00 AX=0.00 AY=0.00 AZ=0.00 MX=-0.21 MY=0.43 MZ=0.35 SD=1
Time=732811 High=-57.45 Pressure=1020.17 TempIn=22.87 TempOut=48.94 GX=0.00 GY=0.00 GZ=0.00 AX=0.00 AY=0.00 AZ=0.00 MX=-0.21 MY=0.44 MZ=0.36 SD=1
Time=736145 High=-57.79 Pressure=1020.21 TempIn=22.87 TempOut=48.94 GX=0.00 GY=0.00 GZ=0.00 AX=0.00 AY=0.00 AZ=0.00 MX=-0.22 MY=0.44 MZ=0.34 SD=1
Time=739490 High=-56.79 Pressure=1020.09 TempIn=22.87 TempOut=48.94 GX=0.00 GY=0.00 GZ=0.00 AX=0.00 AY=0.00 AZ=0.00 MX=-0.21 MY=0.43 MZ=0.36 SD=1
Time=742814 High=-57.37 Pressure=1020.16 TempIn=23.00 TempOut=48.94 GX=0.00 GY=0.00 GZ=0.00 AX=0.00 AY=0.00 AZ=0.00 MX=-0.21 MY=0.44 MZ=0.36 SD=1
Time=746114 High=-57.70 Pressure=1020.20 TempIn=23.00 TempOut=48.94 GX=0.00 GY=0.00 GZ=0.00 AX=0.00 AY=0.00 AZ=0.00 MX=-0.22 MY=0.43 MZ=0.35 SD=1
Time=749585 High=-57.12 Pressure=1020.13 TempIn=22.87 TempOut=48.94 GX=0.00 GY=0.00 GZ=0.00 AX=0.00 AY=0.00 AZ=0.00 MX=-0.25 MY=0.43 MZ=0.35 SD=1
Time=752918 High=-57.70 Pressure=1020.20 TempIn=22.87 TempOut=48.94 GX=0.00 GY=0.00 GZ=0.00 AX=0.00 AY=0.00 AZ=0.00 MX=-0.25 MY=0.43 MZ=0.35 SD=1
Time=756229 High=-55.55 Pressure=1019.94 TempIn=23.00 TempOut=49.00 GX=0.00 GY=0.00 GZ=0.00 AX=0.00 AY=0.00 AZ=0.00 MX=-0.24 MY=0.46 MZ=0.31 SD=1
Time=759557 High=-59.52 Pressure=1020.42 TempIn=23.12 TempOut=48.94 GX=0.00 GY=0.00 GZ=0.00 AX=0.00 AY=0.00 AZ=0.00 MX=-0.20 MY=0.37 MZ=0.37 SD=1
Time=762896 High=-52.90 Pressure=1019.62 TempIn=23.00 TempOut=49.00 GX=0.00 GY=0.00 GZ=0.00 AX=0.00 AY=0.00 AZ=0.00 MX=-0.15 MY=0.43 MZ=0.34 SD=1
Time=766215 High=-58.45 Pressure=1020.29 TempIn=22.87 TempOut=49.00 GX=0.00 GY=0.00 GZ=0.00 AX=0.00 AY=0.00 AZ=0.00 MX=-0.21 MY=0.43 MZ=0.35 SD=1
Time=769512 High=-53.07 Pressure=1019.64 TempIn=23.00 TempOut=49.00 GX=0.00 GY=0.00 GZ=0.00 AX=0.00 AY=0.00 AZ=0.00 MX=-0.17 MY=0.43 MZ=0.34 SD=1
Time=772898 High=-53.56 Pressure=1019.70 TempIn=23.00 TempOut=49.00 GX=0.00 GY=0.00 GZ=0.00 AX=0.00 AY=0.00 AZ=0.00 MX=-0.18 MY=0.47 MZ=0.32 SD=1
Time=776224 High=-56.54 Pressure=1020.06 TempIn=22.87 TempOut=49.00 GX=0.00 GY=0.00 GZ=0.00 AX=0.00 AY=0.00 AZ=0.00 MX=-0.20 MY=0.43 MZ=0.34 SD=1
Time=779529 High=-59.28 Pressure=1020.39 TempIn=22.87 TempOut=49.00 GX=0.00 GY=0.00 GZ=0.00 AX=0.00 AY=0.00 AZ=0.00 MX=-0.25 MY=0.41 MZ=0.34 SD=1
Time=782853 High=-57.62 Pressure=1020.19 TempIn=22.87 TempOut=49.00 GX=0.00 GY=0.00 GZ=0.00 AX=0.00 AY=0.00 AZ=0.00 MX=-0.28 MY=0.40 MZ=0.35 SD=1
Time=786186 High=-60.44 Pressure=1020.53 TempIn=22.87 TempOut=49.00 GX=0.00 GY=0.00 GZ=0.00 AX=0.00 AY=0.00 AZ=0.00 MX=-0.28 MY=0.39 MZ=0.37 SD=1
Time=789499 High=-59.77 Pressure=1020.45 TempIn=23.00 TempOut=49.00 GX=0.00 GY=0.00 GZ=0.00 AX=0.00 AY=0.00 AZ=0.00 MX=-0.28 MY=0.41 MZ=0.36 SD=1
Time=792790 High=-59.69 Pressure=1020.44 TempIn=23.12 TempOut=49.00 GX=0.00 GY=0.00 GZ=0.00 AX=0.00 AY=0.00 AZ=0.00 MX=-0.30 MY=0.47 MZ=0.32 SD=1
Time=796170 High=-59.36 Pressure=1020.40 TempIn=23.12 TempOut=49.00 GX=0.00 GY=0.00 GZ=0.00 AX=0.00 AY=0.00 AZ=0.00 MX=-0.32 MY=0.44 MZ=0.33 SD=1
Time=799491 High=-59.69 Pressure=1020.44 TempIn=23.12 TempOut=49.00 GX=0.00 GY=0.00 GZ=0.00 AX=0.00 AY=0.00 AZ=0.00 MX=-0.32 MY=0.45 MZ=0.31 SD=1
Time=802790 High=-59.19 Pressure=1020.38 TempIn=23.25 TempOut=49.00 GX=0.00 GY=0.00 GZ=0.00 AX=0.00 AY=0.00 AZ=0.00 MX=-0.35 MY=0.44 MZ=0.32 SD=1
Time=806178 High=-60.27 Pressure=1020.51 TempIn=23.25 TempOut=49.00 GX=0.00 GY=0.00 GZ=0.00 AX=0.00 AY=0.00 AZ=0.00 MX=-0.44 MY=0.43 MZ=0.27 SD=1
Time=809507 High=-59.28 Pressure=1020.39 TempIn=23.25 TempOut=49.00 GX=0.00 GY=0.00 GZ=0.00 AX=0.00 AY=0.00 AZ=0.00 MX=-0.49 MY=0.32 MZ=0.28 SD=1
Time=812814 High=-59.52 Pressure=1020.42 TempIn=23.25 TempOut=49.00 GX=0.00 GY=0.00 GZ=0.00 AX=0.00 AY=0.00 AZ=0.00 MX=-0.43 MY=0.35 MZ=0.32 SD=1
Time=816100 High=-60.19 Pressure=1020.50 TempIn=23.25 TempOut=49.00 GX=0.00 GY=0.00 GZ=0.00 AX=0.00 AY=0.00 AZ=0.00 MX=-0.42 MY=0.34 MZ=0.34 SD=1
Time=819474 High=-60.10 Pressure=1020.49 TempIn=23.37 TempOut=49.00 GX=0.00 GY=0.00 GZ=0.00 AX=0.00 AY=0.00 AZ=0.00 MX=-0.40 MY=0.32 MZ=0.34 SD=1
Time=822789 High=-60.27 Pressure=1020.51 TempIn=23.37 TempOut=49.00 GX=0.00 GY=0.00 GZ=0.00 AX=0.00 AY=0.00 AZ=0.00 MX=-0.38 MY=0.32 MZ=0.35 SD=1
Time=826083 High=-59.69 Pressure=1020.44 TempIn=23.37 TempOut=49.00 GX=0.00 GY=0.00 GZ=0.00 AX=0.00 AY=0.00 AZ=0.00 MX=-0.39 MY=0.32 MZ=0.35 SD=1
Time=829465 High=-58.95 Pressure=1020.35 TempIn=23.50 TempOut=49.00 GX=0.00 GY=0.00 GZ=0.00 AX=0.00 AY=0.00 AZ=0.00 MX=-0.39 MY=0.30 MZ=0.36 SD=1
Time=832788 High=-59.28 Pressure=1020.39 TempIn=23.62 TempOut=49.00 GX=0.00 GY=0.00 GZ=0.00 AX=0.00 AY=0.00 AZ=0.00 MX=-0.39 MY=0.30 MZ=0.36 SD=1
Time=836090 High=-60.19 Pressure=1020.50 TempIn=23.62 TempOut=49.00 GX=0.00 GY=0.00 GZ=0.00 AX=0.00 AY=0.00 AZ=0.00 MX=-0.38 MY=0.30 MZ=0.36 SD=1
Time=839480 High=-58.95 Pressure=1020.35 TempIn=23.62 TempOut=49.00 GX=0.00 GY=0.00 GZ=0.00 AX=0.00 AY=0.00 AZ=0.00 MX=-0.39 MY=0.30 MZ=0.35 SD=1
Time=842811 High=-59.77 Pressure=1020.45 TempIn=23.62 TempOut=49.00 GX=0.00 GY=0.00 GZ=0.00 AX=0.00 AY=0.00 AZ=0.00 MX=-0.39 MY=0.30 MZ=0.36 SD=1
Time=846120 High=-59.28 Pressure=1020.39 TempIn=23.62 TempOut=49.00 GX=0.00 GY=0.00 GZ=0.00 AX=0.00 AY=0.00 AZ=0.00 MX=-0.38 MY=0.31 MZ=0.36 SD=1
Time=849408 High=-59.69 Pressure=1020.44 TempIn=23.62 TempOut=49.00 GX=0.00 GY=0.00 GZ=0.00 AX=0.00 AY=0.00 AZ=0.00 MX=-0.38 MY=0.34 MZ=0.35 SD=1
Time=852785 High=-59.44 Pressure=1020.41 TempIn=23.75 TempOut=49.00 GX=0.00 GY=0.00 GZ=0.00 AX=0.00 AY=0.00 AZ=0.00 MX=-0.40 MY=0.20 MZ=0.35 SD=1
Time=856102 High=-58.53 Pressure=1020.30 TempIn=23.75 TempOut=49.00 GX=0.00 GY=0.00 GZ=0.00 AX=0.00 AY=0.00 AZ=0.00 MX=-0.40 MY=0.30 MZ=0.35 SD=1
Time=859398 High=-59.28 Pressure=1020.39 TempIn=23.62 TempOut=49.00 GX=0.00 GY=0.00 GZ=0.00 AX=0.00 AY=0.00 AZ=0.00 MX=-0.39 MY=0.27 MZ=0.36 SD=1
Time=862782 High=-59.86 Pressure=1020.46 TempIn=23.62 TempOut=49.00 GX=0.00 GY=0.00 GZ=0.00 AX=0.00 AY=0.00 AZ=0.00 MX=-0.42 MY=0.26 MZ=0.35 SD=1
Time=866107 High=-59.52 Pressure=1020.42 TempIn=23.50 TempOut=49.00 GX=0.00 GY=0.00 GZ=0.00 AX=0.00 AY=0.00 AZ=0.00 MX=-0.41 MY=0.28 MZ=0.34 SD=1
Time=869411 High=-58.95 Pressure=1020.35 TempIn=23.50 TempOut=49.00 GX=0.00 GY=0.00 GZ=0.00 AX=0.00 AY=0.00 AZ=0.00 MX=-0.41 MY=0.29 MZ=0.34 SD=1
Time=872765 High=-58.95 Pressure=1020.35 TempIn=23.62 TempOut=49.00 GX=0.00 GY=0.00 GZ=0.00 AX=0.00 AY=0.00 AZ=0.00 MX=-0.41 MY=0.28 MZ=0.35 SD=1
Time=876136 High=-59.19 Pressure=1020.38 TempIn=23.62 TempOut=49.00 GX=0.00 GY=0.00 GZ=0.00 AX=0.00 AY=0.00 AZ=0.00 MX=-0.40 MY=0.27 MZ=0.35 SD=1
Time=879448 High=-59.61 Pressure=1020.43 TempIn=23.75 TempOut=49.00 GX=0.00 GY=0.00 GZ=0.00 AX=0.00 AY=0.00 AZ=0.00 MX=-0.39 MY=0.27 MZ=0.36 SD=1
Time=882738 High=-60.02 Pressure=1020.48 TempIn=23.75 TempOut=49.00 GX=0.00 GY=0.00 GZ=0.00 AX=0.00 AY=0.00 AZ=0.00 MX=-0.39 MY=0.29 MZ=0.36 SD=1
Time=886117 High=-59.69 Pressure=1020.44 TempIn=23.75 TempOut=49.06 GX=0.00 GY=0.00 GZ=0.00 AX=0.00 AY=0.00 AZ=0.00 MX=-0.39 MY=0.27 MZ=0.36 SD=1
Time=889436 High=-59.61 Pressure=1020.43 TempIn=23.62 TempOut=49.00 GX=0.00 GY=0.00 GZ=0.00 AX=0.00 AY=0.00 AZ=0.00 MX=-0.39 MY=0.27 MZ=0.36 SD=1
Time=892734 High=-59.77 Pressure=1020.45 TempIn=23.62 TempOut=49.00 GX=0.00 GY=0.00 GZ=0.00 AX=0.00 AY=0.00 AZ=0.00 MX=-0.39 MY=0.27 MZ=0.36 SD=1
Time=896082 High=-59.52 Pressure=1020.42 TempIn=23.62 TempOut=49.06 GX=0.00 GY=0.00 GZ=0.00 AX=0.00 AY=0.00 AZ=0.00 MX=-0.39 MY=0.29 MZ=0.35 SD=1
Time=899448 High=-59.11 Pressure=1020.37 TempIn=23.62 TempOut=49.06 GX=0.00 GY=0.00 GZ=0.00 AX=0.00 AY=0.00 AZ=0.00 MX=-0.39 MY=0.30 MZ=0.35 SD=1
Time=902754 High=-59.61 Pressure=1020.43 TempIn=23.62 TempOut=49.00 GX=0.00 GY=0.00 GZ=0.00 AX=0.00 AY=0.00 AZ=0.00 MX=-0.39 MY=0.31 MZ=0.35 SD=1
Time=906039 High=-59.69 Pressure=1020.44 TempIn=23.62 TempOut=49.06 GX=0.00 GY=0.00 GZ=0.00 AX=0.00 AY=0.00 AZ=0.00 MX=-0.39 MY=0.30 MZ=0.36 SD=1
Time=909412 High=-58.45 Pressure=1020.29 TempIn=23.62 TempOut=49.06 GX=0.00 GY=0.00 GZ=0.00 AX=0.00 AY=0.00 AZ=0.00 MX=-0.38 MY=0.31 MZ=0.36 SD=1
Time=912726 High=-59.44 Pressure=1020.41 TempIn=23.62 TempOut=49.06 GX=0.00 GY=0.00 GZ=0.00 AX=0.00 AY=0.00 AZ=0.00 MX=-0.38 MY=0.31 MZ=0.36 SD=1
Time=916019 High=-59.44 Pressure=1020.41 TempIn=23.62 TempOut=49.06 GX=0.00 GY=0.00 GZ=0.00 AX=0.00 AY=0.00 AZ=0.00 MX=-0.40 MY=0.29 MZ=0.34 SD=1
Time=919361 High=-59.19 Pressure=1020.38 TempIn=23.62 TempOut=49.06 GX=0.00 GY=0.00 GZ=0.00 AX=0.00 AY=0.00 AZ=0.00 MX=-0.42 MY=0.29 MZ=0.34 SD=1
Time=922722 High=-59.94 Pressure=1020.47 TempIn=23.62 TempOut=49.06 GX=0.00 GY=0.00 GZ=0.00 AX=0.00 AY=0.00 AZ=0.00 MX=-0.42 MY=0.23 MZ=0.35 SD=1
Time=926022 High=-59.69 Pressure=1020.44 TempIn=23.75 TempOut=49.06 GX=0.00 GY=0.00 GZ=0.00 AX=0.00 AY=0.00 AZ=0.00 MX=-0.42 MY=0.24 MZ=0.34 SD=1
Time=929372 High=-59.69 Pressure=1020.44 TempIn=23.75 TempOut=49.06 GX=0.00 GY=0.00 GZ=0.00 AX=0.00 AY=0.00 AZ=0.00 MX=-0.41 MY=0.26 MZ=0.35 SD=1
Time=932740 High=-60.02 Pressure=1020.48 TempIn=23.75 TempOut=49.06 GX=0.00 GY=0.00 GZ=0.00 AX=0.00 AY=0.00 AZ=0.00 MX=-0.42 MY=0.26 MZ=0.34 SD=1
Time=936048 High=-60.10 Pressure=1020.49 TempIn=23.62 TempOut=49.06 GX=0.00 GY=0.00 GZ=0.00 AX=0.00 AY=0.00 AZ=0.00 MX=-0.42 MY=0.26 MZ=0.35 SD=1
Time=939335 High=-59.36 Pressure=1020.40 TempIn=23.62 TempOut=49.06 GX=0.00 GY=0.00 GZ=0.00 AX=0.00 AY=0.00 AZ=0.00 MX=-0.41 MY=0.28 MZ=0.35 SD=1
Time=942671 High=-59.86 Pressure=1020.46 TempIn=23.62 TempOut=49.06 GX=0.00 GY=0.00 GZ=0.00 AX=0.00 AY=0.00 AZ=0.00 MX=-0.41 MY=0.28 MZ=0.35 SD=1
Time=946026 High=-59.77 Pressure=1020.45 TempIn=23.62 TempOut=49.06 GX=0.00 GY=0.00 GZ=0.00 AX=0.00 AY=0.00 AZ=0.00 MX=-0.41 MY=0.28 MZ=0.35 SD=1
Time=949321 High=-59.52 Pressure=1020.42 TempIn=23.50 TempOut=49.06 GX=0.00 GY=0.00 GZ=0.00 AX=0.00 AY=0.00 AZ=0.00 MX=-0.41 MY=0.28 MZ=0.35 SD=1
Time=952665 High=-59.36 Pressure=1020.40 TempIn=23.62 TempOut=49.06 GX=0.00 GY=0.00 GZ=0.00 AX=0.00 AY=0.00 AZ=0.00 MX=-0.40 MY=0.27 MZ=0.34 SD=1
Time=956028 High=-59.69 Pressure=1020.44 TempIn=23.50 TempOut=49.06 GX=0.00 GY=0.00 GZ=0.00 AX=0.00 AY=0.00 AZ=0.00 MX=-0.40 MY=0.28 MZ=0.35 SD=1
Time=959331 High=-58.95 Pressure=1020.35 TempIn=23.37 TempOut=49.06 GX=0.00 GY=0.00 GZ=0.00 AX=0.00 AY=0.00 AZ=0.00 MX=-0.40 MY=0.28 MZ=0.34 SD=1
Time=962683 High=-58.61 Pressure=1020.31 TempIn=23.12 TempOut=49.06 GX=0.00 GY=0.00 GZ=0.00 AX=0.00 AY=0.00 AZ=0.00 MX=-0.40 MY=0.28 MZ=0.34 SD=1
Time=966015 High=-59.36 Pressure=1020.40 TempIn=23.00 TempOut=49.06 GX=0.00 GY=0.00 GZ=0.00 AX=0.00 AY=0.00 AZ=0.00 MX=-0.40 MY=0.28 MZ=0.35 SD=1
Time=969364 High=-57.79 Pressure=1020.21 TempIn=22.87 TempOut=49.06 GX=0.00 GY=0.00 GZ=0.00 AX=0.00 AY=0.00 AZ=0.00 MX=-0.40 MY=0.28 MZ=0.34 SD=1
Time=972653 High=-58.12 Pressure=1020.25 TempIn=22.62 TempOut=49.13 GX=0.00 GY=0.00 GZ=0.00 AX=0.00 AY=0.00 AZ=0.00 MX=-0.40 MY=0.29 MZ=0.36 SD=1
Time=975992 High=-59.36 Pressure=1020.40 TempIn=22.50 TempOut=49.06 GX=0.00 GY=0.00 GZ=0.00 AX=0.00 AY=0.00 AZ=0.00 MX=-0.40 MY=0.31 MZ=0.34 SD=1
Time=979349 High=-58.86 Pressure=1020.34 TempIn=22.62 TempOut=49.06 GX=0.00 GY=0.00 GZ=0.00 AX=0.00 AY=0.00 AZ=0.00 MX=-0.39 MY=0.28 MZ=0.35 SD=1
Time=982646 High=-59.11 Pressure=1020.37 TempIn=22.62 TempOut=49.06 GX=0.00 GY=0.00 GZ=0.00 AX=0.00 AY=0.00 AZ=0.00 MX=-0.40 MY=0.28 MZ=0.35 SD=1
Time=985993 High=-59.28 Pressure=1020.39 TempIn=22.62 TempOut=49.13 GX=0.00 GY=0.00 GZ=0.00 AX=0.00 AY=0.00 AZ=0.00 MX=-0.39 MY=0.30 MZ=0.36 SD=1
Time=989319 High=-58.78 Pressure=1020.33 TempIn=22.75 TempOut=49.06 GX=0.00 GY=0.00 GZ=0.00 AX=0.00 AY=0.00 AZ=0.00 MX=-0.39 MY=0.28 MZ=0.37 SD=1
Time=992663 High=-59.52 Pressure=1020.42 TempIn=22.75 TempOut=49.06 GX=0.00 GY=0.00 GZ=0.00 AX=0.00 AY=0.00 AZ=0.00 MX=-0.39 MY=0.30 MZ=0.37 SD=1
Time=995948 High=-58.20 Pressure=1020.26 TempIn=22.87 TempOut=49.06 GX=0.00 GY=0.00 GZ=0.00 AX=0.00 AY=0.00 AZ=0.00 MX=-0.40 MY=0.29 MZ=0.36 SD=1
Time=999281 High=-58.61 Pressure=1020.31 TempIn=22.87 TempOut=49.13 GX=0.00 GY=0.00 GZ=0.00 AX=0.00 AY=0.00 AZ=0.00 MX=-0.40 MY=0.29 MZ=0.36 SD=1
Time=1002633 High=-59.03 Pressure=1020.36 TempIn=22.75 TempOut=49.06 GX=0.00 GY=0.00 GZ=0.00 AX=0.00 AY=0.00 AZ=0.00 MX=-0.41 MY=0.27 MZ=0.36 SD=1
Time=1005924 High=-58.70 Pressure=1020.32 TempIn=22.75 TempOut=49.06 GX=0.00 GY=0.00 GZ=0.00 AX=0.00 AY=0.00 AZ=0.00 MX=-0.40 MY=0.28 MZ=0.35 SD=1
Time=1009264 High=-59.19 Pressure=1020.38 TempIn=22.87 TempOut=49.06 GX=0.00 GY=0.00 GZ=0.00 AX=0.00 AY=0.00 AZ=0.00 MX=-0.43 MY=0.28 MZ=0.34 SD=1
Time=1012583 High=-60.02 Pressure=1020.48 TempIn=22.75 TempOut=49.06 GX=0.00 GY=0.00 GZ=0.00 AX=0.00 AY=0.00 AZ=0.00 MX=-0.43 MY=0.28 MZ=0.35 SD=1
Time=1015918 High=-59.52 Pressure=1020.42 TempIn=22.62 TempOut=49.06 GX=0.00 GY=0.00 GZ=0.00 AX=0.00 AY=0.00 AZ=0.00 MX=-0.44 MY=0.27 MZ=0.33 SD=1
Time=1019262 High=-58.45 Pressure=1020.29 TempIn=22.62 TempOut=49.06 GX=0.00 GY=0.00 GZ=0.00 AX=0.00 AY=0.00 AZ=0.00 MX=-0.42 MY=0.31 MZ=0.34 SD=1
Time=1022585 High=-58.95 Pressure=1020.35 TempIn=22.50 TempOut=49.06 GX=0.00 GY=0.00 GZ=0.00 AX=0.00 AY=0.00 AZ=0.00 MX=-0.42 MY=0.31 MZ=0.34 SD=1
Time=1025924 High=-59.28 Pressure=1020.39 TempIn=22.50 TempOut=49.06 GX=0.00 GY=0.00 GZ=0.00 AX=0.00 AY=0.00 AZ=0.00 MX=-0.42 MY=0.31 MZ=0.34 SD=1
Time=1029273 High=-58.78 Pressure=1020.33 TempIn=22.50 TempOut=49.06 GX=0.00 GY=0.00 GZ=0.00 AX=0.00 AY=0.00 AZ=0.00 MX=-0.41 MY=0.32 MZ=0.35 SD=1
Time=1032601 High=-59.36 Pressure=1020.40 TempIn=22.62 TempOut=49.06 GX=0.00 GY=0.00 GZ=0.00 AX=0.00 AY=0.00 AZ=0.00 MX=-0.42 MY=0.32 MZ=0.33 SD=1
Time=1035906 High=-59.03 Pressure=1020.36 TempIn=22.62 TempOut=49.06 GX=0.00 GY=0.00 GZ=0.00 AX=0.00 AY=0.00 AZ=0.00 MX=-0.43 MY=0.28 MZ=0.34 SD=1
Time=1039299 High=-58.95 Pressure=1020.35 TempIn=22.62 TempOut=49.06 GX=0.00 GY=0.00 GZ=0.00 AX=0.00 AY=0.00 AZ=0.00 MX=-0.39 MY=0.15 MZ=0.37 SD=1
Time=1042631 High=-58.37 Pressure=1020.28 TempIn=22.62 TempOut=49.06 GX=0.00 GY=0.00 GZ=0.00 AX=0.00 AY=0.00 AZ=0.00 MX=-0.39 MY=0.21 MZ=0.37 SD=1
Time=1045941 High=-58.20 Pressure=1020.26 TempIn=22.62 TempOut=49.06 GX=0.00 GY=0.00 GZ=0.00 AX=0.00 AY=0.00 AZ=0.00 MX=-0.39 MY=0.22 MZ=0.37 SD=1
Time=1049267 High=-59.03 Pressure=1020.36 TempIn=22.62 TempOut=49.06 GX=0.00 GY=0.00 GZ=0.00 AX=0.00 AY=0.00 AZ=0.00 MX=-0.39 MY=0.24 MZ=0.36 SD=1
Time=1052603 High=-58.86 Pressure=1020.34 TempIn=22.75 TempOut=49.00 GX=0.00 GY=0.00 GZ=0.00 AX=0.00 AY=0.00 AZ=0.00 MX=-0.39 MY=0.22 MZ=0.37 SD=1
Time=1055917 High=-59.03 Pressure=1020.36 TempIn=22.62 TempOut=49.00 GX=0.00 GY=0.00 GZ=0.00 AX=0.00 AY=0.00 AZ=0.00 MX=-0.39 MY=0.22 MZ=0.37 SD=1
Time=1059208 High=-59.36 Pressure=1020.40 TempIn=22.62 TempOut=49.00 GX=0.00 GY=0.00 GZ=0.00 AX=0.00 AY=0.00 AZ=0.00 MX=-0.38 MY=0.23 MZ=0.38 SD=1
Time=1062587 High=-59.44 Pressure=1020.41 TempIn=22.75 TempOut=49.00 GX=0.00 GY=0.00 GZ=0.00 AX=0.00 AY=0.00 AZ=0.00 MX=-0.39 MY=0.24 MZ=0.38 SD=1
Time=1065905 High=-59.36 Pressure=1020.40 TempIn=22.75 TempOut=49.00 GX=0.00 GY=0.00 GZ=0.00 AX=0.00 AY=0.00 AZ=0.00 MX=-0.38 MY=0.23 MZ=0.37 SD=1
Time=1069201 High=-59.11 Pressure=1020.37 TempIn=22.75 TempOut=49.00 GX=0.00 GY=0.00 GZ=0.00 AX=0.00 AY=0.00 AZ=0.00 MX=-0.38 MY=0.23 MZ=0.37 SD=1
Time=1072584 High=-58.45 Pressure=1020.29 TempIn=22.75 TempOut=49.00 GX=0.00 GY=0.00 GZ=0.00 AX=0.00 AY=0.00 AZ=0.00 MX=-0.38 MY=0.24 MZ=0.37 SD=1
Time=1075907 High=-58.12 Pressure=1020.25 TempIn=22.87 TempOut=49.00 GX=0.00 GY=0.00 GZ=0.00 AX=0.00 AY=0.00 AZ=0.00 MX=-0.38 MY=0.19 MZ=0.38 SD=1
Time=1079207 High=-58.78 Pressure=1020.33 TempIn=22.87 TempOut=49.00 GX=0.00 GY=0.00 GZ=0.00 AX=0.00 AY=0.00 AZ=0.00 MX=-0.37 MY=0.20 MZ=0.38 SD=1
Time=1082595 High=-59.03 Pressure=1020.36 TempIn=22.87 TempOut=49.00 GX=0.00 GY=0.00 GZ=0.00 AX=0.00 AY=0.00 AZ=0.00 MX=-0.37 MY=0.20 MZ=0.37 SD=1
Time=1085923 High=-59.11 Pressure=1020.37 TempIn=22.75 TempOut=49.00 GX=0.00 GY=0.00 GZ=0.00 AX=0.00 AY=0.00 AZ=0.00 MX=-0.37 MY=0.21 MZ=0.37 SD=1
Time=1089228 High=-58.86 Pressure=1020.34 TempIn=22.75 TempOut=49.00 GX=0.00 GY=0.00 GZ=0.00 AX=0.00 AY=0.00 AZ=0.00 MX=-0.37 MY=0.19 MZ=0.38 SD=1
Time=1092582 High=-58.78 Pressure=1020.33 TempIn=22.87 TempOut=49.00 GX=0.00 GY=0.00 GZ=0.00 AX=0.00 AY=0.00 AZ=0.00 MX=-0.39 MY=0.20 MZ=0.37 SD=1
Time=1095953 High=-59.28 Pressure=1020.39 TempIn=22.87 TempOut=49.00 GX=0.00 GY=0.00 GZ=0.00 AX=0.00 AY=0.00 AZ=0.00 MX=-0.40 MY=0.24 MZ=0.37 SD=1
Time=1099262 High=-58.53 Pressure=1020.30 TempIn=23.00 TempOut=49.00 GX=0.00 GY=0.00 GZ=0.00 AX=0.00 AY=0.00 AZ=0.00 MX=-0.40 MY=0.23 MZ=0.36 SD=1
Time=1102549 High=-58.78 Pressure=1020.33 TempIn=23.00 TempOut=48.94 GX=0.00 GY=0.00 GZ=0.00 AX=0.00 AY=0.00 AZ=0.00 MX=-0.41 MY=0.13 MZ=0.35 SD=1
Time=1105923 High=-58.45 Pressure=1020.29 TempIn=23.00 TempOut=48.94 GX=0.00 GY=0.00 GZ=0.00 AX=0.00 AY=0.00 AZ=0.00 MX=-0.38 MY=0.14 MZ=0.37 SD=1
Time=1109237 High=-58.12 Pressure=1020.25 TempIn=23.00 TempOut=48.94 GX=0.00 GY=0.00 GZ=0.00 AX=0.00 AY=0.00 AZ=0.00 MX=-0.38 MY=0.15 MZ=0.36 SD=1
Time=1112529 High=-58.53 Pressure=1020.30 TempIn=22.87 TempOut=48.94 GX=0.00 GY=0.00 GZ=0.00 AX=0.00 AY=0.00 AZ=0.00 MX=-0.36 MY=0.23 MZ=0.38 SD=1
Time=1115869 High=-59.19 Pressure=1020.38 TempIn=22.87 TempOut=48.94 GX=0.00 GY=0.00 GZ=0.00 AX=0.00 AY=0.00 AZ=0.00 MX=-0.35 MY=0.20 MZ=0.39 SD=1
Time=1119306 High=-58.95 Pressure=1020.35 TempIn=22.75 TempOut=48.94 GX=0.00 GY=0.00 GZ=0.00 AX=0.00 AY=0.00 AZ=0.00 MX=-0.37 MY=0.26 MZ=0.37 SD=1
Time=1122603 High=-58.61 Pressure=1020.31 TempIn=22.75 TempOut=48.94 GX=0.00 GY=0.00 GZ=0.00 AX=0.00 AY=0.00 AZ=0.00 MX=-0.37 MY=0.32 MZ=0.36 SD=1
Time=1125947 High=-58.53 Pressure=1020.30 TempIn=22.75 TempOut=48.94 GX=0.00 GY=0.00 GZ=0.00 AX=0.00 AY=0.00 AZ=0.00 MX=-0.35 MY=0.30 MZ=0.37 SD=1
Time=1129309 High=-58.03 Pressure=1020.24 TempIn=22.87 TempOut=48.94 GX=0.00 GY=0.00 GZ=0.00 AX=0.00 AY=0.00 AZ=0.00 MX=-0.34 MY=0.30 MZ=0.39 SD=1
Time=1132609 High=-59.11 Pressure=1020.37 TempIn=22.87 TempOut=48.94 GX=0.00 GY=0.00 GZ=0.00 AX=0.00 AY=0.00 AZ=0.00 MX=-0.36 MY=0.25 MZ=0.37 SD=1
Time=1135957 High=-58.53 Pressure=1020.30 TempIn=22.87 TempOut=48.94 GX=0.00 GY=0.00 GZ=0.00 AX=0.00 AY=0.00 AZ=0.00 MX=-0.36 MY=0.31 MZ=0.37 SD=1
Time=1139282 High=-58.28 Pressure=1020.27 TempIn=23.00 TempOut=48.94 GX=0.00 GY=0.00 GZ=0.00 AX=0.00 AY=0.00 AZ=0.00 MX=-0.36 MY=0.28 MZ=0.37 SD=1
Time=1142626 High=-58.28 Pressure=1020.27 TempIn=23.00 TempOut=48.94 GX=0.00 GY=0.00 GZ=0.00 AX=0.00 AY=0.00 AZ=0.00 MX=-0.36 MY=0.26 MZ=0.36 SD=1
Time=1145979 High=-58.61 Pressure=1020.31 TempIn=23.00 TempOut=48.88 GX=0.00 GY=0.00 GZ=0.00 AX=0.00 AY=0.00 AZ=0.00 MX=-0.37 MY=0.17 MZ=0.38 SD=1
Time=1149311 High=-58.37 Pressure=1020.28 TempIn=23.00 TempOut=48.88 GX=0.00 GY=0.00 GZ=0.00 AX=0.00 AY=0.00 AZ=0.00 MX=-0.36 MY=0.19 MZ=0.37 SD=1
Time=1152659 High=-58.45 Pressure=1020.29 TempIn=23.12 TempOut=48.88 GX=0.00 GY=0.00 GZ=0.00 AX=0.00 AY=0.00 AZ=0.00 MX=-0.42 MY=0.20 MZ=0.36 SD=1
Time=1155946 High=-58.95 Pressure=1020.35 TempIn=23.12 TempOut=48.88 GX=0.00 GY=0.00 GZ=0.00 AX=0.00 AY=0.00 AZ=0.00 MX=-0.44 MY=0.19 MZ=0.35 SD=1
Time=1159281 High=-59.44 Pressure=1020.41 TempIn=23.25 TempOut=48.88 GX=0.00 GY=0.00 GZ=0.00 AX=0.00 AY=0.00 AZ=0.00 MX=-0.42 MY=0.26 MZ=0.35 SD=1
Time=1162595 High=-59.69 Pressure=1020.44 TempIn=23.25 TempOut=48.88 GX=0.00 GY=0.00 GZ=0.00 AX=0.00 AY=0.00 AZ=0.00 MX=-0.42 MY=0.20 MZ=0.36 SD=1
Time=1165925 High=-59.69 Pressure=1020.44 TempIn=23.37 TempOut=48.88 GX=0.00 GY=0.00 GZ=0.00 AX=0.00 AY=0.00 AZ=0.00 MX=-0.42 MY=0.19 MZ=0.34 SD=1
Time=1169265 High=-59.77 Pressure=1020.45 TempIn=23.37 TempOut=48.88 GX=0.00 GY=0.00 GZ=0.00 AX=0.00 AY=0.00 AZ=0.00 MX=-0.42 MY=0.21 MZ=0.36 SD=1
Time=1172583 High=-59.44 Pressure=1020.41 TempIn=23.50 TempOut=48.88 GX=0.00 GY=0.00 GZ=0.00 AX=0.00 AY=0.00 AZ=0.00 MX=-0.40 MY=0.19 MZ=0.36 SD=1
Time=1175918 High=-59.52 Pressure=1020.42 TempIn=23.50 TempOut=48.88 GX=0.00 GY=0.00 GZ=0.00 AX=0.00 AY=0.00 AZ=0.00 MX=-0.40 MY=0.21 MZ=0.36 SD=1
Time=1179262 High=-59.19 Pressure=1020.38 TempIn=23.62 TempOut=48.88 GX=0.00 GY=0.00 GZ=0.00 AX=0.00 AY=0.00 AZ=0.00 MX=-0.41 MY=0.24 MZ=0.35 SD=1
Time=1182585 High=-58.86 Pressure=1020.34 TempIn=23.50 TempOut=48.88 GX=0.00 GY=0.00 GZ=0.00 AX=0.00 AY=0.00 AZ=0.00 MX=-0.41 MY=0.25 MZ=0.35 SD=1
Time=1185885 High=-59.61 Pressure=1020.43 TempIn=23.37 TempOut=48.88 GX=0.00 GY=0.00 GZ=0.00 AX=0.00 AY=0.00 AZ=0.00 MX=-0.43 MY=0.27 MZ=0.34 SD=1
Time=1189273 High=-59.44 Pressure=1020.41 TempIn=23.50 TempOut=48.88 GX=0.00 GY=0.00 GZ=0.00 AX=0.00 AY=0.00 AZ=0.00 MX=-0.43 MY=0.25 MZ=0.35 SD=1
Time=1192600 High=-59.44 Pressure=1020.41 TempIn=23.62 TempOut=48.88 GX=0.00 GY=0.00 GZ=0.00 AX=0.00 AY=0.00 AZ=0.00 MX=-0.42 MY=0.24 MZ=0.35 SD=1
Time=1195905 High=-59.61 Pressure=1020.43 TempIn=23.62 TempOut=48.88 GX=0.00 GY=0.00 GZ=0.00 AX=0.00 AY=0.00 AZ=0.00 MX=-0.40 MY=0.22 MZ=0.36 SD=1
Time=1199297 High=-60.10 Pressure=1020.49 TempIn=23.62 TempOut=48.88 GX=0.00 GY=0.00 GZ=0.00 AX=0.00 AY=0.00 AZ=0.00 MX=-0.45 MY=0.25 MZ=0.33 SD=1
Time=1202629 High=-57.62 Pressure=1020.19 TempIn=23.62 TempOut=48.88 GX=0.00 GY=0.00 GZ=0.00 AX=0.00 AY=0.00 AZ=0.00 MX=-0.32 MY=0.31 MZ=0.38 SD=1
Time=1205938 High=-47.35 Pressure=1018.95 TempIn=23.37 TempOut=48.81 GX=0.00 GY=0.00 GZ=0.00 AX=0.00 AY=0.00 AZ=0.00 MX=-0.42 MY=0.18 MZ=0.37 SD=1
Time=1209225 High=-25.61 Pressure=1016.33 TempIn=23.00 TempOut=48.81 GX=0.00 GY=0.00 GZ=0.00 AX=0.00 AY=0.00 AZ=0.00 MX=-0.25 MY=0.43 MZ=0.36 SD=1
Time=1212599 High=-4.33 Pressure=1013.77 TempIn=22.87 TempOut=48.81 GX=0.00 GY=0.00 GZ=0.00 AX=0.00 AY=0.00 AZ=0.00 MX=-0.49 MY=0.29 MZ=0.29 SD=1
Time=1215913 High=20.58 Pressure=1010.78 TempIn=22.12 TempOut=48.81 GX=0.00 GY=0.00 GZ=0.00 AX=0.00 AY=0.00 AZ=0.00 MX=-0.42 MY=0.36 MZ=0.35 SD=1
Time=1219206 High=41.88 Pressure=1008.23 TempIn=21.50 TempOut=48.81 GX=0.00 GY=0.00 GZ=0.00 AX=0.00 AY=0.00 AZ=0.00 MX=-0.50 MY=0.19 MZ=0.30 SD=1
Time=1222588 High=89.97 Pressure=1002.49 TempIn=20.87 TempOut=48.81 GX=0.00 GY=0.00 GZ=0.00 AX=0.00 AY=0.00 AZ=0.00 MX=-0.04 MY=0.02 MZ=0.36 SD=1
Time=1225910 High=91.82 Pressure=1002.27 TempIn=20.37 TempOut=48.81 GX=0.00 GY=0.00 GZ=0.00 AX=0.00 AY=0.00 AZ=0.00 MX=0.08 MY=0.07 MZ=0.31 SD=1
Time=1229211 High=120.50 Pressure=998.86 TempIn=20.12 TempOut=48.81 GX=0.00 GY=0.00 GZ=0.00 AX=0.00 AY=0.00 AZ=0.00 MX=0.07 MY=0.04 MZ=0.32 SD=1
Time=1232602 High=158.81 Pressure=994.32 TempIn=19.87 TempOut=48.75 GX=0.00 GY=0.00 GZ=0.00 AX=0.00 AY=0.00 AZ=0.00 MX=-0.32 MY=0.25 MZ=0.40 SD=1
Time=1235935 High=174.12 Pressure=992.51 TempIn=19.50 TempOut=48.75 GX=0.00 GY=0.00 GZ=0.00 AX=0.00 AY=0.00 AZ=0.00 MX=-0.47 MY=0.12 MZ=0.32 SD=1
Time=1239246 High=192.60 Pressure=990.33 TempIn=19.12 TempOut=48.75 GX=0.00 GY=0.00 GZ=0.00 AX=0.00 AY=0.00 AZ=0.00 MX=-0.09 MY=-0.02 MZ=0.36 SD=1
Time=1242536 High=213.57 Pressure=987.86 TempIn=18.87 TempOut=48.75 GX=0.00 GY=0.00 GZ=0.00 AX=0.00 AY=0.00 AZ=0.00 MX=-0.29 MY=0.02 MZ=0.36 SD=1
Time=1245914 High=234.49 Pressure=985.40 TempIn=18.75 TempOut=48.69 GX=0.00 GY=0.00 GZ=0.00 AX=0.00 AY=0.00 AZ=0.00 MX=-0.03 MY=-0.01 MZ=0.35 SD=1
Time=1249232 High=257.17 Pressure=982.74 TempIn=18.25 TempOut=48.69 GX=0.00 GY=0.00 GZ=0.00 AX=0.00 AY=0.00 AZ=0.00 MX=-0.20 MY=0.07 MZ=0.40 SD=1
Time=1252527 High=276.39 Pressure=980.49 TempIn=17.87 TempOut=48.69 GX=0.00 GY=0.00 GZ=0.00 AX=0.00 AY=0.00 AZ=0.00 MX=-0.24 MY=-0.02 MZ=0.36 SD=1
Time=1255912 High=295.82 Pressure=978.22 TempIn=17.87 TempOut=48.63 GX=0.00 GY=0.00 GZ=0.00 AX=0.00 AY=0.00 AZ=0.00 MX=-0.51 MY=0.32 MZ=0.28 SD=1
Time=1259236 High=315.97 Pressure=975.87 TempIn=17.37 TempOut=48.63 GX=0.00 GY=0.00 GZ=0.00 AX=0.00 AY=0.00 AZ=0.00 MX=-0.35 MY=0.31 MZ=0.38 SD=1
Time=1262538 High=340.11 Pressure=973.06 TempIn=17.12 TempOut=48.56 GX=0.00 GY=0.00 GZ=0.00 AX=0.00 AY=0.00 AZ=0.00 MX=-0.11 MY=-0.03 MZ=0.36 SD=1
Time=1265890 High=367.59 Pressure=969.87 TempIn=17.12 TempOut=48.56 GX=0.00 GY=0.00 GZ=0.00 AX=0.00 AY=0.00 AZ=0.00 MX=-0.34 MY=0.22 MZ=0.41 SD=1
Time=1269261 High=391.08 Pressure=967.15 TempIn=16.75 TempOut=48.50 GX=0.00 GY=0.00 GZ=0.00 AX=0.00 AY=0.00 AZ=0.00 MX=-0.31 MY=0.48 MZ=0.33 SD=1
Time=1272571 High=410.90 Pressure=964.86 TempIn=16.50 TempOut=48.50 GX=0.00 GY=0.00 GZ=0.00 AX=0.00 AY=0.00 AZ=0.00 MX=-0.13 MY=0.41 MZ=0.37 SD=1
Time=1275859 High=426.77 Pressure=963.03 TempIn=16.37 TempOut=48.44 GX=0.00 GY=0.00 GZ=0.00 AX=0.00 AY=0.00 AZ=0.00 MX=-0.05 MY=0.51 MZ=0.26 SD=1
Time=1279237 High=441.09 Pressure=961.38 TempIn=16.00 TempOut=48.38 GX=0.00 GY=0.00 GZ=0.00 AX=0.00 AY=0.00 AZ=0.00 MX=-0.25 MY=0.39 MZ=0.38 SD=1
Time=1282555 High=460.57 Pressure=959.14 TempIn=15.88 TempOut=48.38 GX=0.00 GY=0.00 GZ=0.00 AX=0.00 AY=0.00 AZ=0.00 MX=-0.19 MY=0.46 MZ=0.34 SD=1
Time=1285851 High=480.87 Pressure=956.81 TempIn=15.88 TempOut=48.31 GX=0.00 GY=0.00 GZ=0.00 AX=0.00 AY=0.00 AZ=0.00 MX=-0.43 MY=0.17 MZ=0.36 SD=1
Time=1289197 High=503.04 Pressure=954.27 TempIn=15.50 TempOut=48.31 GX=0.00 GY=0.00 GZ=0.00 AX=0.00 AY=0.00 AZ=0.00 MX=-0.31 MY=0.42 MZ=0.36 SD=1
Time=1292563 High=523.17 Pressure=951.97 TempIn=15.50 TempOut=48.25 GX=0.00 GY=0.00 GZ=0.00 AX=0.00 AY=0.00 AZ=0.00 MX=-0.43 MY=0.42 MZ=0.31 SD=1
Time=1295867 High=539.82 Pressure=950.07 TempIn=15.13 TempOut=48.19 GX=0.00 GY=0.00 GZ=0.00 AX=0.00 AY=0.00 AZ=0.00 MX=-0.36 MY=0.37 MZ=0.37 SD=1
Time=1299221 High=571.71 Pressure=946.44 TempIn=14.75 TempOut=48.13 GX=0.00 GY=0.00 GZ=0.00 AX=0.00 AY=0.00 AZ=0.00 MX=-0.04 MY=0.12 MZ=0.40 SD=1
Time=1302594 High=579.36 Pressure=945.57 TempIn=14.50 TempOut=48.06 GX=0.00 GY=0.00 GZ=0.00 AX=0.00 AY=0.00 AZ=0.00 MX=-0.40 MY=0.11 MZ=0.37 SD=1
Time=1305906 High=598.22 Pressure=943.43 TempIn=14.25 TempOut=48.06 GX=0.00 GY=0.00 GZ=0.00 AX=0.00 AY=0.00 AZ=0.00 MX=-0.45 MY=0.23 MZ=0.37 SD=1
Time=1309196 High=616.41 Pressure=941.37 TempIn=14.13 TempOut=48.00 GX=0.00 GY=0.00 GZ=0.00 AX=0.00 AY=0.00 AZ=0.00 MX=-0.24 MY=0.47 MZ=0.36 SD=1
Time=1312535 High=645.70 Pressure=938.06 TempIn=14.00 TempOut=47.94 GX=0.00 GY=0.00 GZ=0.00 AX=0.00 AY=0.00 AZ=0.00 MX=-0.07 MY=0.23 MZ=0.40 SD=1
Time=1315896 High=656.96 Pressure=936.79 TempIn=13.63 TempOut=47.88 GX=0.00 GY=0.00 GZ=0.00 AX=0.00 AY=0.00 AZ=0.00 MX=-0.31 MY=0.01 MZ=0.37 SD=1
Time=1319193 High=674.63 Pressure=934.80 TempIn=13.25 TempOut=47.81 GX=0.00 GY=0.00 GZ=0.00 AX=0.00 AY=0.00 AZ=0.00 MX=-0.50 MY=0.13 MZ=0.31 SD=1
Time=1322540 High=708.82 Pressure=930.96 TempIn=13.13 TempOut=47.75 GX=0.00 GY=0.00 GZ=0.00 AX=0.00 AY=0.00 AZ=0.00 MX=0.05 MY=0.07 MZ=0.34 SD=1
Time=1325906 High=711.58 Pressure=930.65 TempIn=12.88 TempOut=47.69 GX=0.00 GY=0.00 GZ=0.00 AX=0.00 AY=0.00 AZ=0.00 MX=-0.32 MY=0.07 MZ=0.40 SD=1
Time=1329213 High=731.04 Pressure=928.47 TempIn=12.75 TempOut=47.63 GX=0.00 GY=0.00 GZ=0.00 AX=0.00 AY=0.00 AZ=0.00 MX=-0.31 MY=0.46 MZ=0.35 SD=1
Time=1332499 High=746.78 Pressure=926.71 TempIn=12.50 TempOut=47.56 GX=0.00 GY=0.00 GZ=0.00 AX=0.00 AY=0.00 AZ=0.00 MX=-0.38 MY=0.34 MZ=0.38 SD=1
Time=1335836 High=766.58 Pressure=924.50 TempIn=12.50 TempOut=47.50 GX=0.00 GY=0.00 GZ=0.00 AX=0.00 AY=0.00 AZ=0.00 MX=-0.34 MY=0.38 MZ=0.38 SD=1
Time=1339193 High=786.69 Pressure=922.26 TempIn=12.50 TempOut=47.44 GX=0.00 GY=0.00 GZ=0.00 AX=0.00 AY=0.00 AZ=0.00 MX=-0.48 MY=0.23 MZ=0.34 SD=1
Time=1342488 High=808.36 Pressure=919.85 TempIn=12.25 TempOut=47.38 GX=0.00 GY=0.00 GZ=0.00 AX=0.00 AY=0.00 AZ=0.00 MX=-0.38 MY=0.40 MZ=0.37 SD=1
Time=1345833 High=832.52 Pressure=917.17 TempIn=12.13 TempOut=47.31 GX=0.00 GY=0.00 GZ=0.00 AX=0.00 AY=0.00 AZ=0.00 MX=-0.31 MY=0.39 MZ=0.39 SD=1
Time=1349198 High=859.36 Pressure=914.20 TempIn=11.88 TempOut=47.25 GX=0.00 GY=0.00 GZ=0.00 AX=0.00 AY=0.00 AZ=0.00 MX=-0.15 MY=0.47 MZ=0.34 SD=1
Time=1352501 High=882.46 Pressure=911.65 TempIn=11.75 TempOut=47.19 GX=0.00 GY=0.00 GZ=0.00 AX=0.00 AY=0.00 AZ=0.00 MX=-0.01 MY=0.40 MZ=0.34 SD=1
Time=1355851 High=906.62 Pressure=908.99 TempIn=11.63 TempOut=47.13 GX=0.00 GY=0.00 GZ=0.00 AX=0.00 AY=0.00 AZ=0.00 MX=0.05 MY=0.23 MZ=0.36 SD=1
Time=1359183 High=1022.82 Pressure=896.28 TempIn=11.50 TempOut=47.06 GX=0.00 GY=0.00 GZ=0.00 AX=0.00 AY=0.00 AZ=0.00 MX=-0.10 MY=0.29 MZ=0.41 SD=1
Time=1362535 High=1040.40 Pressure=894.37 TempIn=11.25 TempOut=47.00 GX=0.00 GY=0.00 GZ=0.00 AX=0.00 AY=0.00 AZ=0.00 MX=0.02 MY=0.41 MZ=0.31 SD=1
Time=1365824 High=1053.12 Pressure=892.99 TempIn=11.13 TempOut=46.94 GX=0.00 GY=0.00 GZ=0.00 AX=0.00 AY=0.00 AZ=0.00 MX=0.03 MY=0.30 MZ=0.35 SD=1
Time=1369161 High=1084.80 Pressure=889.56 TempIn=11.00 TempOut=46.88 GX=0.00 GY=0.00 GZ=0.00 AX=0.00 AY=0.00 AZ=0.00 MX=0.04 MY=0.14 MZ=0.36 SD=1
Time=1372518 High=1107.49 Pressure=887.11 TempIn=10.88 TempOut=46.81 GX=0.00 GY=0.00 GZ=0.00 AX=0.00 AY=0.00 AZ=0.00 MX=-0.11 MY=0.38 MZ=0.38 SD=1
Time=1375814 High=1126.33 Pressure=885.08 TempIn=10.75 TempOut=46.75 GX=0.00 GY=0.00 GZ=0.00 AX=0.00 AY=0.00 AZ=0.00 MX=-0.14 MY=0.37 MZ=0.40 SD=1
Time=1379157 High=1146.42 Pressure=882.92 TempIn=10.38 TempOut=46.69 GX=0.00 GY=0.00 GZ=0.00 AX=0.00 AY=0.00 AZ=0.00 MX=-0.07 MY=0.50 MZ=0.30 SD=1
Time=1382479 High=1161.13 Pressure=881.34 TempIn=10.38 TempOut=46.63 GX=0.00 GY=0.00 GZ=0.00 AX=0.00 AY=0.00 AZ=0.00 MX=-0.01 MY=0.29 MZ=0.39 SD=1
Time=1385818 High=1197.83 Pressure=877.41 TempIn=10.25 TempOut=46.56 GX=0.00 GY=0.00 GZ=0.00 AX=0.00 AY=0.00 AZ=0.00 MX=-0.02 MY=0.35 MZ=0.38 SD=1
Time=1389168 High=1218.81 Pressure=875.17 TempIn=10.13 TempOut=46.50 GX=0.00 GY=0.00 GZ=0.00 AX=0.00 AY=0.00 AZ=0.00 MX=-0.08 MY=0.34 MZ=0.40 SD=1
Time=1392494 High=1241.71 Pressure=872.73 TempIn=10.00 TempOut=46.38 GX=0.00 GY=0.00 GZ=0.00 AX=0.00 AY=0.00 AZ=0.00 MX=-0.02 MY=0.45 MZ=0.31 SD=1
Time=1395838 High=1264.47 Pressure=870.31 TempIn=9.88 TempOut=46.31 GX=0.00 GY=0.00 GZ=0.00 AX=0.00 AY=0.00 AZ=0.00 MX=-0.05 MY=0.39 MZ=0.36 SD=1
Time=1399190 High=1284.73 Pressure=868.16 TempIn=9.88 TempOut=46.31 GX=0.00 GY=0.00 GZ=0.00 AX=0.00 AY=0.00 AZ=0.00 MX=0.03 MY=0.32 MZ=0.36 SD=1
Time=1402522 High=1299.18 Pressure=866.63 TempIn=9.63 TempOut=46.25 GX=0.00 GY=0.00 GZ=0.00 AX=0.00 AY=0.00 AZ=0.00 MX=-0.32 MY=0.38 MZ=0.38 SD=1
Time=1405834 High=1320.37 Pressure=864.39 TempIn=9.50 TempOut=46.19 GX=0.00 GY=0.00 GZ=0.00 AX=0.00 AY=0.00 AZ=0.00 MX=-0.45 MY=0.31 MZ=0.36 SD=1
Time=1409166 High=1341.51 Pressure=862.16 TempIn=9.38 TempOut=46.13 GX=0.00 GY=0.00 GZ=0.00 AX=0.00 AY=0.00 AZ=0.00 MX=-0.37 MY=0.03 MZ=0.37 SD=1
Time=1412506 High=1361.36 Pressure=860.07 TempIn=9.00 TempOut=46.06 GX=0.00 GY=0.00 GZ=0.00 AX=0.00 AY=0.00 AZ=0.00 MX=-0.48 MY=0.28 MZ=0.34 SD=1
Time=1415826 High=1382.39 Pressure=857.86 TempIn=8.88 TempOut=46.00 GX=0.00 GY=0.00 GZ=0.00 AX=0.00 AY=0.00 AZ=0.00 MX=-0.36 MY=0.30 MZ=0.40 SD=1
Time=1419165 High=1402.99 Pressure=855.70 TempIn=9.00 TempOut=45.94 GX=0.00 GY=0.00 GZ=0.00 AX=0.00 AY=0.00 AZ=0.00 MX=-0.33 MY=0.34 MZ=0.40 SD=1
Time=1422513 High=1422.29 Pressure=853.68 TempIn=8.75 TempOut=45.88 GX=0.00 GY=0.00 GZ=0.00 AX=0.00 AY=0.00 AZ=0.00 MX=-0.49 MY=0.18 MZ=0.33 SD=1
Time=1425841 High=1443.36 Pressure=851.48 TempIn=8.63 TempOut=45.81 GX=0.00 GY=0.00 GZ=0.00 AX=0.00 AY=0.00 AZ=0.00 MX=-0.39 MY=0.08 MZ=0.38 SD=1
Time=1429147 High=1464.56 Pressure=849.27 TempIn=8.50 TempOut=45.75 GX=0.00 GY=0.00 GZ=0.00 AX=0.00 AY=0.00 AZ=0.00 MX=-0.48 MY=0.15 MZ=0.35 SD=1
Time=1432473 High=1488.31 Pressure=846.80 TempIn=8.50 TempOut=45.69 GX=0.00 GY=0.00 GZ=0.00 AX=0.00 AY=0.00 AZ=0.00 MX=-0.36 MY=0.11 MZ=0.40 SD=1
Time=1435807 High=1511.45 Pressure=844.40 TempIn=8.50 TempOut=45.63 GX=0.00 GY=0.00 GZ=0.00 AX=0.00 AY=0.00 AZ=0.00 MX=-0.40 MY=0.23 MZ=0.39 SD=1
Time=1439121 High=1533.38 Pressure=842.13 TempIn=8.50 TempOut=45.56 GX=0.00 GY=0.00 GZ=0.00 AX=0.00 AY=0.00 AZ=0.00 MX=-0.40 MY=0.25 MZ=0.39 SD=1
Time=1442454 High=1555.16 Pressure=839.88 TempIn=8.50 TempOut=45.50 GX=0.00 GY=0.00 GZ=0.00 AX=0.00 AY=0.00 AZ=0.00 MX=-0.41 MY=0.13 MZ=0.38 SD=1
Time=1445796 High=1579.52 Pressure=837.37 TempIn=8.63 TempOut=45.44 GX=0.00 GY=0.00 GZ=0.00 AX=0.00 AY=0.00 AZ=0.00 MX=-0.22 MY=0.03 MZ=0.42 SD=1
Time=1449118 High=1599.45 Pressure=835.32 TempIn=8.63 TempOut=45.31 GX=0.00 GY=0.00 GZ=0.00 AX=0.00 AY=0.00 AZ=0.00 MX=-0.38 MY=0.16 MZ=0.40 SD=1
Time=1452419 High=1620.99 Pressure=833.11 TempIn=8.63 TempOut=45.31 GX=0.00 GY=0.00 GZ=0.00 AX=0.00 AY=0.00 AZ=0.00 MX=-0.46 MY=0.06 MZ=0.33 SD=1
Time=1455810 High=1642.38 Pressure=830.92 TempIn=8.50 TempOut=45.19 GX=0.00 GY=0.00 GZ=0.00 AX=0.00 AY=0.00 AZ=0.00 MX=-0.33 MY=0.15 MZ=0.41 SD=1
Time=1459140 High=1665.97 Pressure=828.51 TempIn=8.38 TempOut=45.13 GX=0.00 GY=0.00 GZ=0.00 AX=0.00 AY=0.00 AZ=0.00 MX=-0.43 MY=0.04 MZ=0.34 SD=1
Time=1462448 High=1688.63 Pressure=826.20 TempIn=8.38 TempOut=45.06 GX=0.00 GY=0.00 GZ=0.00 AX=0.00 AY=0.00 AZ=0.00 MX=-0.33 MY=0.19 MZ=0.41 SD=1
Time=1465776 High=1715.38 Pressure=823.48 TempIn=8.50 TempOut=45.00 GX=0.00 GY=0.00 GZ=0.00 AX=0.00 AY=0.00 AZ=0.00 MX=-0.51 MY=0.37 MZ=0.27 SD=1
Time=1469113 High=1736.18 Pressure=821.37 TempIn=8.50 TempOut=44.94 GX=0.00 GY=0.00 GZ=0.00 AX=0.00 AY=0.00 AZ=0.00 MX=-0.31 MY=0.29 MZ=0.42 SD=1
Time=1472429 High=1759.00 Pressure=819.06 TempIn=8.50 TempOut=44.88 GX=0.00 GY=0.00 GZ=0.00 AX=0.00 AY=0.00 AZ=0.00 MX=-0.55 MY=0.22 MZ=0.28 SD=1
Time=1475724 High=1779.69 Pressure=816.97 TempIn=8.38 TempOut=44.81 GX=0.00 GY=0.00 GZ=0.00 AX=0.00 AY=0.00 AZ=0.00 MX=-0.31 MY=0.25 MZ=0.43 SD=1
Time=1479109 High=1804.80 Pressure=814.44 TempIn=8.38 TempOut=44.75 GX=0.00 GY=0.00 GZ=0.00 AX=0.00 AY=0.00 AZ=0.00 MX=-0.36 MY=-0.10 MZ=0.29 SD=1
Time=1482433 High=1826.79 Pressure=812.23 TempIn=8.25 TempOut=44.69 GX=0.00 GY=0.00 GZ=0.00 AX=0.00 AY=0.00 AZ=0.00 MX=-0.32 MY=0.12 MZ=0.41 SD=1
Time=1485735 High=1849.62 Pressure=809.94 TempIn=8.25 TempOut=44.56 GX=0.00 GY=0.00 GZ=0.00 AX=0.00 AY=0.00 AZ=0.00 MX=-0.38 MY=-0.02 MZ=0.33 SD=1
Time=1489210 High=1872.20 Pressure=807.68 TempIn=8.25 TempOut=44.50 GX=0.00 GY=0.00 GZ=0.00 AX=0.00 AY=0.00 AZ=0.00 MX=-0.31 MY=0.24 MZ=0.42 SD=1
Time=1492541 High=1894.93 Pressure=805.41 TempIn=8.13 TempOut=44.44 GX=0.00 GY=0.00 GZ=0.00 AX=0.00 AY=0.00 AZ=0.00 MX=-0.46 MY=0.06 MZ=0.33 SD=1
Time=1495849 High=1917.82 Pressure=803.13 TempIn=8.00 TempOut=44.38 GX=0.00 GY=0.00 GZ=0.00 AX=0.00 AY=0.00 AZ=0.00 MX=-0.25 MY=0.13 MZ=0.43 SD=1
Time=1499136 High=1940.96 Pressure=800.83 TempIn=7.87 TempOut=44.31 GX=0.00 GY=0.00 GZ=0.00 AX=0.00 AY=0.00 AZ=0.00 MX=-0.25 MY=-0.09 MZ=0.34 SD=1
Time=1502513 High=1963.95 Pressure=798.55 TempIn=7.75 TempOut=44.25 GX=0.00 GY=0.00 GZ=0.00 AX=0.00 AY=0.00 AZ=0.00 MX=-0.11 MY=0.04 MZ=0.40 SD=1
Time=1505828 High=1989.22 Pressure=796.05 TempIn=7.75 TempOut=44.19 GX=0.00 GY=0.00 GZ=0.00 AX=0.00 AY=0.00 AZ=0.00 MX=-0.05 MY=0.00 MZ=0.37 SD=1
Time=1509121 High=2028.88 Pressure=792.14 TempIn=7.62 TempOut=44.13 GX=0.00 GY=0.00 GZ=0.00 AX=0.00 AY=0.00 AZ=0.00 MX=0.06 MY=0.13 MZ=0.36 SD=1
Time=1512505 High=2047.39 Pressure=790.32 TempIn=7.62 TempOut=44.06 GX=0.00 GY=0.00 GZ=0.00 AX=0.00 AY=0.00 AZ=0.00 MX=-0.07 MY=0.17 MZ=0.41 SD=1
Time=1515829 High=2069.31 Pressure=788.17 TempIn=7.37 TempOut=44.00 GX=0.00 GY=0.00 GZ=0.00 AX=0.00 AY=0.00 AZ=0.00 MX=0.02 MY=0.38 MZ=0.34 SD=1
Time=1519132 High=2093.42 Pressure=785.81 TempIn=7.37 TempOut=43.88 GX=0.00 GY=0.00 GZ=0.00 AX=0.00 AY=0.00 AZ=0.00 MX=0.02 MY=0.29 MZ=0.37 SD=1
Time=1522414 High=2114.71 Pressure=783.73 TempIn=7.37 TempOut=43.81 GX=0.00 GY=0.00 GZ=0.00 AX=0.00 AY=0.00 AZ=0.00 MX=0.09 MY=0.24 MZ=0.34 SD=1
Time=1525788 High=2130.51 Pressure=782.19 TempIn=7.12 TempOut=43.75 GX=0.00 GY=0.00 GZ=0.00 AX=0.00 AY=0.00 AZ=0.00 MX=-0.04 MY=0.23 MZ=0.41 SD=1
Time=1529102 High=2158.79 Pressure=779.44 TempIn=7.12 TempOut=43.69 GX=0.00 GY=0.00 GZ=0.00 AX=0.00 AY=0.00 AZ=0.00 MX=0.03 MY=0.15 MZ=0.37 SD=1
Time=1532395 High=2166.72 Pressure=778.67 TempIn=7.12 TempOut=43.63 GX=0.00 GY=0.00 GZ=0.00 AX=0.00 AY=0.00 AZ=0.00 MX=-0.25 MY=0.04 MZ=0.39 SD=1
Time=1535779 High=2190.86 Pressure=776.33 TempIn=7.12 TempOut=43.56 GX=0.00 GY=0.00 GZ=0.00 AX=0.00 AY=0.00 AZ=0.00 MX=-0.53 MY=0.21 MZ=0.31 SD=1
Time=1539102 High=2217.44 Pressure=773.76 TempIn=7.12 TempOut=43.50 GX=0.00 GY=0.00 GZ=0.00 AX=0.00 AY=0.00 AZ=0.00 MX=-0.23 MY=0.34 MZ=0.41 SD=1
Time=1542403 High=2249.08 Pressure=770.71 TempIn=7.12 TempOut=43.44 GX=0.00 GY=0.00 GZ=0.00 AX=0.00 AY=0.00 AZ=0.00 MX=0.09 MY=0.19 MZ=0.33 SD=1
Time=1545795 High=2258.85 Pressure=769.77 TempIn=6.87 TempOut=43.31 GX=0.00 GY=0.00 GZ=0.00 AX=0.00 AY=0.00 AZ=0.00 MX=-0.22 MY=0.04 MZ=0.41 SD=1
Time=1549127 High=2285.62 Pressure=767.20 TempIn=6.87 TempOut=43.25 GX=0.00 GY=0.00 GZ=0.00 AX=0.00 AY=0.00 AZ=0.00 MX=-0.07 MY=-0.11 MZ=0.31 SD=1
Time=1552437 High=2305.56 Pressure=765.29 TempIn=6.75 TempOut=43.25 GX=0.00 GY=0.00 GZ=0.00 AX=0.00 AY=0.00 AZ=0.00 MX=-0.12 MY=0.19 MZ=0.43 SD=1
Time=1555725 High=2339.05 Pressure=762.09 TempIn=6.62 TempOut=43.19 GX=0.00 GY=0.00 GZ=0.00 AX=0.00 AY=0.00 AZ=0.00 MX=0.10 MY=0.27 MZ=0.33 SD=1
Time=1559103 High=2358.89 Pressure=760.20 TempIn=6.62 TempOut=43.06 GX=0.00 GY=0.00 GZ=0.00 AX=0.00 AY=0.00 AZ=0.00 MX=-0.07 MY=0.41 MZ=0.36 SD=1
Time=1562421 High=2371.82 Pressure=758.97 TempIn=6.62 TempOut=43.00 GX=0.00 GY=0.00 GZ=0.00 AX=0.00 AY=0.00 AZ=0.00 MX=-0.45 MY=0.35 MZ=0.35 SD=1
Time=1565718 High=2392.47 Pressure=757.01 TempIn=6.37 TempOut=42.94 GX=0.00 GY=0.00 GZ=0.00 AX=0.00 AY=0.00 AZ=0.00 MX=-0.38 MY=0.17 MZ=0.40 SD=1
Time=1569106 High=2417.06 Pressure=754.68 TempIn=6.25 TempOut=42.88 GX=0.00 GY=0.00 GZ=0.00 AX=0.00 AY=0.00 AZ=0.00 MX=-0.35 MY=0.08 MZ=0.39 SD=1
Time=1572432 High=2438.43 Pressure=752.66 TempIn=6.12 TempOut=42.81 GX=0.00 GY=0.00 GZ=0.00 AX=0.00 AY=0.00 AZ=0.00 MX=-0.33 MY=-0.02 MZ=0.37 SD=1
Time=1575737 High=2459.32 Pressure=750.69 TempIn=6.00 TempOut=42.75 GX=0.00 GY=0.00 GZ=0.00 AX=0.00 AY=0.00 AZ=0.00 MX=-0.46 MY=0.20 MZ=0.37 SD=1
Time=1579091 High=2483.87 Pressure=748.38 TempIn=6.12 TempOut=42.69 GX=0.00 GY=0.00 GZ=0.00 AX=0.00 AY=0.00 AZ=0.00 MX=-0.21 MY=0.44 MZ=0.37 SD=1
Time=1582464 High=2515.20 Pressure=745.44 TempIn=6.12 TempOut=42.63 GX=0.00 GY=0.00 GZ=0.00 AX=0.00 AY=0.00 AZ=0.00 MX=-0.06 MY=0.29 MZ=0.41 SD=1
Time=1585776 High=2525.88 Pressure=744.44 TempIn=6.12 TempOut=42.56 GX=0.00 GY=0.00 GZ=0.00 AX=0.00 AY=0.00 AZ=0.00 MX=-0.06 MY=-0.01 MZ=0.38 SD=1
Time=1589066 High=2553.06 Pressure=741.90 TempIn=6.00 TempOut=42.50 GX=0.00 GY=0.00 GZ=0.00 AX=0.00 AY=0.00 AZ=0.00 MX=-0.34 MY=-0.04 MZ=0.36 SD=1
Time=1592446 High=2578.71 Pressure=739.51 TempIn=6.00 TempOut=42.44 GX=0.00 GY=0.00 GZ=0.00 AX=0.00 AY=0.00 AZ=0.00 MX=-0.35 MY=0.23 MZ=0.42 SD=1
Time=1595764 High=2600.76 Pressure=737.46 TempIn=5.75 TempOut=42.44 GX=0.00 GY=0.00 GZ=0.00 AX=0.00 AY=0.00 AZ=0.00 MX=-0.09 MY=0.42 MZ=0.35 SD=1
Time=1599058 High=2615.95 Pressure=736.05 TempIn=5.62 TempOut=42.38 GX=0.00 GY=0.00 GZ=0.00 AX=0.00 AY=0.00 AZ=0.00 MX=0.03 MY=0.24 MZ=0.39 SD=1
Time=1602404 High=2645.55 Pressure=733.31 TempIn=5.50 TempOut=42.31 GX=0.00 GY=0.00 GZ=0.00 AX=0.00 AY=0.00 AZ=0.00 MX=0.08 MY=0.15 MZ=0.35 SD=1
Time=1605772 High=2649.77 Pressure=732.92 TempIn=5.37 TempOut=42.25 GX=0.00 GY=0.00 GZ=0.00 AX=0.00 AY=0.00 AZ=0.00 MX=-0.10 MY=0.03 MZ=0.39 SD=1
Time=1609076 High=2669.59 Pressure=731.09 TempIn=5.25 TempOut=42.19 GX=0.00 GY=0.00 GZ=0.00 AX=0.00 AY=0.00 AZ=0.00 MX=-0.14 MY=0.05 MZ=0.41 SD=1
Time=1612361 High=2693.37 Pressure=728.90 TempIn=5.12 TempOut=42.13 GX=0.00 GY=0.00 GZ=0.00 AX=0.00 AY=0.00 AZ=0.00 MX=-0.08 MY=-0.03 MZ=0.37 SD=1
Time=1615736 High=2717.64 Pressure=726.67 TempIn=5.00 TempOut=42.06 GX=0.00 GY=0.00 GZ=0.00 AX=0.00 AY=0.00 AZ=0.00 MX=-0.18 MY=-0.02 MZ=0.39 SD=1
Time=1619049 High=2733.78 Pressure=725.19 TempIn=4.75 TempOut=42.00 GX=0.00 GY=0.00 GZ=0.00 AX=0.00 AY=0.00 AZ=0.00 MX=-0.20 MY=-0.04 MZ=0.38 SD=1
Time=1622339 High=2756.29 Pressure=723.13 TempIn=4.50 TempOut=41.94 GX=0.00 GY=0.00 GZ=0.00 AX=0.00 AY=0.00 AZ=0.00 MX=-0.40 MY=0.14 MZ=0.39 SD=1
Time=1625678 High=2780.50 Pressure=720.92 TempIn=4.50 TempOut=41.88 GX=0.00 GY=0.00 GZ=0.00 AX=0.00 AY=0.00 AZ=0.00 MX=-0.40 MY=0.27 MZ=0.40 SD=1
Time=1629038 High=2809.72 Pressure=718.26 TempIn=4.37 TempOut=41.81 GX=0.00 GY=0.00 GZ=0.00 AX=0.00 AY=0.00 AZ=0.00 MX=-0.22 MY=0.50 MZ=0.33 SD=1
Time=1632335 High=2836.16 Pressure=715.86 TempIn=4.25 TempOut=41.75 GX=0.00 GY=0.00 GZ=0.00 AX=0.00 AY=0.00 AZ=0.00 MX=-0.10 MY=0.44 MZ=0.37 SD=1
Time=1635682 High=2857.47 Pressure=713.93 TempIn=4.25 TempOut=41.69 GX=0.00 GY=0.00 GZ=0.00 AX=0.00 AY=0.00 AZ=0.00 MX=0.01 MY=0.43 MZ=0.33 SD=1
Time=1639050 High=2870.75 Pressure=712.73 TempIn=4.12 TempOut=41.56 GX=0.00 GY=0.00 GZ=0.00 AX=0.00 AY=0.00 AZ=0.00 MX=-0.24 MY=0.34 MZ=0.42 SD=1
Time=1642356 High=2892.35 Pressure=710.78 TempIn=4.00 TempOut=41.50 GX=0.00 GY=0.00 GZ=0.00 AX=0.00 AY=0.00 AZ=0.00 MX=-0.43 MY=0.39 MZ=0.35 SD=1
Time=1645639 High=2911.34 Pressure=709.07 TempIn=4.00 TempOut=41.50 GX=0.00 GY=0.00 GZ=0.00 AX=0.00 AY=0.00 AZ=0.00 MX=-0.36 MY=0.13 MZ=0.40 SD=1
Time=1648971 High=2931.26 Pressure=707.28 TempIn=3.75 TempOut=41.44 GX=0.00 GY=0.00 GZ=0.00 AX=0.00 AY=0.00 AZ=0.00 MX=-0.46 MY=0.04 MZ=0.33 SD=1
Time=1652324 High=2953.90 Pressure=705.25 TempIn=3.37 TempOut=41.31 GX=0.00 GY=0.00 GZ=0.00 AX=0.00 AY=0.00 AZ=0.00 MX=-0.26 MY=0.13 MZ=0.43 SD=1
Time=1655614 High=2976.48 Pressure=703.23 TempIn=3.37 TempOut=41.31 GX=0.00 GY=0.00 GZ=0.00 AX=0.00 AY=0.00 AZ=0.00 MX=-0.33 MY=0.04 MZ=0.38 SD=1
Time=1658956 High=2995.19 Pressure=701.56 TempIn=3.25 TempOut=41.19 GX=0.00 GY=0.00 GZ=0.00 AX=0.00 AY=0.00 AZ=0.00 MX=-0.44 MY=0.19 MZ=0.39 SD=1
Time=1662317 High=3018.65 Pressure=699.47 TempIn=3.12 TempOut=41.13 GX=0.00 GY=0.00 GZ=0.00 AX=0.00 AY=0.00 AZ=0.00 MX=-0.42 MY=0.29 MZ=0.39 SD=1
Time=1665615 High=3041.49 Pressure=697.44 TempIn=3.00 TempOut=41.06 GX=0.00 GY=0.00 GZ=0.00 AX=0.00 AY=0.00 AZ=0.00 MX=-0.46 MY=0.39 MZ=0.33 SD=1
Time=1668963 High=3062.35 Pressure=695.59 TempIn=3.00 TempOut=41.00 GX=0.00 GY=0.00 GZ=0.00 AX=0.00 AY=0.00 AZ=0.00 MX=-0.36 MY=0.26 MZ=0.42 SD=1
Time=1672290 High=3087.79 Pressure=693.34 TempIn=2.87 TempOut=40.94 GX=0.00 GY=0.00 GZ=0.00 AX=0.00 AY=0.00 AZ=0.00 MX=-0.33 MY=0.43 MZ=0.36 SD=1
Time=1675637 High=3111.14 Pressure=691.28 TempIn=2.87 TempOut=40.88 GX=0.00 GY=0.00 GZ=0.00 AX=0.00 AY=0.00 AZ=0.00 MX=-0.38 MY=0.38 MZ=0.38 SD=1
Time=1678922 High=3137.84 Pressure=688.93 TempIn=2.75 TempOut=40.81 GX=0.00 GY=0.00 GZ=0.00 AX=0.00 AY=0.00 AZ=0.00 MX=-0.29 MY=0.47 MZ=0.35 SD=1
Time=1682256 High=3154.92 Pressure=687.43 TempIn=2.50 TempOut=40.75 GX=0.00 GY=0.00 GZ=0.00 AX=0.00 AY=0.00 AZ=0.00 MX=-0.48 MY=0.21 MZ=0.35 SD=1
Time=1685613 High=3179.92 Pressure=685.24 TempIn=2.25 TempOut=40.69 GX=0.00 GY=0.00 GZ=0.00 AX=0.00 AY=0.00 AZ=0.00 MX=-0.44 MY=0.23 MZ=0.39 SD=1
Time=1688906 High=3204.06 Pressure=683.13 TempIn=2.12 TempOut=40.56 GX=0.00 GY=0.00 GZ=0.00 AX=0.00 AY=0.00 AZ=0.00 MX=-0.37 MY=0.16 MZ=0.41 SD=1
Time=1692249 High=3227.46 Pressure=681.09 TempIn=2.12 TempOut=40.50 GX=0.00 GY=0.00 GZ=0.00 AX=0.00 AY=0.00 AZ=0.00 MX=-0.34 MY=0.27 MZ=0.42 SD=1
Time=1695571 High=3246.54 Pressure=679.43 TempIn=2.00 TempOut=40.50 GX=0.00 GY=0.00 GZ=0.00 AX=0.00 AY=0.00 AZ=0.00 MX=-0.38 MY=-0.06 MZ=0.33 SD=1
Time=1698914 High=3274.77 Pressure=676.98 TempIn=1.87 TempOut=40.44 GX=0.00 GY=0.00 GZ=0.00 AX=0.00 AY=0.00 AZ=0.00 MX=-0.07 MY=0.07 MZ=0.41 SD=1
Time=1702263 High=3300.20 Pressure=674.78 TempIn=1.75 TempOut=40.38 GX=0.00 GY=0.00 GZ=0.00 AX=0.00 AY=0.00 AZ=0.00 MX=-0.02 MY=0.51 MZ=0.27 SD=1
Time=1705592 High=3315.60 Pressure=673.45 TempIn=1.62 TempOut=40.31 GX=0.00 GY=0.00 GZ=0.00 AX=0.00 AY=0.00 AZ=0.00 MX=-0.19 MY=0.33 MZ=0.43 SD=1
Time=1708941 High=3349.62 Pressure=670.52 TempIn=1.62 TempOut=40.25 GX=0.00 GY=0.00 GZ=0.00 AX=0.00 AY=0.00 AZ=0.00 MX=-0.34 MY=0.56 MZ=0.26 SD=1
Time=1712227 High=3361.37 Pressure=669.51 TempIn=1.37 TempOut=40.13 GX=0.00 GY=0.00 GZ=0.00 AX=0.00 AY=0.00 AZ=0.00 MX=-0.39 MY=0.25 MZ=0.41 SD=1
Time=1715563 High=3385.62 Pressure=667.43 TempIn=1.12 TempOut=40.06 GX=0.00 GY=0.00 GZ=0.00 AX=0.00 AY=0.00 AZ=0.00 MX=-0.33 MY=0.45 MZ=0.35 SD=1
Time=1718879 High=3407.01 Pressure=665.60 TempIn=1.12 TempOut=40.00 GX=0.00 GY=0.00 GZ=0.00 AX=0.00 AY=0.00 AZ=0.00 MX=-0.33 MY=0.29 MZ=0.42 SD=1
Time=1722215 High=3428.21 Pressure=663.79 TempIn=1.00 TempOut=39.94 GX=0.00 GY=0.00 GZ=0.00 AX=0.00 AY=0.00 AZ=0.00 MX=-0.56 MY=0.23 MZ=0.28 SD=1
Time=1725559 High=3450.40 Pressure=661.90 TempIn=0.88 TempOut=39.88 GX=0.00 GY=0.00 GZ=0.00 AX=0.00 AY=0.00 AZ=0.00 MX=-0.33 MY=0.23 MZ=0.43 SD=1
Time=1728883 High=3481.95 Pressure=659.22 TempIn=0.63 TempOut=39.81 GX=0.00 GY=0.00 GZ=0.00 AX=0.00 AY=0.00 AZ=0.00 MX=-0.08 MY=0.46 MZ=0.35 SD=1
Time=1732227 High=3516.09 Pressure=656.33 TempIn=0.50 TempOut=39.75 GX=0.00 GY=0.00 GZ=0.00 AX=0.00 AY=0.00 AZ=0.00 MX=-0.06 MY=0.06 MZ=0.40 SD=1
Time=1735579 High=3516.56 Pressure=656.29 TempIn=0.38 TempOut=39.69 GX=0.00 GY=0.00 GZ=0.00 AX=0.00 AY=0.00 AZ=0.00 MX=-0.45 MY=0.14 MZ=0.38 SD=1
Time=1738909 High=3553.79 Pressure=653.15 TempIn=0.25 TempOut=39.63 GX=0.00 GY=0.00 GZ=0.00 AX=0.00 AY=0.00 AZ=0.00 MX=0.08 MY=0.25 MZ=0.35 SD=1
Time=1742219 High=3564.85 Pressure=652.22 TempIn=0.00 TempOut=39.56 GX=0.00 GY=0.00 GZ=0.00 AX=0.00 AY=0.00 AZ=0.00 MX=-0.21 MY=0.07 MZ=0.42 SD=1
Time=1745551 High=3589.62 Pressure=650.14 TempIn=-0.25 TempOut=39.50 GX=0.00 GY=0.00 GZ=0.00 AX=0.00 AY=0.00 AZ=0.00 MX=-0.42 MY=0.37 MZ=0.37 SD=1
Time=1748890 High=3614.46 Pressure=648.06 TempIn=-0.13 TempOut=39.44 GX=0.00 GY=0.00 GZ=0.00 AX=0.00 AY=0.00 AZ=0.00 MX=-0.27 MY=0.32 MZ=0.43 SD=1
Time=1752208 High=3639.60 Pressure=645.96 TempIn=-0.25 TempOut=39.31 GX=0.00 GY=0.00 GZ=0.00 AX=0.00 AY=0.00 AZ=0.00 MX=-0.29 MY=0.56 MZ=0.28 SD=1
Time=1755545 High=3656.75 Pressure=644.53 TempIn=-0.50 TempOut=39.25 GX=0.00 GY=0.00 GZ=0.00 AX=0.00 AY=0.00 AZ=0.00 MX=-0.30 MY=0.39 MZ=0.40 SD=1
Time=1758889 High=3679.96 Pressure=642.60 TempIn=-0.50 TempOut=39.19 GX=0.00 GY=0.00 GZ=0.00 AX=0.00 AY=0.00 AZ=0.00 MX=-0.32 MY=0.48 MZ=0.34 SD=1
Time=1762212 High=3699.36 Pressure=640.99 TempIn=-0.88 TempOut=39.13 GX=0.00 GY=0.00 GZ=0.00 AX=0.00 AY=0.00 AZ=0.00 MX=-0.07 MY=0.08 MZ=0.41 SD=1
Time=1765512 High=3716.14 Pressure=639.60 TempIn=-1.12 TempOut=39.06 GX=0.00 GY=0.00 GZ=0.00 AX=0.00 AY=0.00 AZ=0.00 MX=-0.40 MY=0.11 MZ=0.39 SD=1
Time=1768903 High=3744.70 Pressure=637.24 TempIn=-1.12 TempOut=38.94 GX=0.00 GY=0.00 GZ=0.00 AX=0.00 AY=0.00 AZ=0.00 MX=-0.40 MY=0.45 MZ=0.33 SD=1
Time=1772229 High=3761.44 Pressure=635.86 TempIn=-1.37 TempOut=38.94 GX=0.00 GY=0.00 GZ=0.00 AX=0.00 AY=0.00 AZ=0.00 MX=-0.34 MY=0.36 MZ=0.39 SD=1
Time=1775535 High=3784.66 Pressure=633.95 TempIn=-1.50 TempOut=38.81 GX=0.00 GY=0.00 GZ=0.00 AX=0.00 AY=0.00 AZ=0.00 MX=0.07 MY=0.32 MZ=0.35 SD=1
Time=1778861 High=3802.94 Pressure=632.45 TempIn=-1.50 TempOut=38.75 GX=0.00 GY=0.00 GZ=0.00 AX=0.00 AY=0.00 AZ=0.00 MX=-0.16 MY=0.10 MZ=0.44 SD=1
Time=1782193 High=3824.30 Pressure=630.70 TempIn=-1.87 TempOut=38.69 GX=0.00 GY=0.00 GZ=0.00 AX=0.00 AY=0.00 AZ=0.00 MX=-0.10 MY=-0.07 MZ=0.36 SD=1
Time=1785503 High=3845.34 Pressure=628.98 TempIn=-2.00 TempOut=38.63 GX=0.00 GY=0.00 GZ=0.00 AX=0.00 AY=0.00 AZ=0.00 MX=-0.26 MY=-0.03 MZ=0.40 SD=1
Time=1788790 High=3866.31 Pressure=627.27 TempIn=-2.37 TempOut=38.56 GX=0.00 GY=0.00 GZ=0.00 AX=0.00 AY=0.00 AZ=0.00 MX=-0.34 MY=0.02 MZ=0.38 SD=1
Time=1792166 High=3889.42 Pressure=625.39 TempIn=-2.50 TempOut=38.50 GX=0.00 GY=0.00 GZ=0.00 AX=0.00 AY=0.00 AZ=0.00 MX=-0.31 MY=0.11 MZ=0.42 SD=1
Time=1795479 High=3909.75 Pressure=623.74 TempIn=-2.75 TempOut=38.44 GX=0.00 GY=0.00 GZ=0.00 AX=0.00 AY=0.00 AZ=0.00 MX=-0.34 MY=-0.01 MZ=0.38 SD=1
Time=1798769 High=3932.96 Pressure=621.86 TempIn=-3.00 TempOut=38.38 GX=0.00 GY=0.00 GZ=0.00 AX=0.00 AY=0.00 AZ=0.00 MX=-0.43 MY=0.21 MZ=0.40 SD=1
Time=1802148 High=3954.24 Pressure=620.14 TempIn=-3.12 TempOut=38.25 GX=0.00 GY=0.00 GZ=0.00 AX=0.00 AY=0.00 AZ=0.00 MX=-0.37 MY=0.10 MZ=0.40 SD=1
Time=1805464 High=3973.34 Pressure=618.60 TempIn=-3.50 TempOut=38.19 GX=0.00 GY=0.00 GZ=0.00 AX=0.00 AY=0.00 AZ=0.00 MX=-0.43 MY=0.21 MZ=0.39 SD=1
Time=1808759 High=3994.22 Pressure=616.92 TempIn=-3.50 TempOut=38.13 GX=0.00 GY=0.00 GZ=0.00 AX=0.00 AY=0.00 AZ=0.00 MX=-0.43 MY=0.09 MZ=0.37 SD=1
Time=1812144 High=4017.40 Pressure=615.06 TempIn=-3.75 TempOut=38.06 GX=0.00 GY=0.00 GZ=0.00 AX=0.00 AY=0.00 AZ=0.00 MX=-0.43 MY=0.20 MZ=0.39 SD=1
Time=1815464 High=4041.00 Pressure=613.17 TempIn=-3.75 TempOut=37.94 GX=0.00 GY=0.00 GZ=0.00 AX=0.00 AY=0.00 AZ=0.00 MX=-0.21 MY=0.44 MZ=0.39 SD=1
Time=1818763 High=4071.43 Pressure=610.74 TempIn=-4.00 TempOut=37.94 GX=0.00 GY=0.00 GZ=0.00 AX=0.00 AY=0.00 AZ=0.00 MX=-0.06 MY=0.11 MZ=0.41 SD=1
Time=1822110 High=4088.13 Pressure=609.41 TempIn=-4.25 TempOut=37.81 GX=0.00 GY=0.00 GZ=0.00 AX=0.00 AY=0.00 AZ=0.00 MX=-0.41 MY=0.10 MZ=0.39 SD=1
Time=1825478 High=4112.04 Pressure=607.51 TempIn=-4.37 TempOut=37.75 GX=0.00 GY=0.00 GZ=0.00 AX=0.00 AY=0.00 AZ=0.00 MX=-0.47 MY=0.29 MZ=0.36 SD=1
Time=1828782 High=4143.33 Pressure=605.03 TempIn=-4.62 TempOut=37.69 GX=0.00 GY=0.00 GZ=0.00 AX=0.00 AY=0.00 AZ=0.00 MX=-0.12 MY=0.41 MZ=0.39 SD=1
Time=1832133 High=4172.07 Pressure=602.76 TempIn=-4.62 TempOut=37.56 GX=0.00 GY=0.00 GZ=0.00 AX=0.00 AY=0.00 AZ=0.00 MX=-0.05 MY=0.24 MZ=0.42 SD=1
Time=1835506 High=4183.49 Pressure=601.86 TempIn=-4.87 TempOut=37.50 GX=0.00 GY=0.00 GZ=0.00 AX=0.00 AY=0.00 AZ=0.00 MX=-0.31 MY=-0.07 MZ=0.34 SD=1
Time=1838814 High=4207.51 Pressure=599.97 TempIn=-5.12 TempOut=37.44 GX=0.00 GY=0.00 GZ=0.00 AX=0.00 AY=0.00 AZ=0.00 MX=-0.16 MY=0.38 MZ=0.41 SD=1
Time=1842099 High=4245.38 Pressure=597.00 TempIn=-5.25 TempOut=37.38 GX=0.00 GY=0.00 GZ=0.00 AX=0.00 AY=0.00 AZ=0.00 MX=0.05 MY=0.23 MZ=0.38 SD=1
Time=1845432 High=4247.81 Pressure=596.81 TempIn=-5.50 TempOut=37.31 GX=0.00 GY=0.00 GZ=0.00 AX=0.00 AY=0.00 AZ=0.00 MX=-0.10 MY=0.04 MZ=0.40 SD=1
Time=1848787 High=4268.66 Pressure=595.18 TempIn=-5.50 TempOut=37.19 GX=0.00 GY=0.00 GZ=0.00 AX=0.00 AY=0.00 AZ=0.00 MX=-0.15 MY=0.02 MZ=0.41 SD=1
Time=1852077 High=4290.21 Pressure=593.50 TempIn=-5.50 TempOut=37.13 GX=0.00 GY=0.00 GZ=0.00 AX=0.00 AY=0.00 AZ=0.00 MX=-0.33 MY=-0.04 MZ=0.37 SD=1
Time=1855415 High=4314.89 Pressure=591.58 TempIn=-5.75 TempOut=37.06 GX=0.00 GY=0.00 GZ=0.00 AX=0.00 AY=0.00 AZ=0.00 MX=-0.40 MY=0.30 MZ=0.40 SD=1
Time=1858861 High=4349.58 Pressure=588.89 TempIn=-5.75 TempOut=37.00 GX=0.00 GY=0.00 GZ=0.00 AX=0.00 AY=0.00 AZ=0.00 MX=0.02 MY=0.38 MZ=0.35 SD=1
Time=1862155 High=4362.77 Pressure=587.87 TempIn=-5.75 TempOut=36.94 GX=0.00 GY=0.00 GZ=0.00 AX=0.00 AY=0.00 AZ=0.00 MX=-0.12 MY=0.24 MZ=0.44 SD=1
Time=1865498 High=4387.77 Pressure=585.94 TempIn=-5.87 TempOut=36.88 GX=0.00 GY=0.00 GZ=0.00 AX=0.00 AY=0.00 AZ=0.00 MX=-0.09 MY=-0.05 MZ=0.38 SD=1
Time=1868819 High=4409.07 Pressure=584.30 TempIn=-6.00 TempOut=36.81 GX=0.00 GY=0.00 GZ=0.00 AX=0.00 AY=0.00 AZ=0.00 MX=-0.41 MY=0.15 MZ=0.39 SD=1
Time=1872159 High=4430.02 Pressure=582.69 TempIn=-6.25 TempOut=36.75 GX=0.00 GY=0.00 GZ=0.00 AX=0.00 AY=0.00 AZ=0.00 MX=-0.43 MY=0.33 MZ=0.38 SD=1
Time=1875505 High=4467.24 Pressure=579.84 TempIn=-6.37 TempOut=36.63 GX=0.00 GY=0.00 GZ=0.00 AX=0.00 AY=0.00 AZ=0.00 MX=0.02 MY=0.20 MZ=0.39 SD=1
Time=1878830 High=4476.01 Pressure=579.17 TempIn=-6.25 TempOut=36.56 GX=0.00 GY=0.00 GZ=0.00 AX=0.00 AY=0.00 AZ=0.00 MX=-0.16 MY=0.05 MZ=0.42 SD=1
Time=1882176 High=4500.53 Pressure=577.30 TempIn=-6.50 TempOut=36.50 GX=0.00 GY=0.00 GZ=0.00 AX=0.00 AY=0.00 AZ=0.00 MX=-0.36 MY=-0.02 MZ=0.36 SD=1
Time=1885528 High=4522.87 Pressure=575.60 TempIn=-6.62 TempOut=36.44 GX=0.00 GY=0.00 GZ=0.00 AX=0.00 AY=0.00 AZ=0.00 MX=-0.37 MY=0.16 MZ=0.42 SD=1
Time=1888855 High=4555.57 Pressure=573.12 TempIn=-6.87 TempOut=36.38 GX=0.00 GY=0.00 GZ=0.00 AX=0.00 AY=0.00 AZ=0.00 MX=-0.36 MY=0.54 MZ=0.28 SD=1
Time=1892162 High=4581.09 Pressure=571.19 TempIn=-7.00 TempOut=36.31 GX=0.00 GY=0.00 GZ=0.00 AX=0.00 AY=0.00 AZ=0.00 MX=-0.10 MY=0.29 MZ=0.42 SD=1
Time=1895490 High=4590.10 Pressure=570.51 TempIn=-7.12 TempOut=36.25 GX=0.00 GY=0.00 GZ=0.00 AX=0.00 AY=0.00 AZ=0.00 MX=0.05 MY=0.32 MZ=0.35 SD=1
Time=1898823 High=4607.08 Pressure=569.23 TempIn=-7.12 TempOut=36.13 GX=0.00 GY=0.00 GZ=0.00 AX=0.00 AY=0.00 AZ=0.00 MX=-0.11 MY=0.17 MZ=0.38 SD=1
Time=1902136 High=4632.22 Pressure=567.34 TempIn=-7.25 TempOut=36.06 GX=0.00 GY=0.00 GZ=0.00 AX=0.00 AY=0.00 AZ=0.00 MX=-0.07 MY=-0.17 MZ=0.27 SD=1
Time=1905469 High=4654.08 Pressure=565.70 TempIn=-7.37 TempOut=36.00 GX=0.00 GY=0.00 GZ=0.00 AX=0.00 AY=0.00 AZ=0.00 MX=-0.27 MY=0.05 MZ=0.39 SD=1
Time=1908806 High=4675.19 Pressure=564.12 TempIn=-7.37 TempOut=35.88 GX=0.00 GY=0.00 GZ=0.00 AX=0.00 AY=0.00 AZ=0.00 MX=-0.37 MY=-0.05 MZ=0.31 SD=1
Time=1912122 High=4697.42 Pressure=562.46 TempIn=-7.50 TempOut=35.81 GX=0.00 GY=0.00 GZ=0.00 AX=0.00 AY=0.00 AZ=0.00 MX=-0.31 MY=0.04 MZ=0.37 SD=1
Time=1915411 High=4719.04 Pressure=560.85 TempIn=-7.50 TempOut=35.75 GX=0.00 GY=0.00 GZ=0.00 AX=0.00 AY=0.00 AZ=0.00 MX=-0.39 MY=-0.07 MZ=0.29 SD=1
Time=1918792 High=4742.72 Pressure=559.09 TempIn=-7.75 TempOut=35.69 GX=0.00 GY=0.00 GZ=0.00 AX=0.00 AY=0.00 AZ=0.00 MX=-0.25 MY=0.05 MZ=0.39 SD=1
Time=1922107 High=4765.93 Pressure=557.37 TempIn=-7.75 TempOut=35.63 GX=0.00 GY=0.00 GZ=0.00 AX=0.00 AY=0.00 AZ=0.00 MX=-0.13 MY=-0.09 MZ=0.33 SD=1
Time=1925400 High=4799.08 Pressure=554.92 TempIn=-7.75 TempOut=35.56 GX=0.00 GY=0.00 GZ=0.00 AX=0.00 AY=0.00 AZ=0.00 MX=-0.01 MY=-0.01 MZ=0.34 SD=1
Time=1928783 High=4817.81 Pressure=553.54 TempIn=-8.00 TempOut=35.44 GX=0.00 GY=0.00 GZ=0.00 AX=0.00 AY=0.00 AZ=0.00 MX=-0.06 MY=0.03 MZ=0.37 SD=1
Time=1932101 High=4840.11 Pressure=551.90 TempIn=-8.25 TempOut=35.38 GX=0.00 GY=0.00 GZ=0.00 AX=0.00 AY=0.00 AZ=0.00 MX=-0.13 MY=-0.17 MZ=0.28 SD=1
Time=1935396 High=4860.29 Pressure=550.42 TempIn=-8.38 TempOut=35.31 GX=0.00 GY=0.00 GZ=0.00 AX=0.00 AY=0.00 AZ=0.00 MX=-0.26 MY=0.11 MZ=0.39 SD=1
Time=1938781 High=4879.96 Pressure=548.98 TempIn=-8.63 TempOut=35.19 GX=0.00 GY=0.00 GZ=0.00 AX=0.00 AY=0.00 AZ=0.00 MX=-0.22 MY=-0.15 MZ=0.30 SD=1
Time=1942102 High=4907.49 Pressure=546.97 TempIn=-8.63 TempOut=35.13 GX=0.00 GY=0.00 GZ=0.00 AX=0.00 AY=0.00 AZ=0.00 MX=-0.12 MY=0.04 MZ=0.39 SD=1
Time=1945399 High=4937.99 Pressure=544.75 TempIn=-8.63 TempOut=35.06 GX=0.00 GY=0.00 GZ=0.00 AX=0.00 AY=0.00 AZ=0.00 MX=0.12 MY=0.31 MZ=0.25 SD=1
Time=1948745 High=4955.62 Pressure=543.47 TempIn=-8.63 TempOut=35.00 GX=0.00 GY=0.00 GZ=0.00 AX=0.00 AY=0.00 AZ=0.00 MX=-0.15 MY=0.38 MZ=0.35 SD=1
Time=1952113 High=4978.81 Pressure=541.79 TempIn=-8.75 TempOut=34.88 GX=0.00 GY=0.00 GZ=0.00 AX=0.00 AY=0.00 AZ=0.00 MX=-0.40 MY=0.20 MZ=0.35 SD=1
Time=1955416 High=5000.95 Pressure=540.19 TempIn=-9.00 TempOut=34.81 GX=0.00 GY=0.00 GZ=0.00 AX=0.00 AY=0.00 AZ=0.00 MX=-0.40 MY=0.24 MZ=0.35 SD=1
Time=1958768 High=5023.00 Pressure=538.60 TempIn=-9.13 TempOut=34.75 GX=0.00 GY=0.00 GZ=0.00 AX=0.00 AY=0.00 AZ=0.00 MX=-0.40 MY=0.20 MZ=0.34 SD=1
Time=1962140 High=5043.72 Pressure=537.11 TempIn=-9.38 TempOut=34.69 GX=0.00 GY=0.00 GZ=0.00 AX=0.00 AY=0.00 AZ=0.00 MX=-0.40 MY=-0.03 MZ=0.31 SD=1
Time=1965448 High=5070.62 Pressure=535.18 TempIn=-9.50 TempOut=34.56 GX=0.00 GY=0.00 GZ=0.00 AX=0.00 AY=0.00 AZ=0.00 MX=-0.32 MY=0.36 MZ=0.33 SD=1
Time=1968732 High=5095.23 Pressure=533.42 TempIn=-9.50 TempOut=34.50 GX=0.00 GY=0.00 GZ=0.00 AX=0.00 AY=0.00 AZ=0.00 MX=-0.24 MY=0.30 MZ=0.37 SD=1
Time=1972064 High=5122.70 Pressure=531.46 TempIn=-9.88 TempOut=34.44 GX=0.00 GY=0.00 GZ=0.00 AX=0.00 AY=0.00 AZ=0.00 MX=0.09 MY=0.39 MZ=0.22 SD=1
Time=1975418 High=5134.22 Pressure=530.64 TempIn=-10.00 TempOut=34.31 GX=0.00 GY=0.00 GZ=0.00 AX=0.00 AY=0.00 AZ=0.00 MX=-0.07 MY=0.20 MZ=0.38 SD=1
Time=1978707 High=5161.95 Pressure=528.67 TempIn=-10.13 TempOut=34.25 GX=0.00 GY=0.00 GZ=0.00 AX=0.00 AY=0.00 AZ=0.00 MX=-0.11 MY=-0.11 MZ=0.32 SD=1
Time=1982044 High=5185.11 Pressure=527.03 TempIn=-10.13 TempOut=34.19 GX=0.00 GY=0.00 GZ=0.00 AX=0.00 AY=0.00 AZ=0.00 MX=-0.27 MY=0.00 MZ=0.37 SD=1
Time=1985844 High=5210.58 Pressure=525.23 TempIn=-10.38 TempOut=34.13 GX=0.00 GY=0.00 GZ=0.00 AX=0.00 AY=0.00 AZ=0.00 MX=-0.49 MY=0.21 MZ=0.29 SD=1
Time=1989134 High=5237.27 Pressure=523.35 TempIn=-10.38 TempOut=34.00 GX=0.00 GY=0.00 GZ=0.00 AX=0.00 AY=0.00 AZ=0.00 MX=-0.30 MY=0.20 MZ=0.39 SD=1
Time=1992471 High=5259.33 Pressure=521.80 TempIn=-10.63 TempOut=33.94 GX=0.00 GY=0.00 GZ=0.00 AX=0.00 AY=0.00 AZ=0.00 MX=-0.49 MY=0.05 MZ=0.28 SD=1
Time=1995786 High=5283.30 Pressure=520.12 TempIn=-10.75 TempOut=33.88 GX=0.00 GY=0.00 GZ=0.00 AX=0.00 AY=0.00 AZ=0.00 MX=-0.42 MY=0.14 MZ=0.35 SD=1
Time=1999120 High=5308.62 Pressure=518.35 TempIn=-10.75 TempOut=33.81 GX=0.00 GY=0.00 GZ=0.00 AX=0.00 AY=0.00 AZ=0.00 MX=-0.31 MY=0.31 MZ=0.36 SD=1
Time=2002458 High=5347.09 Pressure=515.67 TempIn=-10.88 TempOut=33.75 GX=0.00 GY=0.00 GZ=0.00 AX=0.00 AY=0.00 AZ=0.00 MX=0.03 MY=0.17 MZ=0.36 SD=1
Time=2005774 High=5354.86 Pressure=515.13 TempIn=-10.75 TempOut=33.69 GX=0.00 GY=0.00 GZ=0.00 AX=0.00 AY=0.00 AZ=0.00 MX=-0.17 MY=-0.11 MZ=0.34 SD=1
Time=2009111 High=5374.90 Pressure=513.74 TempIn=-10.88 TempOut=33.56 GX=0.00 GY=0.00 GZ=0.00 AX=0.00 AY=0.00 AZ=0.00 MX=-0.45 MY=0.17 MZ=0.32 SD=1
Time=2012451 High=5412.78 Pressure=511.12 TempIn=-11.13 TempOut=33.50 GX=0.00 GY=0.00 GZ=0.00 AX=0.00 AY=0.00 AZ=0.00 MX=-0.05 MY=0.22 MZ=0.36 SD=1
Time=2015768 High=5423.80 Pressure=510.36 TempIn=-11.25 TempOut=33.44 GX=0.00 GY=0.00 GZ=0.00 AX=0.00 AY=0.00 AZ=0.00 MX=-0.26 MY=-0.05 MZ=0.37 SD=1
Time=2019062 High=5449.81 Pressure=508.57 TempIn=-11.50 TempOut=33.38 GX=0.00 GY=0.00 GZ=0.00 AX=0.00 AY=0.00 AZ=0.00 MX=-0.48 MY=0.16 MZ=0.30 SD=1
Time=2022446 High=5474.28 Pressure=506.89 TempIn=-11.88 TempOut=33.31 GX=0.00 GY=0.00 GZ=0.00 AX=0.00 AY=0.00 AZ=0.00 MX=-0.26 MY=0.38 MZ=0.34 SD=1
Time=2025763 High=5494.87 Pressure=505.48 TempIn=-11.88 TempOut=33.19 GX=0.00 GY=0.00 GZ=0.00 AX=0.00 AY=0.00 AZ=0.00 MX=0.01 MY=0.09 MZ=0.35 SD=1
Time=2029057 High=5519.32 Pressure=503.81 TempIn=-11.88 TempOut=33.13 GX=0.00 GY=0.00 GZ=0.00 AX=0.00 AY=0.00 AZ=0.00 MX=-0.30 MY=0.01 MZ=0.36 SD=1
Time=2032443 High=5542.66 Pressure=502.22 TempIn=-12.25 TempOut=33.00 GX=0.00 GY=0.00 GZ=0.00 AX=0.00 AY=0.00 AZ=0.00 MX=-0.36 MY=-0.08 MZ=0.31 SD=1
Time=2035763 High=5566.65 Pressure=500.59 TempIn=-12.50 TempOut=32.94 GX=0.00 GY=0.00 GZ=0.00 AX=0.00 AY=0.00 AZ=0.00 MX=-0.39 MY=0.35 MZ=0.31 SD=1
Time=2039057 High=5585.24 Pressure=499.33 TempIn=-12.63 TempOut=32.88 GX=0.00 GY=0.00 GZ=0.00 AX=0.00 AY=0.00 AZ=0.00 MX=-0.21 MY=0.39 MZ=0.33 SD=1
Time=2042444 High=5624.15 Pressure=496.70 TempIn=-12.88 TempOut=32.81 GX=0.00 GY=0.00 GZ=0.00 AX=0.00 AY=0.00 AZ=0.00 MX=0.04 MY=0.05 MZ=0.34 SD=1
mpOut=32.69 GX=0.00 GY=0.00 GZ=0.00 AX=0.00 AY=0.00 AZ=0.00 MX=-0.10 MY=0.07 MZ=0.38 SD=1
Time=2049060 High=5654.90 Pressure=494.63 TempIn=-13.13 TempOut=32.63 GX=0.00 GY=0.00 GZ=0.00 AX=0.00 AY=0.00 AZ=0.00 MX=-0.34 MY=-0.13 MZ=0.28 SD=1
Time=2052405 High=5681.28 Pressure=492.86 TempIn=-13.38 TempOut=32.56 GX=0.00 GY=0.00 GZ=0.00 AX=0.00 AY=0.00 AZ=0.00 MX=-0.39 MY=0.26 MZ=0.34 SD=1
Time=2055770 High=5714.17 Pressure=490.66 TempIn=-13.13 TempOut=32.44 GX=0.00 GY=0.00 GZ=0.00 AX=0.00 AY=0.00 AZ=0.00 MX=-0.09 MY=0.46 MZ=0.27 SD=1
Time=2059067 High=5738.61 Pressure=489.03 TempIn=-13.50 TempOut=32.38 GX=0.00 GY=0.00 GZ=0.00 AX=0.00 AY=0.00 AZ=0.00 MX=0.00 MY=0.12 MZ=0.36 SD=1
Time=2062412 High=5745.07 Pressure=488.60 TempIn=-13.63 Te0 MX=-0.07 MY=-0.04 MZ=0.34 SD=1
Time=2065779 High=5771.56 Pressure=486.84 TempIn=-13.88 TempOut=32.25 GX=0.00 GY=0.00 GZ=0.00 AX=0.00 AY=0.00 AZ=0.00 MX=-0.41 MY=-0.04 MZ=0.29 SD=1
Time=2069078 High=5795.86 Pressure=485.23 TempIn=-14.25 TempOut=32.19 GX=0.00 GY=0.00 GZ=0.00 AX=0.00 AY=0.00 AZ=0.00 MX=-0.35 MY=0.29 MZ=0.37 SD=1
Time=2072423 High=5838.42 Pressure=482.42 TempIn=-14.25 TempOut=32.13 GX=0.00 GY=0.00 GZ=0.00 AX=0.00 AY=0.00 AZ=0.00 MX=0.11 MY=0.09 MZ=0.31 SD=1
Time=2075745 High=5839.18 Pressure=482.37 TempIn=-14.38 TempOut=32.00 GX=0.00 GY=0.00 GZ=0.00 AX=0.00 AY=0.00 AZ=0.00 MX=-0.28 MY=0.13 MZ=0.40 SD=1
Time=2079089 High=5861.23 Pressure=480.92 TempIn=-14.50 TempOut=31.94 GX=0.00 GY=0.00 GZ=0.00 AX=0.00 AY=0.00 AZ=0.00 MX=-0.47 MY=-0.02 MZ=0.27 SD=1
mpOut=31.87 GX=0.00 GY=0.00 GZ=0.00 AX=0.00 AY=0.00 AZ=0.00 MX=-0.31 MY=0.26 MZ=0.38 SD=1
Time=2085759 High=5913.29 Pressure=477.51 TempIn=-14.88 TempOut=31.75 GX=0.00 GY=0.00 GZ=0.00 AX=0.00 AY=0.00 AZ=0.00 MX=-0.52 MY=0.11 MZ=0.26 SD=1
Time=2089103 High=5934.44 Pressure=476.13 TempIn=-15.13 TempOut=31.69 GX=0.00 GY=0.00 GZ=0.00 AX=0.00 AY=0.00 AZ=0.00 MX=-0.39 MY=0.22 MZ=0.35 SD=1
Time=2092450 High=5960.26 Pressure=474.45 TempIn=-15.25 TempOut=31.62 GX=0.00 GY=0.00 GZ=0.00 AX=0.00 AY=0.00 AZ=0.00 MX=-0.44 MY=0.18 MZ=0.33 SD=1
Time=2095775 High=5985.84 Pressure=472.79 TempIn=-15.38 TempOut=31.56 GX=0.00 GY=0.00 GZ=0.00 AX=0.00 AY=0.00 AZ=0.00 MX=-0.14 MY=0.34 MZ=0.37 SD=1
Time=2099076 High=6019.86 Pressure=470.59 TempIn=-15.50 TempOut=31.44 GX=0.00 GY=0.00 GZ=0.00 AX=0.00 AY=0.00 AZ=0.00 MX=-0.10 MY=0.41 MZ=0.32 SD=1
Time=2102469 High=6031.95 Pressure=469.81 TempIn=-15.63 TempOut=31.37 GX=0.00 GY=0.00 GZ=0.00 AX=0.00 AY=0.00 AZ=0.00 MX=0.06 MY=0.22 MZ=0.33 SD=1
Time=2105795 High=6079.23 Pressure=466.77 TempIn=-15.63 TempOut=31.31 GX=0.00 GY=0.00 GZ=0.00 AX=0.00 AY=0.00 AZ=0.00 MX=0.08 MY=-0.02 MZ=0.30 SD=1
Time=2109097 High=6076.74 Pressure=466.93 TempIn=-15.75 TempOut=31.25 GX=0.00 GY=0.00 GZ=0.00 AX=0.00 AY=0.00 AZ=0.00 MX=-0.05 MY=-0.07 MZ=0.35 SD=1
Time=2112492 High=6117.68 Pressure=464.31 TempIn=-15.75 TempOut=31.12 GX=0.00 GY=0.00 GZ=0.00 AX=0.00 AY=0.00 AZ=0.00 MX=0.03 MY=0.12 MZ=0.36 SD=1
Time=2115819 High=6130.69 Pressure=463.48 TempIn=-16.00 TempOut=31.06 GX=0.00 GY=0.00 GZ=0.00 AX=0.00 AY=0.00 AZ=0.00 MX=0.05 MY=0.20 MZ=0.34 SD=1
Time=2119123 High=6157.23 Pressure=461.79 TempIn=-16.37 TempOut=31.00 GX=0.00 GY=0.00 GZ=0.00 AX=0.00 AY=0.00 AZ=0.00 MX=-0.04 MY=0.25 MZ=0.36 SD=1
Time=2122520 High=6183.23 Pressure=460.14 TempIn=-16.37 TempOut=30.87 GX=0.00 GY=0.00 GZ=0.00 AX=0.00 AY=0.00 AZ=0.00 MX=0.17 MY=0.14 MZ=0.24 SD=1
Time=2125847 High=6196.01 Pressure=459.33 TempIn=-16.50 TempOut=30.81 GX=0.00 GY=0.00 GZ=0.00 AX=0.00 AY=0.00 AZ=0.0Time=2129153 High=6217.68 Pressure=457.96 TempIn=-16.75 TempOut=30.75 GX=0.00 GY=0.00 GZ=0.00 AX=0.00 AY=0.00 AZ=0.00 MX=-0.19 MY=-0.09 MZ=0.36 SD=1
Time=2132505 High=6236.39 Pressure=456.78 TempIn=-17.12 TempOut=30.62 GX=0.00 GY=0.00 GZ=0.00 AX=0.00 AY=0.00 AZ=0.00 MX=-0.02 MY=0.05 MZ=0.37 SD=1
Time=2135876 High=6264.84 Pressure=454.99 TempIn=-17.12 TempOut=30.56 GX=0.00 GY=0.00 GZ=0.00 AX=0.00 AY=0.00 AZ=0.00 MX=-0.07 MY=-0.08 MZ=0.34 SD=1
Time=2139179 High=6317.70 Pressure=451.68 TempIn=-17.37 TempOut=30.50 GX=0.00 GY=0.00 GZ=0.00 AX=0.00 AY=0.00 AZ=0.00 MX=0.12 MY=0.02 MZ=0.28 SD=1
Time=2142528 High=6332.93 Pressure=450.73 TempIn=-17.50 TempOut=30.44 GX=0.00 GY=0.00 GZ=0.00 AX=0.00 AY=0.00 AZ=0.00 MX=0.02 MY=0.10 MZ=0.36 SD=1
Time=2145899 High=6341.59 Pressure=450.19 TempIn=-17.62 TempOut=30.31 GX=0.00 GY=0.00 GZ=0.00 AX=0.00 AY=0.00 AZ=0.00 MX=-0.33 MY=0.32 MZ=0.35 SD=1
Time=2149205 High=6364.26 Pressure=448.78 TempIn=-18.00 TempOut=30.25 GX=0.00 GY=0.00 GZ=0.00 AX=0.00 AY=0.00 AZ=0.00 MX=-0.41 MY=0.35 MZ=0.31 SD=1
Time=2152487 High=6383.76 Pressure=447.57 TempIn=-18.25 TempOut=30.19 GX=0.00 GY=0.00 GZ=0.00 AX=0.00 AY=0.00 AZ=0.00 MX=-0.41 MY=0.07 MZ=0.34 SD=1
Time=2155817 High=6413.50 Pressure=445.73 TempIn=-18.25 TempOut=30.12 GX=0.00 GY=0.00 GZ=0.00 AX=0.00 AY=0.00 AZ=0.00 MX=-0.29 MY=0.01 MZ=0.37 SD=1
Time=2159169 High=6437.65 Pressure=444.24 TempIn=-18.62 TempOut=30.00 GX=0.00 GY=0.00 GZ=0.00 AX=0.00 AY=0.00 AZ=0.00 MX=-0.37 MY=0.05 MZ=0.34 SD=1
Time=2162453 High=6461.06 Pressure=442.80 TempIn=-18.62 TempOut=29.94 GX=0.00 GY=0.00 GZ=0.00 AX=0.00 AY=0.00 AZ=0.00 MX=-0.16 MY=-0.05 MZ=0.36 SD=1
Time=2165784 High=6485.01 Pressure=441.33 TempIn=-18.75 TempOut=29.87 GX=0.00 GY=0.00 GZ=0.00 AX=0.00 AY=0.00 AZ=0.00 MX=-0.01 MY=-0.12 MZ=0.29 SD=1
Time=2169136 High=6502.00 Pressure=440.29 TempIn=-19.00 TempOut=29.81 GX=0.00 GY=0.00 GZ=0.00 AX=0.00 AY=0.00 AZ=0.00 MX=-0.01 MY=0.15 MZ=0.37 SD=1
Time=2172419 High=6546.09 Pressure=437.60 TempIn=-19.00 TempOut=29.69 GX=0.00 GY=0.00 GZ=0.00 AX=0.00 AY=0.00 AZ=0.00 MX=0.13 MY=0.06 MZ=0.28 SD=1
Time=2175749 High=6564.02 Pressure=436.51 TempIn=-19.12 TempOut=29.62 GX=0.00 GY=0.00 GZ=0.00 AX=0.00 AY=0.00 AZ=0.00 MX=-0.08 MY=0.15 MZ=0.38 SD=1
Time=2179058 High=6598.66 Pressure=434.41 TempIn=-19.00 TempOut=29.56 GX=0.00 GY=0.00 GZ=0.00 AX=0.00 AY=0.00 AZ=0.00 MX=0.13 MY=0.03 MZ=0.27 SD=1
Time=2182388 High=6605.11 Pressure=434.02 TempIn=-19.25 TempOut=29.50 GX=0.00 GY=0.00 GZ=0.00 AX=0.00 AY=0.00 AZ=0.00 MX=-0.09 MY=-0.09 MZ=0.33 SD=1
Time=2185721 High=6628.30 Pressure=432.62 TempIn=-19.62 TempOut=29.37 GX=0.00 GY=0.00 GZ=0.00 AX=0.00 AY=0.00 AZ=0.00 MX=-0.20 MY=-0.02 MZ=0.38 SD=1
Time=2189031 High=6649.72 Pressure=431.33 TempIn=-19.87 TempOut=29.31 GX=0.00 GY=0.00 GZ=0.00 AX=0.00 AY=0.00 AZ=0.00 MX=-0.40 MY=0.09 MZ=0.34 SD=1
Time=2192361 High=6674.02 Pressure=429.87 TempIn=-19.87 TempOut=29.25 GX=0.00 GY=0.00 GZ=0.00 AX=0.00 AY=0.00 AZ=0.00 MX=-0.39 MY=0.20 MZ=0.36 SD=1
Time=2195693 High=6694.38 Pressure=428.65 TempIn=-20.12 TempOut=29.19 GX=0.00 GY=0.00 GZ=0.00 AX=0.00 AY=0.00 AZ=0.0Time=2199003 High=6727.36 Pressure=426.68 TempIn=-20.12 TempOut=29.06 GX=0.00 GY=0.00 GZ=0.00 AX=0.00 AY=0.00 AZ=0.00 MX=-0.36 MY=0.36 MZ=0.33 SD=1
Time=2202288 High=6748.85 Pressure=425.40 TempIn=-20.12 TempOut=29.00 GX=0.00 GY=0.00 GZ=0.00 AX=0.00 AY=0.00 AZ=0.00 MX=-0.31 MY=0.41 MZ=0.32 SD=1
Time=2205666 High=6789.46 Pressure=422.99 TempIn=-20.50 TempOut=28.94 GX=0.00 GY=0.00 GZ=0.00 AX=0.00 AY=0.00 AZ=0.00 MX=0.04 MY=0.28 MZ=0.33 SD=1
Time=2208976 High=6793.18 Pressure=422.77 TempIn=-20.50 TempOut=28.81 GX=0.00 GY=0.00 GZ=0.00 AX=0.00 AY=0.00 AZ=0.00 MX=-0.02 MY=0.08 MZ=0.37 SD=1
Time=2212264 High=6818.39 Pressure=421.28 TempIn=-20.87 TempOut=28.75 GX=0.00 GY=0.00 GZ=0.00 AX=0.00 AY=0.00 AZ=0.00 MX=-0.50 MY=0.09 MZ=0.27 SD=1
Time=2215643 High=6841.81 Pressure=419.90 TempIn=-20.87 Te0 MX=-0.32 MY=0.20 MZ=0.38 SD=1
mpOut=28.56 GX=0.00 GY=0.00 GZ=0.00 AX=0.00 AY=0.00 AZ=0.00 MX=-0.47 MY=0.48 MZ=0.25 SD=1
Time=2222246 High=6885.58 Pressure=417.33 TempIn=-21.12 TempOut=28.50 GX=0.00 GY=0.00 GZ=0.00 AX=0.00 AY=0.00 AZ=0.00 MX=-0.20 MY=0.35 MZ=0.43 SD=1
Time=2225720 High=6924.94 Pressure=415.03 TempIn=-21.25 TempOut=28.44 GX=0.00 GY=0.00 GZ=0.00 AX=0.00 AY=0.00 AZ=0.00 MX=-0.04 MY=0.41 MZ=0.37 SD=1
Time=2229035 High=6938.84 Pressure=414.22 TempIn=-21.50 TempOut=28.37 GX=0.00 GY=0.00 GZ=0.00 AX=0.00 AY=0.00 AZ=0.00 MX=-0.10 MY=-0.02 MZ=0.40 SD=1
Time=2232325 High=6957.41 Pressure=413.14 TempIn=-21.87 TempOut=28.31 GX=0.00 GY=0.00 GZ=0.00 AX=0.00 AY=0.00 AZ=0.00 MX=-0.48 MY=0.18 MZ=0.36 SD=1
Time=2235662 High=6999.17 Pressure=410.72 TempIn=-21.87 TempOut=28.19 GX=0.00 GY=0.00 GZ=0.00 AX=0.00 AY=0.00 AZ=0.00 MX=-0.01 MY=0.42 MZ=0.35 SD=1
Time=2239022 High=7005.23 Pressure=410.37 TempIn=-21.87 TempOut=28.12 GX=0.00 GY=0.00 GZ=0.00 AX=0.00 AY=0.00 AZ=0.00 MX=-0.07 MY=0.10 MZ=0.43 SD=1
Time=2242313 High=7035.05 Pressure=408.65 TempIn=-21.87 TempOut=28.00 GX=0.00 GY=0.00 GZ=0.00 AX=0.00 AY=0.00 AZ=0.00 MX=0.03 MY=0.07 MZ=0.38 SD=1
Time=2245651 High=7049.65 Pressure=407.81 TempIn=-22.12 TempOut=27.94 GX=0.00 GY=0.00 GZ=0.00 AX=0.00 AY=0.00 AZ=0.00 MX=-0.13 MY=-0.02 MZ=0.40 SD=1
Time=2249013 High=7067.76 Pressure=406.77 TempIn=-22.37 TempOut=27.87 GX=0.00 GY=0.00 GZ=0.00 AX=0.00 AY=0.00 AZ=0.00 MX=-0.03 MY=0.02 MZ=0.39 SD=1
Time=2252305 High=7093.07 Pressure=405.32 TempIn=-22.25 TempOut=27.81 GX=0.00 GY=0.00 GZ=0.00 AX=0.00 AY=0.00 AZ=0.00 MX=-0.22 MY=-0.11 MZ=0.35 SD=1
Time=2255644 High=7121.44 Pressure=403.70 TempIn=-22.62 TempOut=27.69 GX=0.00 GY=0.00 GZ=0.00 AX=0.00 AY=0.00 AZ=0.00 MX=-0.22 MY=0.03 MZ=0.43 SD=1
Time=2258959 High=7139.35 Pressure=402.68 TempIn=-22.87 TempOut=27.62 GX=0.00 GY=0.00 GZ=0.00 AX=0.00 AY=0.00 AZ=0.00 MX=-0.42 MY=0.09 MZ=0.39 SD=1
Time=2262295 High=7161.00 Pressure=401.45 TempIn=-23.12 TempOut=27.56 GX=0.00 GY=0.00 GZ=0.00 AX=0.00 AY=0.00 AZ=0.00 MX=-0.40 MY=0.25 MZ=0.41 SD=1
Time=2265634 High=7185.52 Pressure=400.06 TempIn=-23.00 TempOut=27.50 GX=0.00 GY=0.00 GZ=0.00 AX=0.00 AY=0.00 AZ=0.00 MX=-0.36 MY=0.31 MZ=0.42 SD=1
Time=2268950 High=7213.84 Pressure=398.46 TempIn=-23.12 TempOut=27.37 GX=0.00 GY=0.00 GZ=0.00 AX=0.00 AY=0.00 AZ=0.00 MX=-0.47 MY=0.33 MZ=0.35 SD=1
Time=2272288 High=7236.73 Pressure=397.17 TempIn=-23.37 TempOut=27.31 GX=0.00 GY=0.00 GZ=0.00 AX=0.00 AY=0.00 AZ=0.00 MX=-0.41 MY=0.27 MZ=0.41 SD=1
Time=2275629 High=7260.76 Pressure=395.82 TempIn=-23.37 TempOut=27.25 GX=0.00 GY=0.00 GZ=0.00 AX=0.00 AY=0.00 AZ=0.00 MX=-0.41 MY=0.43 MZ=0.34 SD=1
Time=2278946 High=7282.35 Pressure=394.61 TempIn=-23.62 TempOut=27.12 GX=0.00 GY=0.00 GZ=0.00 AX=0.00 AY=0.00 AZ=0.00 MX=-0.37 MY=0.29 MZ=0.40 SD=1
Time=2282241 High=7313.14 Pressure=392.89 TempIn=-23.62 TempOut=27.06 GX=0.00 GY=0.00 GZ=0.00 AX=0.00 AY=0.00 AZ=0.00 MX=-0.32 MY=0.42 MZ=0.38 SD=1
Time=2285627 High=7336.83 Pressure=391.57 TempIn=-23.75 TempOut=27.00 GX=0.00 GY=0.00 GZ=0.00 AX=0.00 AY=0.00 AZ=0.00 MX=-0.45 MY=0.24 MZ=0.38 SD=1
Time=2288946 High=7359.34 Pressure=390.32 TempIn=-24.12 TempOut=26.87 GX=0.00 GY=0.00 GZ=0.00 AX=0.00 AY=0.00 AZ=0.00 MX=-0.38 MY=0.26 MZ=0.42 SD=1
Time=2292242 High=7381.17 Pressure=389.11 TempIn=-24.12 TempOut=26.81 GX=0.00 GY=0.00 GZ=0.00 AX=0.00 AY=0.00 AZ=0.00 MX=-0.46 MY=0.09 MZ=0.35 SD=1
Time=2295631 High=7408.14 Pressure=387.62 TempIn=-24.37 TempOut=26.75 GX=0.00 GY=0.00 GZ=0.00 AX=0.00 AY=0.00 AZ=0.00 MX=-0.31 MY=0.03 MZ=0.40 SD=1
Time=2298951 High=7432.46 Pressure=386.28 TempIn=-24.62 TempOut=26.62 GX=0.00 GY=0.00 GZ=0.00 AX=0.00 AY=0.00 AZ=0.00 MX=-0.22 MY=-0.03 MZ=0.41 SD=1
Time=2302248 High=7457.22 Pressure=384.92 TempIn=-24.62 TempOut=26.56 GX=0.00 GY=0.00 GZ=0.00 AX=0.00 AY=0.00 AZ=0.00 MX=-0.19 MY=0.02 MZ=0.43 SD=1
Time=2305636 High=7503.47 Pressure=382.39 TempIn=-24.62 TempOut=26.44 GX=0.00 GY=0.00 GZ=0.00 AX=0.00 AY=0.00 AZ=0.00 MX=0.12 MY=0.17 MZ=0.35 SD=1
Time=2308956 High=7514.65 Pressure=381.78 TempIn=-24.87 TempOut=26.37 GX=0.00 GY=0.00 GZ=0.00 AX=0.00 AY=0.00 AZ=0.00 MX=-0.02 MY=0.33 MZ=0.40 SD=1
Time=2312254 High=7544.25 Pressure=380.17 TempIn=-24.87 TempOut=26.31 GX=0.00 GY=0.00 GZ=0.00 AX=0.00 AY=0.00 AZ=0.00 MX=-0.11 MY=0.45 MZ=0.37 SD=1
Time=2315599 High=7570.80 Pressure=378.73 TempIn=-24.87 TempOut=26.25 GX=0.00 GY=0.00 GZ=0.00 AX=0.00 AY=0.00 AZ=0.00 MX=-0.02 MY=0.20 MZ=0.42 SD=1
Time=2318967 High=7616.55 Pressure=376.26 TempIn=-24.87 TempOut=26.12 GX=0.00 GY=0.00 GZ=0.00 AX=0.00 AY=0.00 AZ=0.00 MX=0.04 MY=0.00 MZ=0.36 SD=1
Time=2322266 High=7608.57 Pressure=376.69 TempIn=-25.00 TempOut=26.06 GX=0.00 GY=0.00 GZ=0.00 AX=0.00 AY=0.00 AZ=0.00 MX=-0.27 MY=-0.05 MZ=0.37 SD=1
Time=2325613 High=7637.18 Pressure=375.15 TempIn=-25.25 TempOut=25.94 GX=0.00 GY=0.00 GZ=0.00 AX=0.00 AY=0.00 AZ=0.00 MX=-0.36 MY=0.17 MZ=0.43 SD=1
Time=2328982 High=7667.20 Pressure=373.54 TempIn=-25.50 TempOut=25.87 GX=0.00 GY=0.00 GZ=0.00 AX=0.00 AY=0.00 AZ=0.00 MX=-0.30 MY=0.33 MZ=0.41 SD=1
Time=2332282 High=7692.45 Pressure=372.19 TempIn=-25.50 TempOut=25.81 GX=0.00 GY=0.00 GZ=0.00 AX=0.00 AY=0.00 AZ=0.00 MX=-0.14 MY=0.55 MZ=0.28 SD=1
Time=2335630 High=7719.66 Pressure=370.74 TempIn=-25.62 TempOut=25.69 GX=0.00 GY=0.00 GZ=0.00 AX=0.00 AY=0.00 AZ=0.00 MX=-0.22 MY=0.41 MZ=0.39 SD=1
Time=2338955 High=7746.76 Pressure=369.30 TempIn=-25.62 TempOut=25.62 GX=0.00 GY=0.00 GZ=0.00 AX=0.00 AY=0.00 AZ=0.00 MX=-0.15 MY=0.53 MZ=0.31 SD=1
Time=2342302 High=7766.20 Pressure=368.27 TempIn=-26.12 TempOut=25.56 GX=0.00 GY=0.00 GZ=0.00 AX=0.00 AY=0.00 AZ=0.00 MX=-0.11 MY=0.26 MZ=0.43 SD=1
Time=2345650 High=7788.33 Pressure=367.10 TempIn=-26.25 TempOut=25.44 GX=0.00 GY=0.00 GZ=0.00 AX=0.00 AY=0.00 AZ=0.00 MX=-0.14 MY=-0.08 MZ=0.39 SD=1
mpOut=25.37 GX=0.00 GY=0.00 GZ=0.00 AX=0.00 AY=0.00 AZ=0.00 MX=-0.45 MY=0.26 MZ=0.37 SD=1
Time=2352319 High=7838.49 Pressure=364.46 TempIn=-26.50 TempOut=25.25 GX=0.00 GY=0.00 GZ=0.00 AX=0.00 AY=0.00 AZ=0.00 MX=-0.33 MY=0.42 MZ=0.38 SD=1
Time=2355665 High=7878.21 Pressure=362.38 TempIn=-26.62 TempOut=25.19 GX=0.00 GY=0.00 GZ=0.00 AX=0.00 AY=0.00 AZ=0.00 MX=0.01 MY=0.36 MZ=0.38 SD=1
Time=2358989 High=7888.17 Pressure=361.86 TempIn=-26.75 TempOut=25.12 GX=0.00 GY=0.00 GZ=0.00 AX=0.00 AY=0.00 AZ=0.00 MX=-0.10 MY=0.08 MZ=0.43 SD=1
Time=2362290 High=7914.47 Pressure=360.49 TempIn=-27.12 TempOut=25.00 GX=0.00 GY=0.00 GZ=0.00 AX=0.00 AY=0.00 AZ=0.00 MX=-0.34 MY=-0.07 MZ=0.35 SD=1
Time=2365684 High=7948.95 Pressure=358.70 TempIn=-27.12 TempOut=24.94 GX=0.00 GY=0.00 GZ=0.00 AX=0.00 AY=0.00 AZ=0.00 MX=-0.03 MY=0.48 MZ=0.33 SD=1
mpOut=24.81 GX=0.00 GY=0.00 GZ=0.00 AX=0.00 AY=0.00 AZ=0.00 MX=-0.06 MY=0.19 MZ=0.44 SD=1
Time=2372309 High=7987.64 Pressure=356.70 TempIn=-27.37 TempOut=24.75 GX=0.00 GY=0.00 GZ=0.00 AX=0.00 AY=0.00 AZ=0.00 MX=-0.38 MY=-0.03 MZ=0.37 SD=1
mpOut=24.69 GX=0.00 GY=0.00 GZ=0.00 AX=0.00 AY=0.00 AZ=0.00 MX=-0.35 MY=0.32 MZ=0.41 SD=1
0 MX=-0.52 MY=0.31 MZ=0.31 SD=1
Time=2382328 High=8073.97 Pressure=352.27 TempIn=-27.87 TempOut=24.50 GX=0.00 GY=0.00 GZ=0.00 AX=0.00 AY=0.00 AZ=0.00 MX=-0.03 MY=0.34 MZ=0.41 SD=1
Time=2385723 High=8092.00 Pressure=351.35 TempIn=-28.00 TempOut=24.44 GX=0.00 GY=0.00 GZ=0.00 AX=0.00 AY=0.00 AZ=0.00 MX=-0.02 MY=0.19 MZ=0.44 SD=1
Time=2389049 High=8124.85 Pressure=349.68 TempIn=-28.25 TempOut=24.31 GX=0.00 GY=0.00 GZ=0.00 AX=0.00 AY=0.00 AZ=0.00 MX=-0.28 MY=-0.13 MZ=0.35 SD=1
Time=2392351 High=8142.60 Pressure=348.78 TempIn=-28.50 TempOut=24.25 GX=0.00 GY=0.00 GZ=0.00 AX=0.00 AY=0.00 AZ=0.0Time=2395699 High=8171.08 Pressure=347.34 TempIn=-28.62 TempOut=24.12 GX=0.00 GY=0.00 GZ=0.00 AX=0.00 AY=0.00 AZ=0.00 MX=-0.33 MY=0.39 MZ=0.40 SD=1
Time=2399071 High=8205.02 Pressure=345.63 TempIn=-28.87 TempOut=24.06 GX=0.00 GY=0.00 GZ=0.00 AX=0.00 AY=0.00 AZ=0.00 MX=-0.10 MY=0.45 MZ=0.37 SD=1
Time=2402373 High=8237.90 Pressure=343.98 TempIn=-28.75 TempOut=23.94 GX=0.00 GY=0.00 GZ=0.00 AX=0.00 AY=0.00 AZ=0.00 MX=-0.03 MY=0.27 MZ=0.43 SD=1
Time=2405723 High=8262.50 Pressure=342.75 TempIn=-29.12 TempOut=23.87 GX=0.00 GY=0.00 GZ=0.00 AX=0.00 AY=0.00 AZ=0.00 MX=0.02 MY=0.34 MZ=0.39 SD=1
Time=2409096 High=8285.36 Pressure=341.61 TempIn=-29.25 TempOut=23.81 GX=0.00 GY=0.00 GZ=0.00 AX=0.00 AY=0.00 AZ=0.00 MX=0.08 MY=0.36 MZ=0.35 SD=1
Time=2412400 High=8309.29 Pressure=340.42 TempIn=-29.25 TempOut=23.69 GX=0.00 GY=0.00 GZ=0.00 AX=0.00 AY=0.00 AZ=0.00 MX=0.08 MY=0.32 MZ=0.36 SD=1
Time=2415682 High=8315.53 Pressure=340.11 TempIn=-29.25 TempOut=23.62 GX=0.00 GY=0.00 GZ=0.00 AX=0.00 AY=0.00 AZ=0.00 MX=-0.20 MY=0.36 MZ=0.43 SD=1
Time=2419013 High=8341.16 Pressure=338.84 TempIn=-29.25 TempOut=23.56 GX=0.00 GY=0.00 GZ=0.00 AX=0.00 AY=0.00 AZ=0.00 MX=-0.42 MY=0.27 MZ=0.41 SD=1
Time=2422367 High=8360.59 Pressure=337.88 TempIn=-29.50 TempOut=23.44 GX=0.00 GY=0.00 GZ=0.00 AX=0.00 AY=0.00 AZ=0.00 MX=-0.19 MY=0.00 MZ=0.43 SD=1
Time=2425652 High=8386.96 Pressure=336.58 TempIn=-29.87 TempOut=23.37 GX=0.00 GY=0.00 GZ=0.00 AX=0.00 AY=0.00 AZ=0.00 MX=-0.15 MY=-0.10 MZ=0.38 SD=1
Time=2428984 High=8417.91 Pressure=335.06 TempIn=-29.87 TempOut=23.31 GX=0.00 GY=0.00 GZ=0.00 AX=0.00 AY=0.00 AZ=0.00 MX=0.03 MY=0.01 MZ=0.39 SD=1
Time=2432337 High=8460.65 Pressure=332.97 TempIn=-29.87 TempOut=23.19 GX=0.00 GY=0.00 GZ=0.00 AX=0.00 AY=0.00 AZ=0.00 MX=0.09 MY=0.14 MZ=0.38 SD=1
Time=2435622 High=8472.96 Pressure=332.37 TempIn=-30.12 TempOut=23.12 GX=0.00 GY=0.00 GZ=0.00 AX=0.00 AY=0.00 AZ=0.00 MX=-0.10 MY=0.44 MZ=0.37 SD=1
mpOut=23.00 GX=0.00 GY=0.00 GZ=0.00 AX=0.00 AY=0.00 AZ=0.00 MX=-0.31 MY=0.35 MZ=0.42 SD=1
Time=2442268 High=8509.99 Pressure=330.57 TempIn=-30.50 TempOut=22.94 GX=0.00 GY=0.00 GZ=0.00 AX=0.00 AY=0.00 AZ=0.00 MX=-0.50 MY=0.26 MZ=0.33 SD=1
Time=2445603 High=8537.05 Pressure=329.26 TempIn=-30.62 TempOut=22.87 GX=0.00 GY=0.00 GZ=0.00 AX=0.00 AY=0.00 AZ=0.00 MX=-0.21 MY=0.11 MZ=0.46 SD=1
Time=2448939 High=8566.89 Pressure=327.82 TempIn=-30.75 TempOut=22.75 GX=0.00 GY=0.00 GZ=0.00 AX=0.00 AY=0.00 AZ=0.00 MX=-0.32 MY=-0.08 MZ=0.37 SD=1
Time=2452252 High=8592.88 Pressure=326.57 TempIn=-30.75 TempOut=22.69 GX=0.00 GY=0.00 GZ=0.00 AX=0.00 AY=0.00 AZ=0.00 MX=-0.08 MY=0.06 MZ=0.44 SD=1
Time=2455587 High=8616.24 Pressure=325.45 TempIn=-31.12 TempOut=22.62 GX=0.00 GY=0.00 GZ=0.00 AX=0.00 AY=0.00 AZ=0.00 MX=-0.03 MY=-0.08 MZ=0.36 SD=1
Time=2458922 High=8640.08 Pressure=324.31 TempIn=-31.37 TempOut=22.56 GX=0.00 GY=0.00 GZ=0.00 AX=0.00 AY=0.00 AZ=0.00 MX=-0.22 MY=-0.04 MZ=0.42 SD=1
Time=2462234 High=8675.33 Pressure=322.63 TempIn=-31.50 TempOut=22.44 GX=0.00 GY=0.00 GZ=0.00 AX=0.00 AY=0.00 AZ=0.00 MX=-0.30 MY=0.01 MZ=0.41 SD=1
Time=2465521 High=8700.40 Pressure=321.44 TempIn=-32.00 TempOut=22.37 GX=0.00 GY=0.00 GZ=0.00 AX=0.00 AY=0.00 AZ=0.00 MX=-0.41 MY=0.32 MZ=0.39 SD=1
Time=2468902 High=8730.19 Pressure=320.03 TempIn=-32.00 TempOut=22.31 GX=0.00 GY=0.00 GZ=0.00 AX=0.00 AY=0.00 AZ=0.00 MX=-0.24 MY=0.35 MZ=0.44 SD=1
Time=2472214 High=8778.17 Pressure=317.77 TempIn=-32.25 TempOut=22.19 GX=0.00 GY=0.00 GZ=0.00 AX=0.00 AY=0.00 AZ=0.00 MX=0.11 MY=0.40 MZ=0.31 SD=1
Time=2475502 High=8808.89 Pressure=316.33 TempIn=-32.38 TempOut=22.12 GX=0.00 GY=0.00 GZ=0.00 AX=0.00 AY=0.00 AZ=0.00 MX=0.00 MY=0.08 MZ=0.42 SD=1
Time=2478886 High=8829.64 Pressure=315.36 TempIn=-32.38 TempOut=22.00 GX=0.00 GY=0.00 GZ=0.00 AX=0.00 AY=0.00 AZ=0.00 MX=0.12 MY=0.28 MZ=0.35 SD=1
Time=2482201 High=8848.51 Pressure=314.48 TempIn=-32.63 TempOut=21.94 GX=0.00 GY=0.00 GZ=0.00 AX=0.00 AY=0.00 AZ=0.00 MX=-0.02 MY=0.28 MZ=0.42 SD=1
Time=2485494 High=8869.15 Pressure=313.52 TempIn=-32.75 TempOut=21.87 GX=0.00 GY=0.00 GZ=0.00 AX=0.00 AY=0.00 AZ=0.00 MX=-0.12 MY=0.46 MZ=0.37 SD=1
Time=2488881 High=8911.44 Pressure=311.56 TempIn=-33.13 TempOut=21.81 GX=0.00 GY=0.00 GZ=0.00 AX=0.00 AY=0.00 AZ=0.00 MX=0.06 MY=0.06 MZ=0.39 SD=1
Time=2492199 High=8906.25 Pressure=311.80 TempIn=-33.25 TempOut=21.69 GX=0.00 GY=0.00 GZ=0.00 AX=0.00 AY=0.00 AZ=0.00 MX=-0.08 MY=-0.03 MZ=0.41 SD=1
Time=2495495 High=8936.79 Pressure=310.39 TempIn=-33.13 TempOut=21.62 GX=0.00 GY=0.00 GZ=0.00 AX=0.00 AY=0.00 AZ=0.00 MX=-0.49 MY=0.06 MZ=0.33 SD=1
Time=2498837 High=8970.28 Pressure=308.85 TempIn=-33.25 TempOut=21.56 GX=0.00 GY=0.00 GZ=0.00 AX=0.00 AY=0.00 AZ=0.00 MX=-0.28 MY=0.23 MZ=0.45 SD=1
Time=2502203 High=9013.97 Pressure=306.85 TempIn=-33.63 TempOut=21.44 GX=0.00 GY=0.00 GZ=0.00 AX=0.00 AY=0.00 AZ=0.00 MX=-0.08 MY=0.47 MZ=0.36 SD=1
Time=2505498 High=9047.55 Pressure=305.32 TempIn=-33.88 TempOut=21.37 GX=0.00 GY=0.00 GZ=0.00 AX=0.00 AY=0.00 AZ=0.00 MX=0.15 MY=0.25 MZ=0.34 SD=1
Time=2508838 High=9060.53 Pressure=304.73 TempIn=-34.13 TempOut=21.31 GX=0.00 GY=0.00 GZ=0.00 AX=0.00 AY=0.00 AZ=0.00 MX=0.02 MY=0.11 MZ=0.43 SD=1
Time=2512203 High=9081.48 Pressure=303.78 TempIn=-34.38 TempOut=21.19 GX=0.00 GY=0.00 GZ=0.00 AX=0.00 AY=0.00 AZ=0.00 MX=-0.20 MY=-0.03 MZ=0.42 SD=1
Time=2515499 High=9111.12 Pressure=302.44 TempIn=-34.38 TempOut=21.12 GX=0.00 GY=0.00 GZ=0.00 AX=0.00 AY=0.00 AZ=0.00 MX=-0.33 MY=0.03 MZ=0.41 SD=1
Time=2518841 High=9141.98 Pressure=301.05 TempIn=-34.88 Te0 MX=-0.38 MY=-0.00 MZ=0.38 SD=1
Time=2522160 High=9168.94 Pressure=299.84 TempIn=-34.88 TempOut=20.94 GX=0.00 GY=0.00 GZ=0.00 AX=0.00 AY=0.00 AZ=0.00 MX=-0.31 MY=0.50 MZ=0.35 SD=1
Time=2525502 High=9200.69 Pressure=298.42 TempIn=-35.25 TempOut=20.87 GX=0.00 GY=0.00 GZ=0.00 AX=0.00 AY=0.00 AZ=0.00 MX=-0.04 MY=0.26 MZ=0.43 SD=1
Time=2528844 High=9207.64 Pressure=298.11 TempIn=-35.38 TempOut=20.75 GX=0.00 GY=0.00 GZ=0.00 AX=0.00 AY=0.00 AZ=0.00 MX=-0.03 MY=0.01 MZ=0.40 SD=1
Time=2532164 High=9237.96 Pressure=296.76 TempIn=-35.38 TempOut=20.69 GX=0.00 GY=0.00 GZ=0.00 AX=0.00 AY=0.00 AZ=0.00 MX=-0.23 MY=-0.04 MZ=0.39 SD=1
Time=2535507 High=9262.75 Pressure=295.66 TempIn=-35.63 TempOut=20.62 GX=0.00 GY=0.00 GZ=0.00 AX=0.00 AY=0.00 AZ=0.00 MX=-0.36 MY=-0.05 MZ=0.34 SD=1
Time=2538849 High=9292.37 Pressure=294.35 TempIn=-35.63 TempOut=20.50 GX=0.00 GY=0.00 GZ=0.00 AX=0.00 AY=0.00 AZ=0.00 MX=-0.40 MY=0.23 MZ=0.40 SD=1
Time=2542168 High=9334.61 Pressure=292.49 TempIn=-35.63 TempOut=20.44 GX=0.00 GY=0.00 GZ=0.00 AX=0.00 AY=0.00 AZ=0.00 MX=0.02 MY=0.34 MZ=0.39 SD=1
Time=2545463 High=9349.66 Pressure=291.83 TempIn=-35.75 TempOut=20.37 GX=0.00 GY=0.00 GZ=0.00 AX=0.00 AY=0.00 AZ=0.00 MX=-0.03 MY=0.12 MZ=0.43 SD=1
Time=2548854 High=9378.45 Pressure=290.57 TempIn=-36.13 Te0 MX=-0.49 MY=0.07 MZ=0.32 SD=1
Time=2552175 High=9404.35 Pressure=289.44 TempIn=-36.38 TempOut=20.19 GX=0.00 GY=0.00 GZ=0.00 AX=0.00 AY=0.00 AZ=0.00 MX=-0.27 MY=0.39 MZ=0.41 SD=1
Time=2555473 High=9436.79 Pressure=288.03 TempIn=-36.38 TempOut=20.12 GX=0.00 GY=0.00 GZ=0.00 AX=0.00 AY=0.00 AZ=0.00 MX=0.11 MY=0.35 MZ=0.32 SD=1
Time=2558865 High=9458.73 Pressure=287.08 TempIn=-36.63 TempOut=20.00 GX=0.00 GY=0.00 GZ=0.00 AX=0.00 AY=0.00 AZ=0.00 MX=-0.12 MY=0.04 MZ=0.43 SD=1
Time=2562188 High=9483.96 Pressure=285.99 TempIn=-36.75 TempOut=19.94 GX=0.00 GY=0.00 GZ=0.00 AX=0.00 AY=0.00 AZ=0.00 MX=-0.18 MY=0.02 MZ=0.43 SD=1
Time=2565487 High=9513.23 Pressure=284.73 TempIn=-37.00 TempOut=19.87 GX=0.00 GY=0.00 GZ=0.00 AX=0.00 AY=0.00 AZ=0.00 MX=-0.46 MY=0.01 MZ=0.32 SD=1
Time=2568882 High=9543.54 Pressure=283.43 TempIn=-37.38 TempOut=19.75 GX=0.00 GY=0.00 GZ=0.00 AX=0.00 AY=0.00 AZ=0.00 MX=-0.35 MY=0.25 MZ=0.42 SD=1
Time=2572207 High=9591.32 Pressure=281.39 TempIn=-37.25 TempOut=19.69 GX=0.00 GY=0.00 GZ=0.00 AX=0.00 AY=0.00 AZ=0.00 MX=0.05 MY=0.29 MZ=0.39 SD=1
Time=2575508 High=9590.62 Pressure=281.42 TempIn=-37.38 TempOut=19.62 GX=0.00 GY=0.00 GZ=0.00 AX=0.00 AY=0.00 AZ=0.00 MX=-0.36 MY=0.10 MZ=0.42 SD=1
Time=2578858 High=9615.32 Pressure=280.37 TempIn=-37.63 TempOut=19.50 GX=0.00 GY=0.00 GZ=0.00 AX=0.00 AY=0.00 AZ=0.00 MX=-0.48 MY=0.16 MZ=0.35 SD=1
Time=2582232 High=9657.13 Pressure=278.60 TempIn=-37.75 TempOut=19.44 GX=0.00 GY=0.00 GZ=0.00 AX=0.00 AY=0.00 AZ=0.00 MX=-0.28 MY=0.47 MZ=0.37 SD=1
Time=2585535 High=9673.49 Pressure=277.91 TempIn=-37.75 TempOut=19.31 GX=0.00 GY=0.00 GZ=0.00 AX=0.00 AY=0.00 AZ=0.00 MX=-0.21 MY=0.40 MZ=0.40 SD=1
Time=2588816 High=9724.67 Pressure=275.76 TempIn=-38.00 TempOut=19.25 GX=0.00 GY=0.00 GZ=0.00 AX=0.00 AY=0.00 AZ=0.00 MX=0.14 MY=0.05 MZ=0.32 SD=1
Time=2592289 High=9727.06 Pressure=275.66 TempIn=-38.25 TempOut=19.19 GX=0.00 GY=0.00 GZ=0.00 AX=0.00 AY=0.00 AZ=0.00 MX=-0.25 MY=0.03 MZ=0.44 SD=1
Time=2595596 High=9752.90 Pressure=274.58 TempIn=-38.25 TempOut=19.06 GX=0.00 GY=0.00 GZ=0.00 AX=0.00 AY=0.00 AZ=0.0Time=2598877 High=9782.43 Pressure=273.35 TempIn=-38.50 TempOut=19.00 GX=0.00 GY=0.00 GZ=0.00 AX=0.00 AY=0.00 AZ=0.00 MX=-0.42 MY=0.38 MZ=0.37 SD=1
Time=2602206 High=9814.24 Pressure=272.03 TempIn=-38.50 TempOut=18.87 GX=0.00 GY=0.00 GZ=0.00 AX=0.00 AY=0.00 AZ=0.00 MX=-0.38 MY=0.38 MZ=0.39 SD=1
Time=2605561 High=9834.06 Pressure=271.21 TempIn=-38.63 TempOut=18.81 GX=0.00 GY=0.00 GZ=0.00 AX=0.00 AY=0.00 AZ=0.00 MX=-0.17 MY=0.51 MZ=0.34 SD=1
Time=2608845 High=9849.57 Pressure=270.57 TempIn=-38.63 TempOut=18.75 GX=0.00 GY=0.00 GZ=0.00 AX=0.00 AY=0.00 AZ=0.00 MX=-0.14 MY=0.45 MZ=0.38 SD=1
Time=2612175 High=9894.80 Pressure=268.71 TempIn=-38.63 TempOut=18.62 GX=0.00 GY=0.00 GZ=0.00 AX=0.00 AY=0.00 AZ=0.00 MX=0.06 MY=0.35 MZ=0.37 SD=1
Time=2615531 High=9924.85 Pressure=267.48 TempIn=-38.63 TempOut=18.56 GX=0.00 GY=0.00 GZ=0.00 AX=0.00 AY=0.00 AZ=0.00 MX=-0.03 MY=0.31 MZ=0.41 SD=1
Time=2618817 High=9932.45 Pressure=267.17 TempIn=-38.75 TempOut=18.44 GX=0.00 GY=0.00 GZ=0.00 AX=0.00 AY=0.00 AZ=0.00 MX=-0.18 MY=0.39 MZ=0.43 SD=1
Time=2622150 High=9951.83 Pressure=266.38 TempIn=-39.00 TempOut=18.37 GX=0.00 GY=0.00 GZ=0.00 AX=0.00 AY=0.00 AZ=0.00 MX=-0.42 MY=0.30 MZ=0.40 SD=1
Time=2625460 High=9972.97 Pressure=265.52 TempIn=-39.13 TempOut=18.31 GX=0.00 GY=0.00 GZ=0.00 AX=0.00 AY=0.00 AZ=0.00 MX=-0.37 MY=0.07 MZ=0.40 SD=1
Time=2628795 High=9999.12 Pressure=264.46 TempIn=-39.00 TempOut=18.19 GX=0.00 GY=0.00 GZ=0.00 AX=0.00 AY=0.00 AZ=0.00 MX=0.01 MY=-0.04 MZ=0.38 SD=1
Time=2632129 High=10037.75 Pressure=262.90 TempIn=-39.13 TempOut=18.12 GX=0.00 GY=0.00 GZ=0.00 AX=0.00 AY=0.00 AZ=0.00 MX=0.03 MY=0.38 MZ=0.38 SD=1
Time=2635440 High=10051.41 Pressure=262.35 TempIn=-39.25 TempOut=18.06 GX=0.00 GY=0.00 GZ=0.00 AX=0.00 AY=0.00 AZ=0.00 MX=-0.16 MY=0.44 MZ=0.38 SD=1
Time=2638776 High=10070.08 Pressure=261.60 TempIn=-39.38 TempOut=17.94 GX=0.00 GY=0.00 GZ=0.00 AX=0.00 AY=0.00 AZ=0.Time=2642110 High=10087.05 Pressure=260.92 TempIn=-39.38 TempOut=17.87 GX=0.00 GY=0.00 GZ=0.00 AX=0.00 AY=0.00 AZ=0.00 MX=-0.42 MY=0.26 MZ=0.40 SD=1
Time=2645420 High=10110.81 Pressure=259.97 TempIn=-39.25 TempOut=17.75 GX=0.00 GY=0.00 GZ=0.00 AX=0.00 AY=0.00 AZ=0.00 MX=-0.25 MY=-0.07 MZ=0.40 SD=1
Time=2648706 High=10158.54 Pressure=258.07 TempIn=-39.38 TempOut=17.69 GX=0.00 GY=0.00 GZ=0.00 AX=0.00 AY=0.00 AZ=0.00 MX=0.05 MY=0.22 MZ=0.42 SD=1
Time=2652085 High=10164.34 Pressure=257.84 TempIn=-39.38 TempOut=17.62 GX=0.00 GY=0.00 GZ=0.00 AX=0.00 AY=0.00 AZ=0.00 MX=-0.25 MY=0.49 MZ=0.36 SD=1
empOut=17.50 GX=0.00 GY=0.00 GZ=0.00 AX=0.00 AY=0.00 AZ=0.00 MX=-0.36 MY=0.35 MZ=0.41 SD=1
Time=2658677 High=10213.66 Pressure=255.89 TempIn=-39.38 TempOut=17.44 GX=0.00 GY=0.00 GZ=0.00 AX=0.00 AY=0.00 AZ=0.00 MX=-0.50 MY=0.24 MZ=0.35 SD=1
Time=2662055 High=10232.97 Pressure=255.13 TempIn=-39.63 TempOut=17.37 GX=0.00 GY=0.00 GZ=0.00 AX=0.00 AY=0.00 AZ=0.00 MX=-0.32 MY=0.13 MZ=0.44 SD=1
Time=2665361 High=10252.83 Pressure=254.35 TempIn=-39.75 TempOut=17.25 GX=0.00 GY=0.00 GZ=0.00 AX=0.00 AY=0.00 AZ=0.00 MX=-0.30 MY=0.08 MZ=0.43 SD=1
Time=2668643 High=10284.76 Pressure=253.10 TempIn=-39.88 TempOut=17.19 GX=0.00 GY=0.00 GZ=0.00 AX=0.00 AY=0.00 AZ=0.00 MX=-0.02 MY=-0.03 MZ=0.40 SD=1
Time=2672018 High=10314.26 Pressure=251.95 TempIn=-39.88 TempOut=17.06 GX=0.00 GY=0.00 GZ=0.00 AX=0.00 AY=0.00 AZ=0.00 MX=-0.13 MY=0.01 MZ=0.42 SD=1
Time=2675320 High=10343.60 Pressure=250.81 TempIn=-39.88 TempOut=17.00 GX=0.00 GY=0.00 GZ=0.00 AX=0.00 AY=0.00 AZ=0.00 MX=-0.04 MY=-0.11 MZ=0.35 SD=1
Time=2678668 High=10375.38 Pressure=249.58 TempIn=-40.00 TempOut=16.94 GX=0.00 GY=0.00 GZ=0.00 AX=0.00 AY=0.00 AZ=0.00 MX=-0.02 MY=0.13 MZ=0.44 SD=1
Time=2681992 High=10438.54 Pressure=247.15 TempIn=-40.25 TempOut=16.81 GX=0.00 GY=0.00 GZ=0.00 AX=0.00 AY=0.00 AZ=0.00 MX=0.09 MY=0.11 MZ=0.38 SD=1
Time=2685339 High=10440.89 Pressure=247.06 TempIn=-40.38 TempOut=16.75 GX=0.00 GY=0.00 GZ=0.00 AX=0.00 AY=0.00 AZ=0.00 MX=-0.12 MY=0.34 MZ=0.43 SD=1
Time=2688685 High=10477.78 Pressure=245.65 TempIn=-40.50 TempOut=16.69 GX=0.00 GY=0.00 GZ=0.00 AX=0.00 AY=0.00 AZ=0.00 MX=0.06 MY=0.36 MZ=0.37 SD=1
Time=2692008 High=10491.43 Pressure=245.13 TempIn=-40.38 TempOut=16.56 GX=0.00 GY=0.00 GZ=0.00 AX=0.00 AY=0.00 AZ=0.00 MX=-0.12 MY=0.54 MZ=0.32 SD=1
Time=2695355 High=10509.05 Pressure=244.46 TempIn=-40.38 TempOut=16.50 GX=0.00 GY=0.00 GZ=0.00 AX=0.00 AY=0.00 AZ=0.00 MX=-0.07 MY=0.39 MZ=0.41 SD=1
Time=2698700 High=10540.71 Pressure=243.26 TempIn=-40.38 TempOut=16.37 GX=0.00 GY=0.00 GZ=0.00 AX=0.00 AY=0.00 AZ=0.00 MX=-0.08 MY=0.46 MZ=0.37 SD=1
Time=2702022 High=10560.29 Pressure=242.52 TempIn=-40.25 T00 MX=-0.24 MY=0.35 MZ=0.44 SD=1
Time=2705319 High=10576.74 Pressure=241.90 TempIn=-40.25 TempOut=16.19 GX=0.00 GY=0.00 GZ=0.00 AX=0.00 AY=0.00 AZ=0.00 MX=-0.48 MY=0.21 MZ=0.36 SD=1
Time=2708710 High=10611.60 Pressure=240.59 TempIn=-40.25 TempOut=16.12 GX=0.00 GY=0.00 GZ=0.00 AX=0.00 AY=0.00 AZ=0.00 MX=-0.05 MY=0.05 MZ=0.43 SD=1
Time=2712030 High=10669.42 Pressure=238.43 TempIn=-40.50 TempOut=16.06 GX=0.00 GY=0.00 GZ=0.00 AX=0.00 AY=0.00 AZ=0.00 MX=0.03 MY=0.36 MZ=0.39 SD=1
Time=2715324 High=10677.75 Pressure=238.12 TempIn=-40.75 TempOut=15.94 GX=0.00 GY=0.00 GZ=0.00 AX=0.00 AY=0.00 AZ=0.00 MX=-0.19 MY=0.48 MZ=0.39 SD=1
Time=2718714 High=10716.30 Pressure=236.69 TempIn=-40.63 TempOut=15.88 GX=0.00 GY=0.00 GZ=0.00 AX=0.00 AY=0.00 AZ=0.00 MX=-0.35 MY=0.48 MZ=0.34 SD=1
Time=2722032 High=10732.26 Pressure=236.10 TempIn=-40.75 TempOut=15.81 GX=0.00 GY=0.00 GZ=0.00 AX=0.00 AY=0.00 AZ=0.00 MX=-0.43 MY=0.28 MZ=0.39 SD=1
empOut=15.69 GX=0.00 GY=0.00 GZ=0.00 AX=0.00 AY=0.00 AZ=0.00 MX=-0.40 MY=0.16 MZ=0.41 SD=1
Time=2728711 High=10783.61 Pressure=234.21 TempIn=-41.00 TempOut=15.63 GX=0.00 GY=0.00 GZ=0.00 AX=0.00 AY=0.00 AZ=0.00 MX=-0.16 MY=0.01 MZ=0.42 SD=1
Time=2732025 High=10858.93 Pressure=231.46 TempIn=-41.13 TempOut=15.56 GX=0.00 GY=0.00 GZ=0.00 AX=0.00 AY=0.00 AZ=0.00 MX=0.07 MY=0.06 MZ=0.38 SD=1
Time=2735315 High=10846.83 Pressure=231.90 TempIn=-41.25 TempOut=15.44 GX=0.00 GY=0.00 GZ=0.00 AX=0.00 AY=0.00 AZ=0.00 MX=0.07 MY=0.32 MZ=0.38 SD=1
Time=2738651 High=10886.22 Pressure=230.47 TempIn=-41.13 TempOut=15.38 GX=0.00 GY=0.00 GZ=0.00 AX=0.00 AY=0.00 AZ=0.00 MX=-0.01 MY=0.41 MZ=0.39 SD=1
Time=2742012 High=10901.70 Pressure=229.91 TempIn=-41.13 TempOut=15.31 GX=0.00 GY=0.00 GZ=0.00 AX=0.00 AY=0.00 AZ=0.00 MX=-0.10 MY=0.42 MZ=0.40 SD=1
Time=2745300 High=10935.80 Pressure=228.68 TempIn=-41.13 TempOut=15.19 GX=0.00 GY=0.00 GZ=0.00 AX=0.00 AY=0.00 AZ=0.00 MX=-0.25 MY=0.37 MZ=0.44 SD=1
Time=2748635 High=10962.25 Pressure=227.73 TempIn=-41.25 TempOut=15.13 GX=0.00 GY=0.00 GZ=0.00 AX=0.00 AY=0.00 AZ=0.00 MX=-0.45 MY=0.23 MZ=0.38 SD=1
Time=2751994 High=10982.35 Pressure=227.01 TempIn=-41.50 TempOut=15.06 GX=0.00 GY=0.00 GZ=0.00 AX=0.00 AY=0.00 AZ=0.00 MX=-0.39 MY=0.03 MZ=0.38 SD=1
Time=2755280 High=11004.19 Pressure=226.23 TempIn=-41.50 TempOut=14.94 GX=0.00 GY=0.00 GZ=0.00 AX=0.00 AY=0.00 AZ=0.00 MX=-0.29 MY=-0.01 MZ=0.40 SD=1
Time=2758612 High=11040.43 Pressure=224.94 TempIn=-41.75 TempOut=14.88 GX=0.00 GY=0.00 GZ=0.00 AX=0.00 AY=0.00 AZ=0.00 MX=-0.09 MY=0.02 MZ=0.42 SD=1
Time=2761919 High=11068.08 Pressure=223.96 TempIn=-41.63 TempOut=14.81 GX=0.00 GY=0.00 GZ=0.00 AX=0.00 AY=0.00 AZ=0.00 MX=-0.06 MY=0.17 MZ=0.44 SD=1
Time=2765249 High=11120.26 Pressure=222.12 TempIn=-41.88 TempOut=14.69 GX=0.00 GY=0.00 GZ=0.00 AX=0.00 AY=0.00 AZ=0.00 MX=0.12 MY=0.34 MZ=0.34 SD=1
Time=2768578 High=11137.35 Pressure=221.52 TempIn=-41.63 TempOut=14.63 GX=0.00 GY=0.00 GZ=0.00 AX=0.00 AY=0.00 AZ=0.00 MX=0.02 MY=0.46 MZ=0.35 SD=1
Time=2771884 High=11180.81 Pressure=220.00 TempIn=-41.75 TempOut=14.56 GX=0.00 GY=0.00 GZ=0.00 AX=0.00 AY=0.00 AZ=0.00 MX=0.07 MY=0.24 MZ=0.41 SD=1
Time=2775214 High=11208.10 Pressure=219.05 TempIn=-41.63 T00 MX=0.04 MY=0.41 MZ=0.36 SD=1
empOut=14.38 GX=0.00 GY=0.00 GZ=0.00 AX=0.00 AY=0.00 AZ=0.00 MX=-0.03 MY=0.32 MZ=0.44 SD=1
Time=2781851 High=11238.08 Pressure=218.01 TempIn=-41.63 TempOut=14.31 GX=0.00 GY=0.00 GZ=0.00 AX=0.00 AY=0.00 AZ=0.Time=2785133 High=11257.46 Pressure=217.34 TempIn=-41.63 TempOut=14.25 GX=0.00 GY=0.00 GZ=0.00 AX=0.00 AY=0.00 AZ=0.00 MX=-0.43 MY=0.19 MZ=0.40 SD=1
Time=2788510 High=11299.56 Pressure=215.89 TempIn=-41.63 TempOut=14.13 GX=0.00 GY=0.00 GZ=0.00 AX=0.00 AY=0.00 AZ=0.00 MX=-0.15 MY=-0.04 MZ=0.40 SD=1
Time=2791815 High=11346.87 Pressure=214.27 TempIn=-41.38 TempOut=14.06 GX=0.00 GY=0.00 GZ=0.00 AX=0.00 AY=0.00 AZ=0.00 MX=-0.02 MY=0.22 MZ=0.45 SD=1
Time=2795094 High=11353.03 Pressure=214.06 TempIn=-41.38 TempOut=14.00 GX=0.00 GY=0.00 GZ=0.00 AX=0.00 AY=0.00 AZ=0.00 MX=-0.45 MY=0.24 MZ=0.37 SD=1
Time=2798468 High=11409.82 Pressure=212.13 TempIn=-41.50 TempOut=13.94 GX=0.00 GY=0.00 GZ=0.00 AX=0.00 AY=0.00 AZ=0.00 MX=-0.03 MY=0.17 MZ=0.44 SD=1
Time=2801770 High=11433.78 Pressure=211.32 TempIn=-41.75 TempOut=13.81 GX=0.00 GY=0.00 GZ=0.00 AX=0.00 AY=0.00 AZ=0.00 MX=-0.16 MY=0.57 MZ=0.31 SD=1
Time=2805118 High=11445.93 Pressure=210.91 TempIn=-41.63 TempOut=13.75 GX=0.00 GY=0.00 GZ=0.00 AX=0.00 AY=0.00 AZ=0.00 MX=-0.31 MY=0.35 MZ=0.43 SD=1
Time=2808489 High=11481.62 Pressure=209.71 TempIn=-41.75 TempOut=13.69 GX=0.00 GY=0.00 GZ=0.00 AX=0.00 AY=0.00 AZ=0.00 MX=-0.42 MY=0.49 MZ=0.31 SD=1
Time=2811788 High=11500.42 Pressure=209.08 TempIn=-41.88 TempOut=13.56 GX=0.00 GY=0.00 GZ=0.00 AX=0.00 AY=0.00 AZ=0.00 MX=-0.34 MY=0.18 MZ=0.43 SD=1
Time=2815134 High=11523.76 Pressure=208.30 TempIn=-41.75 TempOut=13.50 GX=0.00 GY=0.00 GZ=0.00 AX=0.00 AY=0.00 AZ=0.00 MX=-0.47 MY=0.17 MZ=0.36 SD=1
Time=2818456 High=11557.70 Pressure=207.17 TempIn=-41.88 TempOut=13.44 GX=0.00 GY=0.00 GZ=0.00 AX=0.00 AY=0.00 AZ=0.00 MX=-0.33 MY=0.18 MZ=0.43 SD=1
Time=2821802 High=11582.73 Pressure=206.34 TempIn=-42.00 TempOut=13.38 GX=0.00 GY=0.00 GZ=0.00 AX=0.00 AY=0.00 AZ=0.00 MX=-0.43 MY=0.19 MZ=0.40 SD=1
empOut=13.06 GX=0.00 GY=0.00 GZ=0.00 AX=0.00 AY=0.00 AZ=0.00 MX=-0.36 MY=0.27 MZ=0.43 SD=1
Time=2838470 High=11732.78 Pressure=201.42 TempIn=-42.63 TempOut=12.94 GX=0.00 GY=0.00 GZ=0.00 AX=0.00 AY=0.00 AZ=0.00 MX=-0.42 MY=0.25 MZ=0.40 SD=1
Time=2841763 High=11749.43 Pressure=200.88 TempIn=-42.50 TempOut=12.88 GX=0.00 GY=0.00 GZ=0.00 AX=0.00 AY=0.00 AZ=0.00 MX=-0.43 MY=0.22 MZ=0.40 SD=1
Time=2845151 High=11778.81 Pressure=199.93 TempIn=-42.38 TempOut=12.81 GX=0.00 GY=0.00 GZ=0.00 AX=0.00 AY=0.00 AZ=0.00 MX=-0.23 MY=-0.07 MZ=0.39 SD=1
Time=2848467 High=11840.71 Pressure=197.94 TempIn=-42.25 TempOut=12.75 GX=0.00 GY=0.00 GZ=0.00 AX=0.00 AY=0.00 AZ=0.00 MX=0.08 MY=0.09 MZ=0.39 SD=1
Time=2851757 High=11831.97 Pressure=198.22 TempIn=-42.38 TempOut=12.63 GX=0.00 GY=0.00 GZ=0.00 AX=0.00 AY=0.00 AZ=0.00 MX=-0.09 MY=0.43 MZ=0.41 SD=1
Time=2855143 High=11852.28 Pressure=197.57 TempIn=-42.63 TempOut=12.56 GX=0.00 GY=0.00 GZ=0.00 AX=0.00 AY=0.00 AZ=0.00 MX=-0.30 MY=0.39 MZ=0.41 SD=1
Time=2858457 High=11872.33 Pressure=196.93 TempIn=-42.75 TempOut=12.50 GX=0.00 GY=0.00 GZ=0.00 AX=0.00 AY=0.00 AZ=0.00 MX=-0.38 MY=0.19 MZ=0.42 SD=1
Time=2861746 High=11886.14 Pressure=196.49 TempIn=-42.63 TempOut=12.38 GX=0.00 GY=0.00 GZ=0.00 AX=0.00 AY=0.00 AZ=0.00 MX=-0.32 MY=-0.00 MZ=0.41 SD=1
Time=2865130 High=11958.75 Pressure=194.19 TempIn=-42.63 TempOut=12.31 GX=0.00 GY=0.00 GZ=0.00 AX=0.00 AY=0.00 AZ=0.00 MX=0.03 MY=0.06 MZ=0.40 SD=1
Time=2868440 High=11969.55 Pressure=193.85 TempIn=-42.63 TempOut=12.25 GX=0.00 GY=0.00 GZ=0.00 AX=0.00 AY=0.00 AZ=0.00 MX=-0.02 MY=0.43 MZ=0.38 SD=1
Time=2871727 High=11976.86 Pressure=193.62 TempIn=-42.88 TempOut=12.19 GX=0.00 GY=0.00 GZ=0.00 AX=0.00 AY=0.00 AZ=0.00 MX=-0.21 MY=0.33 MZ=0.45 SD=1
empOut=12.06 GX=0.00 GY=0.00 GZ=0.00 AX=0.00 AY=0.00 AZ=0.00 MX=-0.44 MY=0.30 MZ=0.39 SD=1
Time=2878418 High=12036.55 Pressure=191.75 TempIn=-43.00 TempOut=12.00 GX=0.00 GY=0.00 GZ=0.00 AX=0.00 AY=0.00 AZ=0.00 MX=-0.30 MY=0.06 MZ=0.43 SD=1
Time=2881702 High=12054.52 Pressure=191.19 TempIn=-43.00 TempOut=11.94 GX=0.00 GY=0.00 GZ=0.00 AX=0.00 AY=0.00 AZ=0.00 MX=-0.12 MY=-0.08 MZ=0.38 SD=1
Time=2885032 High=12104.16 Pressure=189.65 TempIn=-42.88 TempOut=11.88 GX=0.00 GY=0.00 GZ=0.00 AX=0.00 AY=0.00 AZ=0.00 MX=-0.01 MY=0.29 MZ=0.42 SD=1
Time=2888386 High=12127.15 Pressure=188.94 TempIn=-43.00 TempOut=11.75 GX=0.00 GY=0.00 GZ=0.00 AX=0.00 AY=0.00 AZ=0.00 MX=-0.27 MY=0.53 MZ=0.33 SD=1
Time=2891666 High=12145.66 Pressure=188.37 TempIn=-43.13 TempOut=11.69 GX=0.00 GY=0.00 GZ=0.00 AX=0.00 AY=0.00 AZ=0.00 MX=-0.21 MY=0.38 MZ=0.43 SD=1
Time=2894994 High=12164.54 Pressure=187.79 TempIn=-43.00 TempOut=11.63 GX=0.00 GY=0.00 GZ=0.00 AX=0.00 AY=0.00 AZ=0.00 MX=-0.42 MY=0.31 MZ=0.40 SD=1
Time=2898298 High=12200.16 Pressure=186.70 TempIn=-43.13 TempOut=11.56 GX=0.00 GY=0.00 GZ=0.00 AX=0.00 AY=0.00 AZ=0.00 MX=-0.52 MY=0.21 MZ=0.33 SD=1
Time=2901627 High=12244.83 Pressure=185.34 TempIn=-43.38 TempOut=11.44 GX=0.00 GY=0.00 GZ=0.00 AX=0.00 AY=0.00 AZ=0.00 MX=-0.33 MY=0.07 MZ=0.42 SD=1
Time=2904951 High=12269.24 Pressure=184.60 TempIn=-43.63 TempOut=11.38 GX=0.00 GY=0.00 GZ=0.00 AX=0.00 AY=0.00 AZ=0.00 MX=-0.32 MY=0.00 MZ=0.41 SD=1
Time=2908253 High=12292.75 Pressure=183.89 TempIn=-43.75 TempOut=11.31 GX=0.00 GY=0.00 GZ=0.00 AX=0.00 AY=0.00 AZ=0.00 MX=-0.16 MY=0.02 MZ=0.43 SD=1
Time=2911649 High=12316.99 Pressure=183.16 TempIn=-43.63 TempOut=11.25 GX=0.00 GY=0.00 GZ=0.00 AX=0.00 AY=0.00 AZ=0.00 MX=-0.09 MY=0.06 MZ=0.44 SD=1
Time=2914971 High=12347.99 Pressure=182.23 TempIn=-43.63 TempOut=11.19 GX=0.00 GY=0.00 GZ=0.00 AX=0.00 AY=0.00 AZ=0.00 MX=0.02 MY=0.03 MZ=0.40 SD=1
Time=2918270 High=12367.05 Pressure=181.66 TempIn=-43.75 TempOut=11.06 GX=0.00 GY=0.00 GZ=0.00 AX=0.00 AY=0.00 AZ=0.00 MX=-0.09 MY=0.05 MZ=0.44 SD=1
Time=2921665 High=12385.15 Pressure=181.12 TempIn=-44.00 TempOut=11.00 GX=0.00 GY=0.00 GZ=0.00 AX=0.00 AY=0.00 AZ=0.00 MX=-0.22 MY=-0.03 MZ=0.41 SD=1
Time=2924987 High=12412.72 Pressure=180.30 TempIn=-44.13 TempOut=10.94 GX=0.00 GY=0.00 GZ=0.00 AX=0.00 AY=0.00 AZ=0.00 MX=-0.33 MY=0.06 MZ=0.43 SD=1
Time=2928282 High=12437.35 Pressure=179.57 TempIn=-44.25 TempOut=10.88 GX=0.00 GY=0.00 GZ=0.00 AX=0.00 AY=0.00 AZ=0.Time=2931625 High=12469.53 Pressure=178.62 TempIn=-44.50 TempOut=10.81 GX=0.00 GY=0.00 GZ=0.00 AX=0.00 AY=0.00 AZ=0.00 MX=-0.46 MY=0.13 MZ=0.36 SD=1
Time=2934993 High=12499.46 Pressure=177.74 TempIn=-44.50 TempOut=10.69 GX=0.00 GY=0.00 GZ=0.00 AX=0.00 AY=0.00 AZ=0.00 MX=-0.22 MY=0.44 MZ=0.41 SD=1
Time=2938288 High=12541.16 Pressure=176.52 TempIn=-44.25 TempOut=10.63 GX=0.00 GY=0.00 GZ=0.00 AX=0.00 AY=0.00 AZ=0.00 MX=-0.07 MY=0.48 MZ=0.36 SD=1
Time=2941629 High=12590.67 Pressure=175.08 TempIn=-44.25 TempOut=10.56 GX=0.00 GY=0.00 GZ=0.00 AX=0.00 AY=0.00 AZ=0.00 MX=0.09 MY=0.24 MZ=0.39 SD=1
Time=2944995 High=12623.86 Pressure=174.12 TempIn=-44.25 TempOut=10.50 GX=0.00 GY=0.00 GZ=0.00 AX=0.00 AY=0.00 AZ=0.00 MX=0.00 MY=0.02 MZ=0.40 SD=1
Time=2948288 High=12620.74 Pressure=174.21 TempIn=-44.50 TempOut=10.44 GX=0.00 GY=0.00 GZ=0.00 AX=0.00 AY=0.00 AZ=0.00 MX=-0.08 MY=0.05 MZ=0.43 SD=1
Time=2951626 High=12655.11 Pressure=173.22 TempIn=-44.75 TempOut=10.38 GX=0.00 GY=0.00 GZ=0.00 AX=0.00 AY=0.00 AZ=0.00 MX=0.02 MY=0.08 MZ=0.42 SD=1
Time=2954939 High=12688.25 Pressure=172.27 TempIn=-44.63 TempOut=10.31 GX=0.00 GY=0.00 GZ=0.00 AX=0.00 AY=0.00 AZ=0.00 MX=-0.04 MY=0.07 MZ=0.43 SD=1
Time=2958376 High=12749.31 Pressure=170.53 TempIn=-44.50 TempOut=10.56 GX=0.00 GY=0.00 GZ=0.00 AX=0.00 AY=0.00 AZ=0.00 MX=0.12 MY=0.24 MZ=0.38 SD=1
Time=2961712 High=12776.85 Pressure=169.75 TempIn=-44.63 TempOut=10.88 GX=0.00 GY=0.00 GZ=0.00 AX=0.00 AY=0.00 AZ=0.00 MX=0.03 MY=0.12 MZ=0.42 SD=1
Time=2965025 High=12808.05 Pressure=168.87 TempIn=-44.63 TempOut=9.25 GX=0.00 GY=0.00 GZ=0.00 AX=0.00 AY=0.00 AZ=0.00 MX=0.11 MY=0.15 MZ=0.39 SD=1
Time=2968363 High=12823.34 Pressure=168.44 TempIn=-44.63 TempOut=9.81 GX=0.00 GY=0.00 GZ=0.00 AX=0.00 AY=0.00 AZ=0.00 MX=0.01 MY=-0.04 MZ=0.38 SD=1
Time=2971701 High=12881.23 Pressure=166.82 TempIn=-44.88 TempOut=10.00 GX=0.00 GY=0.00 GZ=0.00 AX=0.00 AY=0.00 AZ=0.00 MX=-0.03 MY=0.08 MZ=0.44 SD=1
Time=2975020 High=12922.24 Pressure=165.68 TempIn=-44.88 TempOut=9.88 GX=0.00 GY=0.00 GZ=0.00 AX=0.00 AY=0.00 AZ=0.00 MX=0.06 MY=0.19 MZ=0.40 SD=1
Time=2978314 High=12934.88 Pressure=165.33 TempIn=-45.13 TempOut=8.94 GX=0.00 GY=0.00 GZ=0.00 AX=0.00 AY=0.00 AZ=0.00 MX=0.04 MY=0.31 MZ=0.40 SD=1
Time=2981705 High=12947.54 Pressure=164.98 TempIn=-45.25 TempOut=9.94 GX=0.00 GY=0.00 GZ=0.00 AX=0.00 AY=0.00 AZ=0.00 MX=-0.07 MY=0.36 MZ=0.43 SD=1
Time=2985026 High=12964.93 Pressure=164.50 TempIn=-45.50 TempOut=9.38 GX=0.00 GY=0.00 GZ=0.00 AX=0.00 AY=0.00 AZ=0.00 MX=-0.20 MY=0.47 MZ=0.39 SD=1
Time=2988324 High=12970.01 Pressure=164.36 TempIn=-45.63 TempOut=8.56 GX=0.00 GY=0.00 GZ=0.00 AX=0.00 AY=0.00 AZ=0.00 MX=-0.30 MY=0.49 MZ=0.37 SD=1
Time=2991718 High=12993.65 Pressure=163.71 TempIn=-45.75 TempOut=9.38 GX=0.00 GY=0.00 GZ=0.00 AX=0.00 AY=0.00 AZ=0.00 MX=-0.32 MY=0.39 MZ=0.41 SD=1
Time=2995041 High=13020.29 Pressure=162.98 TempIn=-45.88 TempOut=9.31 GX=0.00 GY=0.00 GZ=0.00 AX=0.00 AY=0.00 AZ=0.00 MX=-0.52 MY=0.29 MZ=0.33 SD=1
Time=2998340 High=13062.82 Pressure=161.82 TempIn=-46.13 TempOut=9.19 GX=0.00 GY=0.00 GZ=0.00 AX=0.00 AY=0.00 AZ=0.00 MX=-0.37 MY=0.30 MZ=0.42 SD=1
Time=3001736 High=13092.30 Pressure=161.02 TempIn=-46.13 TempOut=9.13 GX=0.00 GY=0.00 GZ=0.00 AX=0.00 AY=0.00 AZ=0.00 MX=-0.33 MY=0.06 MZ=0.41 SD=1
Time=3005061 High=13115.96 Pressure=160.38 TempIn=-46.00 TempOut=9.06 GX=0.00 GY=0.00 GZ=0.00 AX=0.00 AY=0.00 AZ=0.00 MX=-0.17 MY=0.06 MZ=0.45 SD=1
Time=3008362 High=13138.59 Pressure=159.77 TempIn=-46.13 TempOut=9.00 GX=0.00 GY=0.00 GZ=0.00 AX=0.00 AY=0.00 AZ=0.00 MX=-0.15 MY=-0.06 MZ=0.39 SD=1
Time=3011710 High=13159.05 Pressure=159.22 TempIn=-46.00 TempOut=8.94 GX=0.00 GY=0.00 GZ=0.00 AX=0.00 AY=0.00 AZ=0.00 MX=-0.06 MY=0.03 MZ=0.41 SD=1
Time=3015083 High=13184.80 Pressure=158.53 TempIn=-46.25 TempOut=8.88 GX=0.00 GY=0.00 GZ=0.00 AX=0.00 AY=0.00 AZ=0.00 MX=-0.23 MY=-0.09 MZ=0.36 SD=1
Time=3018383 High=13209.15 Pressure=157.88 TempIn=-46.25 TempOut=8.81 GX=0.00 GY=0.00 GZ=0.00 AX=0.00 AY=0.00 AZ=0.00 MX=-0.05 MY=-0.03 MZ=0.39 SD=1
Time=3021728 High=13265.63 Pressure=156.38 TempIn=-46.00 TempOut=8.69 GX=0.00 GY=0.00 GZ=0.00 AX=0.00 AY=0.00 AZ=0.00 MX=0.08 MY=0.24 MZ=0.40 SD=1
Time=3025099 High=13263.74 Pressure=156.43 TempIn=-46.25 TempOut=8.63 GX=0.00 GY=0.00 GZ=0.00 AX=0.00 AY=0.00 AZ=0.00 MX=-0.25 MY=0.47 MZ=0.38 SD=1
Time=3028399 High=13285.69 Pressure=155.85 TempIn=-46.25 TempOut=8.56 GX=0.00 GY=0.00 GZ=0.00 AX=0.00 AY=0.00 AZ=0.00 MX=-0.37 MY=0.28 MZ=0.43 SD=1
Time=3031747 High=13306.19 Pressure=155.31 TempIn=-46.50 TempOut=8.44 GX=0.00 GY=0.00 GZ=0.00 AX=0.00 AY=0.00 AZ=0.00 MX=-0.30 MY=0.05 MZ=0.44 SD=1
Time=3035070 High=13384.54 Pressure=153.26 TempIn=-46.50 TempOut=8.38 GX=0.00 GY=0.00 GZ=0.00 AX=0.00 AY=0.00 AZ=0.00 MX=0.04 MY=0.07 MZ=0.39 SD=1
Time=3038420 High=13390.30 Pressure=153.11 TempIn=-46.63 TempOut=8.31 GX=0.00 GY=0.00 GZ=0.00 AX=0.00 AY=0.00 AZ=0.00 MX=0.02 MY=0.37 MZ=0.38 SD=1
Time=3041697 High=13386.08 Pressure=153.22 TempIn=-46.50 TempOut=8.25 GX=0.00 GY=0.00 GZ=0.00 AX=0.00 AY=0.00 AZ=0.00 MX=-0.26 MY=0.51 MZ=0.35 SD=1
Time=3045021 High=13408.79 Pressure=152.63 TempIn=-46.63 TempOut=8.19 GX=0.00 GY=0.00 GZ=0.00 AX=0.00 AY=0.00 AZ=0.00 MX=-0.30 MY=0.29 MZ=0.45 SD=1
Time=3048372 High=13448.60 Pressure=151.60 TempIn=-46.75 TempOut=8.06 GX=0.00 GY=0.00 GZ=0.00 AX=0.00 AY=0.00 AZ=0.00 MX=-0.35 MY=0.44 MZ=0.39 SD=1
Time=3051650 High=13480.46 Pressure=150.78 TempIn=-46.75 TempOut=8.00 GX=0.00 GY=0.00 GZ=0.00 AX=0.00 AY=0.00 AZ=0.00 MX=-0.35 MY=0.46 MZ=0.37 SD=1
Time=3054976 High=13498.00 Pressure=150.33 TempIn=-46.75 TempOut=7.94 GX=0.00 GY=0.00 GZ=0.00 AX=0.00 AY=0.00 AZ=0.00 MX=-0.41 MY=0.35 MZ=0.39 SD=1
Time=3058279 High=13517.94 Pressure=149.82 TempIn=-46.88 TempOut=7.87 GX=0.00 GY=0.00 GZ=0.00 AX=0.00 AY=0.00 AZ=0.00 MX=-0.44 MY=0.40 MZ=0.35 SD=1
Time=3061608 High=13550.89 Pressure=148.98 TempIn=-47.13 TempOut=7.75 GX=0.00 GY=0.00 GZ=0.00 AX=0.00 AY=0.00 AZ=0.00 MX=-0.37 MY=0.36 MZ=0.42 SD=1
Time=3064936 High=13588.73 Pressure=148.02 TempIn=-47.00 TempOut=7.69 GX=0.00 GY=0.00 GZ=0.00 AX=0.00 AY=0.00 AZ=0.00 MX=-0.10 MY=0.41 MZ=0.42 SD=1
Time=3068244 High=13621.61 Pressure=147.19 TempIn=-47.00 TempOut=7.62 GX=0.00 GY=0.00 GZ=0.00 AX=0.00 AY=0.00 AZ=0.00 MX=0.07 MY=0.25 MZ=0.40 SD=1
Time=3071577 High=13612.08 Pressure=147.43 TempIn=-47.00 TempOut=7.56 GX=0.00 GY=0.00 GZ=0.00 AX=0.00 AY=0.00 AZ=0.00 MX=-0.12 MY=0.08 MZ=0.45 SD=1
Time=3074907 High=13643.87 Pressure=146.63 TempIn=-47.25 T0 MX=-0.41 MY=0.06 MZ=0.38 SD=1
0 MX=-0.39 MY=0.14 MZ=0.41 SD=1
Time=3081500 High=13692.22 Pressure=145.42 TempIn=-47.25 TempOut=7.31 GX=0.00 GY=0.00 GZ=0.00 AX=0.00 AY=0.00 AZ=0.00 MX=-0.47 MY=0.14 MZ=0.37 SD=1
Time=3084881 High=13717.12 Pressure=144.80 TempIn=-47.38 TempOut=7.25 GX=0.00 GY=0.00 GZ=0.00 AX=0.00 AY=0.00 AZ=0.00 MX=-0.47 MY=0.19 MZ=0.39 SD=1
Time=3088190 High=13757.47 Pressure=143.80 TempIn=-47.38 TempOut=7.19 GX=0.00 GY=0.00 GZ=0.00 AX=0.00 AY=0.00 AZ=0.00 MX=-0.41 MY=0.21 MZ=0.42 SD=1
Time=3091475 High=13776.92 Pressure=143.32 TempIn=-47.50 TempOut=7.12 GX=0.00 GY=0.00 GZ=0.00 AX=0.00 AY=0.00 AZ=0.00 MX=-0.37 MY=0.17 MZ=0.43 SD=1
Time=3094856 High=13815.15 Pressure=142.38 TempIn=-47.38 TempOut=7.00 GX=0.00 GY=0.00 GZ=0.00 AX=0.00 AY=0.00 AZ=0.00 MX=-0.44 MY=0.17 MZ=0.39 SD=1
Time=3098165 High=13847.04 Pressure=141.60 TempIn=-47.63 TempOut=6.94 GX=0.00 GY=0.00 GZ=0.00 AX=0.00 AY=0.00 AZ=0.00 MX=-0.47 MY=0.25 MZ=0.38 SD=1
Time=3101451 High=13886.06 Pressure=140.65 TempIn=-47.88 TempOut=6.87 GX=0.00 GY=0.00 GZ=0.00 AX=0.00 AY=0.00 AZ=0.00 MX=-0.46 MY=0.20 MZ=0.37 SD=1
Time=3104834 High=13912.06 Pressure=140.02 TempIn=-48.13 TempOut=6.81 GX=0.00 GY=0.00 GZ=0.00 AX=0.00 AY=0.00 AZ=0.00 MX=-0.42 MY=0.20 MZ=0.42 SD=1
Time=3108144 High=13931.10 Pressure=139.56 TempIn=-48.00 TempOut=6.69 GX=0.00 GY=0.00 GZ=0.00 AX=0.00 AY=0.00 AZ=0.00 MX=-0.39 MY=0.11 MZ=0.41 SD=1
Time=3111431 High=13952.69 Pressure=139.04 TempIn=-47.88 TempOut=6.62 GX=0.00 GY=0.00 GZ=0.00 AX=0.00 AY=0.00 AZ=0.00 MX=-0.39 MY=0.11 MZ=0.40 SD=1
Time=3114765 High=13970.59 Pressure=138.61 TempIn=-47.88 TempOut=6.56 GX=0.00 GY=0.00 GZ=0.00 AX=0.00 AY=0.00 AZ=0.00 MX=-0.45 MY=0.23 MZ=0.39 SD=1
Time=3118126 High=14003.59 Pressure=137.82 TempIn=-48.00 TempOut=6.50 GX=0.00 GY=0.00 GZ=0.00 AX=0.00 AY=0.00 AZ=0.00 MX=-0.38 MY=0.38 MZ=0.40 SD=1
Time=3121414 High=14045.59 Pressure=136.82 TempIn=-48.00 TempOut=6.44 GX=0.00 GY=0.00 GZ=0.00 AX=0.00 AY=0.00 AZ=0.00 MX=-0.05 MY=0.44 MZ=0.39 SD=1
Time=3124751 High=14062.88 Pressure=136.41 TempIn=-47.88 TempOut=6.31 GX=0.00 GY=0.00 GZ=0.00 AX=0.00 AY=0.00 AZ=0.00 MX=0.06 MY=0.30 MZ=0.40 SD=1
Time=3128113 High=14128.63 Pressure=134.86 TempIn=-47.88 TempOut=6.25 GX=0.00 GY=0.00 GZ=0.00 AX=0.00 AY=0.00 AZ=0.00 MX=0.17 MY=0.18 MZ=0.33 SD=1
Time=3131403 High=14168.38 Pressure=133.93 TempIn=-47.88 TempOut=6.19 GX=0.00 GY=0.00 GZ=0.00 AX=0.00 AY=0.00 AZ=0.00 MX=0.02 MY=0.12 MZ=0.42 SD=1
Time=3134743 High=14182.10 Pressure=133.61 TempIn=-48.00 TempOut=6.12 GX=0.00 GY=0.00 GZ=0.00 AX=0.00 AY=0.00 AZ=0.00 MX=0.01 MY=0.46 MZ=0.35 SD=1
Time=3138061 High=14186.40 Pressure=133.51 TempIn=-48.00 TempOut=6.00 GX=0.00 GY=0.00 GZ=0.00 AX=0.00 AY=0.00 AZ=0.00 MX=-0.23 MY=0.43 MZ=0.42 SD=1
Time=3141406 High=14216.97 Pressure=132.80 TempIn=-48.38 TempOut=5.94 GX=0.00 GY=0.00 GZ=0.00 AX=0.00 AY=0.00 AZ=0.00 MX=-0.41 MY=0.20 MZ=0.40 SD=1
Time=3144749 High=14245.07 Pressure=132.15 TempIn=-48.50 TempOut=5.87 GX=0.00 GY=0.00 GZ=0.00 AX=0.00 AY=0.00 AZ=0.00 MX=-0.27 MY=-0.06 MZ=0.38 SD=1
Time=3148069 High=14269.81 Pressure=131.58 TempIn=-48.38 TempOut=5.81 GX=0.00 GY=0.00 GZ=0.00 AX=0.00 AY=0.00 AZ=0.00 MX=-0.10 MY=0.05 MZ=0.43 SD=1
Time=3151414 High=14350.26 Pressure=129.74 TempIn=-48.50 TempOut=5.75 GX=0.00 GY=0.00 GZ=0.00 AX=0.00 AY=0.00 AZ=0.00 MX=-0.10 MY=0.51 MZ=0.36 SD=1
Time=3154756 High=14372.73 Pressure=129.23 TempIn=-48.50 TempOut=5.62 GX=0.00 GY=0.00 GZ=0.00 AX=0.00 AY=0.00 AZ=0.00 MX=-0.23 MY=0.50 MZ=0.38 SD=1
0 MX=-0.44 MY=0.29 MZ=0.38 SD=1
Time=3161372 High=14422.75 Pressure=128.10 TempIn=-48.50 TempOut=5.50 GX=0.00 GY=0.00 GZ=0.00 AX=0.00 AY=0.00 AZ=0.00 MX=-0.26 MY=0.16 MZ=0.45 SD=1
Time=3164765 High=14458.83 Pressure=127.29 TempIn=-48.88 TempOut=5.44 GX=0.00 GY=0.00 GZ=0.00 AX=0.00 AY=0.00 AZ=0.00 MX=-0.20 MY=-0.06 MZ=0.39 SD=1
Time=3168086 High=14488.82 Pressure=126.62 TempIn=-48.75 TempOut=5.31 GX=0.00 GY=0.00 GZ=0.00 AX=0.00 AY=0.00 AZ=0.00 MX=-0.20 MY=0.02 MZ=0.43 SD=1
Time=3171382 High=14513.53 Pressure=126.07 TempIn=-48.75 TempOut=5.25 GX=0.00 GY=0.00 GZ=0.00 AX=0.00 AY=0.00 AZ=0.00 MX=-0.02 MY=0.04 MZ=0.41 SD=1
Time=3174775 High=14584.55 Pressure=124.50 TempIn=-48.88 TempOut=5.19 GX=0.00 GY=0.00 GZ=0.00 AX=0.00 AY=0.00 AZ=0.00 MX=0.07 MY=0.24 MZ=0.40 SD=1
Time=3178096 High=14599.11 Pressure=124.18 TempIn=-49.00 TempOut=5.12 GX=0.00 GY=0.00 GZ=0.00 AX=0.00 AY=0.00 AZ=0.00 MX=-0.03 MY=0.42 MZ=0.39 SD=1
Time=3181394 High=14613.25 Pressure=123.87 TempIn=-48.88 TempOut=5.06 GX=0.00 GY=0.00 GZ=0.00 AX=0.00 AY=0.00 AZ=0.00 MX=-0.07 MY=0.38 MZ=0.42 SD=1
Time=3184740 High=14614.62 Pressure=123.84 TempIn=-48.88 TempOut=4.94 GX=0.00 GY=0.00 GZ=0.00 AX=0.00 AY=0.00 AZ=0.00 MX=0.07 MY=0.31 MZ=0.39 SD=1
Time=3188062 High=14678.38 Pressure=122.45 TempIn=-48.88 TempOut=4.87 GX=0.00 GY=0.00 GZ=0.00 AX=0.00 AY=0.00 AZ=0.00 MX=0.05 MY=0.23 MZ=0.41 SD=1
Time=3191363 High=14708.40 Pressure=121.80 TempIn=-48.88 TempOut=4.87 GX=0.00 GY=0.00 GZ=0.00 AX=0.00 AY=0.00 AZ=0.00 MX=0.13 MY=0.21 MZ=0.36 SD=1
Time=3194641 High=14712.56 Pressure=121.71 TempIn=-49.00 TempOut=4.69 GX=0.00 GY=0.00 GZ=0.00 AX=0.00 AY=0.00 AZ=0.00 MX=0.04 MY=0.31 MZ=0.41 SD=1
Time=3198017 High=14751.11 Pressure=120.88 TempIn=-49.13 TempOut=4.69 GX=0.00 GY=0.00 GZ=0.00 AX=0.00 AY=0.00 AZ=0.00 MX=0.01 MY=0.35 MZ=0.40 SD=1
Time=3201322 High=14766.49 Pressure=120.55 TempIn=-49.13 TempOut=4.56 GX=0.00 GY=0.00 GZ=0.00 AX=0.00 AY=0.00 AZ=0.00 MX=-0.04 MY=0.43 MZ=0.39 SD=1
Time=3204604 High=14773.96 Pressure=120.39 TempIn=-49.25 TempOut=4.50 GX=0.00 GY=0.00 GZ=0.00 AX=0.00 AY=0.00 AZ=0.00 MX=-0.12 MY=0.44 MZ=0.41 SD=1
Time=3207982 High=14805.80 Pressure=119.71 TempIn=-49.50 TempOut=4.44 GX=0.00 GY=0.00 GZ=0.00 AX=0.00 AY=0.00 AZ=0.00 MX=-0.20 MY=0.49 MZ=0.38 SD=1
Time=3211289 High=14819.43 Pressure=119.42 TempIn=-49.25 TempOut=4.37 GX=0.00 GY=0.00 GZ=0.00 AX=0.00 AY=0.00 AZ=0.00 MX=-0.41 MY=0.43 MZ=0.35 SD=1
0 MX=-0.43 MY=0.16 MZ=0.40 SD=1
Time=3217903 High=14872.77 Pressure=118.29 TempIn=-49.38 TempOut=4.25 GX=0.00 GY=0.00 GZ=0.00 AX=0.00 AY=0.00 AZ=0.00 MX=-0.32 MY=0.04 MZ=0.41 SD=1
Time=3221261 High=14913.65 Pressure=117.43 TempIn=-49.25 TempOut=4.12 GX=0.00 GY=0.00 GZ=0.00 AX=0.00 AY=0.00 AZ=0.00 MX=-0.06 MY=-0.07 MZ=0.37 SD=1
Time=3224545 High=14963.88 Pressure=116.38 TempIn=-49.25 TempOut=4.12 GX=0.00 GY=0.00 GZ=0.00 AX=0.00 AY=0.00 AZ=0.00 MX=-0.06 MY=0.21 MZ=0.45 SD=1
Time=3227876 High=15006.27 Pressure=115.50 TempIn=-49.38 TempOut=4.00 GX=0.00 GY=0.00 GZ=0.00 AX=0.00 AY=0.00 AZ=0.00 MX=0.06 MY=0.35 MZ=0.38 SD=1
Time=3231233 High=15035.80 Pressure=114.89 TempIn=-49.13 TempOut=3.94 GX=0.00 GY=0.00 GZ=0.00 AX=0.00 AY=0.00 AZ=0.00 MX=-0.04 MY=0.37 MZ=0.42 SD=1
Time=3234518 High=15066.93 Pressure=114.25 TempIn=-49.38 TempOut=3.87 GX=0.00 GY=0.00 GZ=0.00 AX=0.00 AY=0.00 AZ=0.00 MX=0.02 MY=0.36 MZ=0.40 SD=1
Time=3237851 High=15095.26 Pressure=113.67 TempIn=-49.38 TempOut=3.81 GX=0.00 GY=0.00 GZ=0.00 AX=0.00 AY=0.00 AZ=0.00 MX=0.05 MY=0.38 MZ=0.36 SD=1
Time=3241162 High=15123.70 Pressure=113.09 TempIn=-49.38 TempOut=3.75 GX=0.00 GY=0.00 GZ=0.00 AX=0.00 AY=0.00 AZ=0.00 MX=-0.03 MY=0.32 MZ=0.43 SD=1
Time=3244500 High=15105.05 Pressure=113.47 TempIn=-49.38 TempOut=3.62 GX=0.00 GY=0.00 GZ=0.00 AX=0.00 AY=0.00 AZ=0.00 MX=0.07 MY=0.30 MZ=0.37 SD=1
Time=3247836 High=15176.99 Pressure=112.01 TempIn=-49.63 TempOut=3.56 GX=0.00 GY=0.00 GZ=0.00 AX=0.00 AY=0.00 AZ=0.00 MX=-0.03 MY=0.27 MZ=0.43 SD=1
Time=3251150 High=15206.77 Pressure=111.41 TempIn=-49.38 TempOut=3.50 GX=0.00 GY=0.00 GZ=0.00 AX=0.00 AY=0.00 AZ=0.00 MX=0.15 MY=0.16 MZ=0.34 SD=1
Time=3254490 High=15216.73 Pressure=111.21 TempIn=-49.38 TempOut=3.44 GX=0.00 GY=0.00 GZ=0.00 AX=0.00 AY=0.00 AZ=0.00 MX=0.02 MY=0.03 MZ=0.38 SD=1
Time=3257829 High=15235.18 Pressure=110.84 TempIn=-49.38 TempOut=3.37 GX=0.00 GY=0.00 GZ=0.00 AX=0.00 AY=0.00 AZ=0.00 MX=-0.17 MY=-0.04 MZ=0.40 SD=1
Time=3261147 High=15260.21 Pressure=110.34 TempIn=-49.50 TempOut=3.31 GX=0.00 GY=0.00 GZ=0.00 AX=0.00 AY=0.00 AZ=0.00 MX=-0.10 MY=0.03 MZ=0.42 SD=1
Time=3264440 High=15296.40 Pressure=109.62 TempIn=-49.75 TempOut=3.25 GX=0.00 GY=0.00 GZ=0.00 AX=0.00 AY=0.00 AZ=0.00 MX=-0.15 MY=0.04 MZ=0.45 SD=1
Time=3267829 High=15324.68 Pressure=109.06 TempIn=-49.50 TempOut=3.12 GX=0.00 GY=0.00 GZ=0.00 AX=0.00 AY=0.00 AZ=0.00 MX=-0.22 MY=0.02 MZ=0.43 SD=1
0 MX=-0.30 MY=-0.02 MZ=0.41 SD=1
Time=3274436 High=15368.35 Pressure=108.20 TempIn=-49.88 TempOut=3.00 GX=0.00 GY=0.00 GZ=0.00 AX=0.00 AY=0.00 AZ=0.00 MX=-0.47 MY=0.20 MZ=0.39 SD=1
Time=3277822 High=15402.56 Pressure=107.53 TempIn=-50.00 TempOut=2.94 GX=0.00 GY=0.00 GZ=0.00 AX=0.00 AY=0.00 AZ=0.00 MX=-0.47 MY=0.36 MZ=0.38 SD=1
Time=3281138 High=15436.95 Pressure=106.86 TempIn=-50.00 TempOut=2.87 GX=0.00 GY=0.00 GZ=0.00 AX=0.00 AY=0.00 AZ=0.00 MX=-0.27 MY=0.48 MZ=0.40 SD=1
Time=3284429 High=15477.72 Pressure=106.07 TempIn=-50.13 TempOut=2.81 GX=0.00 GY=0.00 GZ=0.00 AX=0.00 AY=0.00 AZ=0.00 MX=-0.07 MY=0.46 MZ=0.39 SD=1
Time=3287818 High=15477.20 Pressure=106.08 TempIn=-50.13 TempOut=2.69 GX=0.00 GY=0.00 GZ=0.00 AX=0.00 AY=0.00 AZ=0.00 MX=0.08 MY=0.30 MZ=0.39 SD=1
Time=3291136 High=15575.22 Pressure=104.20 TempIn=-49.88 TempOut=2.62 GX=0.00 GY=0.00 GZ=0.00 AX=0.00 AY=0.00 AZ=0.00 MX=0.08 MY=0.15 MZ=0.40 SD=1
Time=3294433 High=15585.20 Pressure=104.01 TempIn=-49.88 TempOut=2.56 GX=0.00 GY=0.00 GZ=0.00 AX=0.00 AY=0.00 AZ=0.00 MX=0.03 MY=0.28 MZ=0.42 SD=1
Time=3297707 High=15574.17 Pressure=104.22 TempIn=-49.88 TempOut=2.50 GX=0.00 GY=0.00 GZ=0.00 AX=0.00 AY=0.00 AZ=0.00 MX=-0.18 MY=0.47 MZ=0.40 SD=1
empOut=2.44 GX=0.00 GY=0.00 GZ=0.00 AX=0.00 AY=0.00 AZ=0.00 MX=-0.36 MY=0.19 MZ=0.44 SD=1
Time=3304379 High=15624.76 Pressure=103.26 TempIn=-50.13 TempOut=2.37 GX=0.00 GY=0.00 GZ=0.00 AX=0.00 AY=0.00 AZ=0.00 MX=-0.32 MY=0.04 MZ=0.42 SD=1
Time=3307656 High=15764.27 Pressure=100.65 TempIn=-50.25 TempOut=2.31 GX=0.00 GY=0.00 GZ=0.00 AX=0.00 AY=0.00 AZ=0.00 MX=0.08 MY=0.05 MZ=0.36 SD=1
Time=3311028 High=15732.48 Pressure=101.24 TempIn=-50.25 TempOut=2.25 GX=0.00 GY=0.00 GZ=0.00 AX=0.00 AY=0.00 AZ=0.00 MX=0.07 MY=0.12 MZ=0.39 SD=1
Time=3314331 High=15754.56 Pressure=100.83 TempIn=-50.13 TempOut=2.19 GX=0.00 GY=0.00 GZ=0.00 AX=0.00 AY=0.00 AZ=0.00 MX=0.09 MY=0.31 MZ=0.38 SD=1
Time=3317609 High=15761.57 Pressure=100.70 TempIn=-50.13 TempOut=2.06 GX=0.00 GY=0.00 GZ=0.00 AX=0.00 AY=0.00 AZ=0.00 MX=-0.04 MY=0.45 MZ=0.39 SD=1
Time=3320938 High=15757.25 Pressure=100.78 TempIn=-50.13 TempOut=2.00 GX=0.00 GY=0.00 GZ=0.00 AX=0.00 AY=0.00 AZ=0.00 MX=-0.25 MY=0.48 MZ=0.40 SD=1
Time=3324396 High=15772.38 Pressure=100.50 TempIn=-50.25 TempOut=1.94 GX=0.00 GY=0.00 GZ=0.00 AX=0.00 AY=0.00 AZ=0.00 MX=-0.45 MY=0.25 MZ=0.38 SD=1
Time=3327678 High=15798.38 Pressure=100.02 TempIn=-50.25 TempOut=1.87 GX=0.00 GY=0.00 GZ=0.00 AX=0.00 AY=0.00 AZ=0.00 MX=-0.37 MY=0.16 MZ=0.42 SD=1
Time=3331006 High=15826.12 Pressure=99.51 TempIn=-50.13 TempOut=1.81 GX=0.00 GY=0.00 GZ=0.00 AX=0.00 AY=0.00 AZ=0.00 MX=-0.29 MY=-0.06 MZ=0.37 SD=1
Time=3334361 High=15885.26 Pressure=98.43 TempIn=-50.13 TempOut=1.75 GX=0.00 GY=0.00 GZ=0.00 AX=0.00 AY=0.00 AZ=0.00 MX=-0.43 MY=0.05 MZ=0.36 SD=1
Time=3337644 High=15930.50 Pressure=97.61 TempIn=-50.50 TempOut=1.69 GX=0.00 GY=0.00 GZ=0.00 AX=0.00 AY=0.00 AZ=0.00 MX=-0.27 MY=0.12 MZ=0.46 SD=1
Time=3340974 High=15967.15 Pressure=96.95 TempIn=-50.38 TempOut=1.62 GX=0.00 GY=0.00 GZ=0.00 AX=0.00 AY=0.00 AZ=0.00 MX=-0.42 MY=-0.01 MZ=0.35 SD=1
Time=3344284 High=15988.90 Pressure=96.56 TempIn=-50.38 TempOut=1.56 GX=0.00 GY=0.00 GZ=0.00 AX=0.00 AY=0.00 AZ=0.00 MX=-0.24 MY=0.03 MZ=0.42 SD=1
Time=3347619 High=16023.62 Pressure=95.94 TempIn=-50.38 TempOut=1.50 GX=0.00 GY=0.00 GZ=0.00 AX=0.00 AY=0.00 AZ=0.00 MX=-0.35 MY=0.03 MZ=0.38 SD=1
mpOut=1.44 GX=0.00 GY=0.00 GZ=0.00 AX=0.00 AY=0.00 AZ=0.00 MX=-0.22 MY=0.01 MZ=0.41 SD=1
Time=3354264 High=16098.14 Pressure=94.62 TempIn=-50.63 TempOut=1.37 GX=0.00 GY=0.00 GZ=0.00 AX=0.00 AY=0.00 AZ=0.00 MX=-0.14 MY=0.06 MZ=0.43 SD=1
Time=3357602 High=16228.31 Pressure=92.35 TempIn=-50.88 TempOut=1.31 GX=0.00 GY=0.00 GZ=0.00 AX=0.00 AY=0.00 AZ=0.00 MX=0.08 MY=0.12 MZ=0.38 SD=1
Time=3360938 High=16230.04 Pressure=92.32 TempIn=-50.75 TempOut=1.25 GX=0.00 GY=0.00 GZ=0.00 AX=0.00 AY=0.00 AZ=0.00 MX=0.04 MY=0.22 MZ=0.40 SD=1
Time=3364254 High=16285.88 Pressure=91.36 TempIn=-50.88 TempOut=1.12 GX=0.00 GY=0.00 GZ=0.00 AX=0.00 AY=0.00 AZ=0.00 MX=0.05 MY=0.14 MZ=0.40 SD=1
Time=3367549 High=16325.14 Pressure=90.69 TempIn=-51.00 TempOut=1.06 GX=0.00 GY=0.00 GZ=0.00 AX=0.00 AY=0.00 AZ=0.00 MX=0.04 MY=0.24 MZ=0.40 SD=1
Time=3370872 High=16369.95 Pressure=89.93 TempIn=-51.13 TempOut=1.00 GX=0.00 GY=0.00 GZ=0.00 AX=0.00 AY=0.00 AZ=0.00 MX=0.07 MY=0.22 MZ=0.39 SD=1
Time=3374195 High=16403.76 Pressure=89.36 TempIn=-51.25 TempOut=0.94 GX=0.00 GY=0.00 GZ=0.00 AX=0.00 AY=0.00 AZ=0.00 MX=0.06 MY=0.14 MZ=0.39 SD=1
Time=3377498 High=16386.54 Pressure=89.65 TempIn=-51.38 TempOut=0.88 GX=0.00 GY=0.00 GZ=0.00 AX=0.00 AY=0.00 AZ=0.00 MX=-0.07 MY=0.06 MZ=0.41 SD=1
Time=3380830 High=16426.40 Pressure=88.98 TempIn=-51.63 TempOut=0.81 GX=0.00 GY=0.00 GZ=0.00 AX=0.00 AY=0.00 AZ=0.00 MX=0.02 MY=0.14 MZ=0.41 SD=1
Time=3384160 High=16586.49 Pressure=86.33 TempIn=-51.88 TempOut=0.75 GX=0.00 GY=0.00 GZ=0.00 AX=0.00 AY=0.00 AZ=0.00 MX=0.03 MY=-0.02 MZ=0.35 SD=1
Time=3387470 High=16509.88 Pressure=87.59 TempIn=-51.88 TempOut=0.69 GX=0.00 GY=0.00 GZ=0.00 AX=0.00 AY=0.00 AZ=0.00 MX=0.02 MY=0.13 MZ=0.41 SD=1
Time=3390757 High=16560.85 Pressure=86.75 TempIn=-51.88 TempOut=0.63 GX=0.00 GY=0.00 GZ=0.00 AX=0.00 AY=0.00 AZ=0.00 MX=0.07 MY=0.15 MZ=0.38 SD=1
Time=3394144 High=16592.61 Pressure=86.23 TempIn=-52.00 TempOut=0.56 GX=0.00 GY=0.00 GZ=0.00 AX=0.00 AY=0.00 AZ=0.00 MX=0.06 MY=0.19 MZ=0.40 SD=1
Time=3397461 High=16560.85 Pressure=86.75 TempIn=-52.25 TempOut=0.50 GX=0.00 GY=0.00 GZ=0.00 AX=0.00 AY=0.00 AZ=0.00 MX=0.04 MY=0.27 MZ=0.41 SD=1
Time=3400756 High=16597.51 Pressure=86.15 TempIn=-52.13 TempOut=0.44 GX=0.00 GY=0.00 GZ=0.00 AX=0.00 AY=0.00 AZ=0.00 MX=0.11 MY=0.27 MZ=0.36 SD=1
Time=3404030 High=16633.13 Pressure=85.57 TempIn=-52.13 TempOut=0.38 GX=0.00 GY=0.00 GZ=0.00 AX=0.00 AY=0.00 AZ=0.00 MX=0.04 MY=0.18 MZ=0.41 SD=1
Time=3407303 High=16652.87 Pressure=85.25 TempIn=-52.25 TempOut=0.31 GX=0.00 GY=0.00 GZ=0.00 AX=0.00 AY=0.00 AZ=0.00 MX=0.03 MY=0.08 MZ=0.39 SD=1
Time=3410556 High=16657.82 Pressure=85.17 TempIn=-52.38 TempOut=0.25 GX=0.00 GY=0.00 GZ=0.00 AX=0.00 AY=0.00 AZ=0.00 MX=-0.10 MY=0.06 MZ=0.42 SD=1
Time=3413788 High=16716.82 Pressure=84.22 TempIn=-52.38 TempOut=0.19 GX=0.00 GY=0.00 GZ=0.00 AX=0.00 AY=0.00 AZ=0.00 MX=0.01 MY=0.01 MZ=0.38 SD=1
Time=3417067 High=16751.86 Pressure=83.66 TempIn=-52.38 TempOut=0.13 GX=0.00 GY=0.00 GZ=0.00 AX=0.00 AY=0.00 AZ=0.00 MX=0.07 MY=0.17 MZ=0.38 SD=1
Time=3420327 High=16772.59 Pressure=83.33 TempIn=-52.38 TempOut=0.06 GX=0.00 GY=0.00 GZ=0.00 AX=0.00 AY=0.00 AZ=0.00 MX=0.07 MY=0.36 MZ=0.37 SD=1
Time=3423565 High=16748.72 Pressure=83.71 TempIn=-52.50 TempOut=0.00 GX=0.00 GY=0.00 GZ=0.00 AX=0.00 AY=0.00 AZ=0.00 MX=-0.10 MY=0.47 MZ=0.39 SD=1
Time=3426853 High=16758.76 Pressure=83.55 TempIn=-52.50 TempOut=-0.06 GX=0.00 GY=0.00 GZ=0.00 AX=0.00 AY=0.00 AZ=0.00 MX=-0.41 MY=0.42 MZ=0.37 SD=1
Time=3430120 High=16771.96 Pressure=83.34 TempIn=-52.38 TeTime=3433364 High=16794.66 Pressure=82.98 TempIn=-52.25 TempOut=-0.19 GX=0.00 GY=0.00 GZ=0.00 AX=0.00 AY=0.00 AZ=0.00 MX=-0.35 MY=0.09 MZ=0.41 SD=1
Time=3436653 High=16841.55 Pressure=82.24 TempIn=-52.38 TempOut=-0.25 GX=0.00 GY=0.00 GZ=0.00 AX=0.00 AY=0.00 AZ=0.00 MX=-0.28 MY=0.09 MZ=0.44 SD=1
Time=3439921 High=16869.60 Pressure=81.80 TempIn=-52.25 TempOut=-0.31 GX=0.00 GY=0.00 GZ=0.00 AX=0.00 AY=0.00 AZ=0.00 MX=-0.02 MY=0.13 MZ=0.42 SD=1
Time=3443165 High=16909.98 Pressure=81.17 TempIn=-52.13 TempOut=-0.38 GX=0.00 GY=0.00 GZ=0.00 AX=0.00 AY=0.00 AZ=0.00 MX=0.07 MY=0.35 MZ=0.37 SD=1
Time=3446456 High=16955.78 Pressure=80.46 TempIn=-51.88 TempOut=-0.44 GX=0.00 GY=0.00 GZ=0.00 AX=0.00 AY=0.00 AZ=0.00 MX=-0.08 MY=0.47 MZ=0.37 SD=1
Time=3449724 High=16940.91 Pressure=80.69 TempIn=-51.88 TempOut=-0.50 GX=0.00 GY=0.00 GZ=0.00 AX=0.00 AY=0.00 AZ=0.00 MX=-0.42 MY=0.38 MZ=0.38 SD=1
Time=3452970 High=16975.88 Pressure=80.15 TempIn=-51.88 TempOut=-0.56 GX=0.00 GY=0.00 GZ=0.00 AX=0.00 AY=0.00 AZ=0.00 MX=-0.41 MY=0.13 MZ=0.39 SD=1
Time=3456193 High=17006.48 Pressure=79.68 TempIn=-52.00 TempOut=-0.63 GX=0.00 GY=0.00 GZ=0.00 AX=0.00 AY=0.00 AZ=0.00 MX=-0.13 MY=0.05 MZ=0.42 SD=1
Time=3459463 High=17088.57 Pressure=78.43 TempIn=-52.00 TempOut=-0.69 GX=0.00 GY=0.00 GZ=0.00 AX=0.00 AY=0.00 AZ=0.00 MX=0.06 MY=0.27 MZ=0.40 SD=1
Time=3462710 High=17096.51 Pressure=78.31 TempIn=-52.00 TempOut=-0.75 GX=0.00 GY=0.00 GZ=0.00 AX=0.00 AY=0.00 AZ=0.00 MX=-0.08 MY=0.42 MZ=0.41 SD=1
Time=3465935 High=17085.93 Pressure=78.47 TempIn=-52.00 TempOut=-0.81 GX=0.00 GY=0.00 GZ=0.00 AX=0.00 AY=0.00 AZ=0.00 MX=-0.25 MY=0.48 MZ=0.39 SD=1
Time=3469207 High=17099.16 Pressure=78.27 TempIn=-52.00 TempOut=-0.88 GX=0.00 GY=0.00 GZ=0.00 AX=0.00 AY=0.00 AZ=0.00 MX=-0.34 MY=0.43 MZ=0.39 SD=1
Time=3472456 High=17132.35 Pressure=77.77 TempIn=-52.13 TempOut=-0.94 GX=0.00 GY=0.00 GZ=0.00 AX=0.00 AY=0.00 AZ=0.00 MX=-0.40 MY=0.27 MZ=0.42 SD=1
mpOut=-1.00 GX=0.00 GY=0.00 GZ=0.00 AX=0.00 AY=0.00 AZ=0.00 MX=-0.42 MY=0.15 MZ=0.39 SD=1
Time=3478955 High=17187.83 Pressure=76.94 TempIn=-52.13 TempOut=-1.06 GX=0.00 GY=0.00 GZ=0.00 AX=0.00 AY=0.00 AZ=0.00 MX=-0.28 MY=0.05 MZ=0.42 SD=1
Time=3482205 High=17226.21 Pressure=76.37 TempIn=-52.25 TempOut=-1.12 GX=0.00 GY=0.00 GZ=0.00 AX=0.00 AY=0.00 AZ=0.00 MX=-0.11 MY=0.03 MZ=0.42 SD=1
Time=3485428 High=17293.42 Pressure=75.38 TempIn=-52.25 TempOut=-1.19 GX=0.00 GY=0.00 GZ=0.00 AX=0.00 AY=0.00 AZ=0.00 MX=0.04 MY=0.11 MZ=0.39 SD=1
Time=3488699 High=17324.21 Pressure=74.93 TempIn=-52.13 TempOut=-1.25 GX=0.00 GY=0.00 GZ=0.00 AX=0.00 AY=0.00 AZ=0.00 MX=0.00 MY=0.25 MZ=0.43 SD=1
Time=3491950 High=17393.87 Pressure=73.92 TempIn=-52.38 TempOut=-1.31 GX=0.00 GY=0.00 GZ=0.00 AX=0.00 AY=0.00 AZ=0.00 MX=0.12 MY=0.26 MZ=0.35 SD=1
Time=3495178 High=17423.06 Pressure=73.50 TempIn=-52.50 TempOut=-1.37 GX=0.00 GY=0.00 GZ=0.00 AX=0.00 AY=0.00 AZ=0.00 MX=0.00 MY=0.33 MZ=0.41 SD=1
Time=3498457 High=17416.79 Pressure=73.59 TempIn=-52.63 TempOut=-1.44 GX=0.00 GY=0.00 GZ=0.00 AX=0.00 AY=0.00 AZ=0.00 MX=0.08 MY=0.32 MZ=0.35 SD=1
Time=3501713 High=17471.31 Pressure=72.81 TempIn=-52.63 TempOut=-1.50 GX=0.00 GY=0.00 GZ=0.00 AX=0.00 AY=0.00 AZ=0.00 MX=-0.05 MY=0.33 MZ=0.43 SD=1
Time=3504945 High=17549.01 Pressure=71.71 TempIn=-52.50 TempOut=-1.56 GX=0.00 GY=0.00 GZ=0.00 AX=0.00 AY=0.00 AZ=0.00 MX=0.05 MY=0.22 MZ=0.38 SD=1
Time=3508225 High=17565.37 Pressure=71.48 TempIn=-52.63 TempOut=-1.62 GX=0.00 GY=0.00 GZ=0.00 AX=0.00 AY=0.00 AZ=0.00 MX=-0.08 MY=0.13 MZ=0.43 SD=1
Time=3511483 High=17477.63 Pressure=72.72 TempIn=-52.50 TempOut=-1.69 GX=0.00 GY=0.00 GZ=0.00 AX=0.00 AY=0.00 AZ=0.00 MX=-0.12 MY=0.05 MZ=0.42 SD=1
Time=3514717 High=17502.27 Pressure=72.37 TempIn=-52.50 TempOut=-1.75 GX=0.00 GY=0.00 GZ=0.00 AX=0.00 AY=0.00 AZ=0.00 MX=-0.23 MY=0.03 MZ=0.43 SD=1
Time=3517999 High=17519.23 Pressure=72.13 TempIn=-52.38 TempOut=-1.81 GX=0.00 GY=0.00 GZ=0.00 AX=0.00 AY=0.00 AZ=0.00 MX=-0.20 MY=0.12 MZ=0.46 SD=1
Time=3521257 High=17535.52 Pressure=71.90 TempIn=-52.38 TempOut=-1.87 GX=0.00 GY=0.00 GZ=0.00 AX=0.00 AY=0.00 AZ=0.00 MX=-0.39 MY=0.06 MZ=0.42 SD=1
Time=3524491 High=17554.70 Pressure=71.63 TempIn=-52.25 TempOut=-1.94 GX=0.00 GY=0.00 GZ=0.00 AX=0.00 AY=0.00 AZ=0.00 MX=-0.34 MY=0.12 MZ=0.46 SD=1
Time=3527774 High=17564.66 Pressure=71.49 TempIn=-52.25 TempOut=-2.00 GX=0.00 GY=0.00 GZ=0.00 AX=0.00 AY=0.00 AZ=0.00 MX=-0.47 MY=0.13 MZ=0.41 SD=1
Time=3531033 High=17596.80 Pressure=71.04 TempIn=-52.38 TempOut=-2.06 GX=0.00 GY=0.00 GZ=0.00 AX=0.00 AY=0.00 AZ=0.00 MX=-0.49 MY=0.22 MZ=0.43 SD=1
Time=3534268 High=17631.27 Pressure=70.56 TempIn=-52.13 TempOut=-2.12 GX=0.00 GY=0.00 GZ=0.00 AX=0.00 AY=0.00 AZ=0.00 MX=-0.57 MY=0.45 MZ=0.35 SD=1
Time=3537551 High=17664.48 Pressure=70.10 TempIn=-52.25 TempOut=-2.19 GX=0.00 GY=0.00 GZ=0.00 AX=0.00 AY=0.00 AZ=0.00 MX=-0.32 MY=0.49 MZ=0.43 SD=1
Time=3540811 High=17681.88 Pressure=69.86 TempIn=-52.25 TempOut=-2.25 GX=0.00 GY=0.00 GZ=0.00 AX=0.00 AY=0.00 AZ=0.00 MX=-0.02 MY=0.35 MZ=0.40 SD=1
Time=3544048 High=17700.78 Pressure=69.60 TempIn=-52.13 TempOut=-2.31 GX=0.00 GY=0.00 GZ=0.00 AX=0.00 AY=0.00 AZ=0.00 MX=-0.09 MY=0.14 MZ=0.42 SD=1
Time=3547332 High=17747.55 Pressure=68.96 TempIn=-52.00 TempOut=-2.37 GX=0.00 GY=0.00 GZ=0.00 AX=0.00 AY=0.00 AZ=0.00 MX=-0.17 MY=0.00 MZ=0.40 SD=1
Time=3550594 High=17808.00 Pressure=68.14 TempIn=-52.00 TempOut=-2.44 GX=0.00 GY=0.00 GZ=0.00 AX=0.00 AY=0.00 AZ=0.00 MX=-0.12 MY=-0.01 MZ=0.39 SD=1
Time=3553832 High=17830.26 Pressure=67.84 TempIn=-52.00 TempOut=-2.50 GX=0.00 GY=0.00 GZ=0.00 AX=0.00 AY=0.00 AZ=0.00 MX=-0.12 MY=0.15 MZ=0.45 SD=1
Time=3557116 High=17910.31 Pressure=66.77 TempIn=-51.88 TempOut=-2.56 GX=0.00 GY=0.00 GZ=0.00 AX=0.00 AY=0.00 AZ=0.00 MX=-0.01 MY=0.16 MZ=0.41 SD=1
Time=3560377 High=17883.26 Pressure=67.13 TempIn=-51.75 TempOut=-2.62 GX=0.00 GY=0.00 GZ=0.00 AX=0.00 AY=0.00 AZ=0.00 MX=-0.02 MY=0.33 MZ=0.40 SD=1
Time=3563615 High=17924.63 Pressure=66.58 TempIn=-51.75 TempOut=-2.69 GX=0.00 GY=0.00 GZ=0.00 AX=0.00 AY=0.00 AZ=0.00 MX=-0.06 MY=0.34 MZ=0.44 SD=1
Time=3566900 High=17932.94 Pressure=66.47 TempIn=-51.63 TempOut=-2.75 GX=0.00 GY=0.00 GZ=0.00 AX=0.00 AY=0.00 AZ=0.00 MX=-0.05 MY=0.40 MZ=0.41 SD=1
Time=3570162 High=17919.35 Pressure=66.65 TempIn=-51.50 TempOut=-2.81 GX=0.00 GY=0.00 GZ=0.00 AX=0.00 AY=0.00 AZ=0.00 MX=-0.20 MY=0.42 MZ=0.45 SD=1
Time=3573401 High=17933.70 Pressure=66.46 TempIn=-51.38 TempOut=-2.87 GX=0.00 GY=0.00 GZ=0.00 AX=0.00 AY=0.00 AZ=0.00 MX=-0.17 MY=0.61 MZ=0.33 SD=1
Time=3576687 High=17938.99 Pressure=66.39 TempIn=-51.25 TempOut=-2.94 GX=0.00 GY=0.00 GZ=0.00 AX=0.00 AY=0.00 AZ=0.00 MX=-0.33 MY=0.48 MZ=0.43 SD=1
Time=3579951 High=17947.32 Pressure=66.28 TempIn=-51.13 TempOut=-3.00 GX=0.00 GY=0.00 GZ=0.00 AX=0.00 AY=0.00 AZ=0.00 MX=-0.26 MY=0.59 MZ=0.36 SD=1
Time=3583191 High=17957.17 Pressure=66.15 TempIn=-51.00 TempOut=-3.06 GX=0.00 GY=0.00 GZ=0.00 AX=0.00 AY=0.00 AZ=0.00 MX=-0.40 MY=0.42 MZ=0.44 SD=1
Time=3586478 High=18012.04 Pressure=65.43 TempIn=-51.00 TempOut=-3.06 GX=0.00 GY=0.00 GZ=0.00 AX=0.00 AY=0.00 AZ=0.00 MX=-0.36 MY=0.59 MZ=0.36 SD=1
Time=3589743 High=18023.53 Pressure=65.28 TempIn=-51.00 TempOut=-3.19 GX=0.00 GY=0.00 GZ=0.00 AX=0.00 AY=0.00 AZ=0.00 MX=-0.24 MY=0.36 MZ=0.47 SD=1
Time=3592984 High=18121.70 Pressure=64.01 TempIn=-51.00 TempOut=-3.25 GX=0.00 GY=0.00 GZ=0.00 AX=0.00 AY=0.00 AZ=0.00 MX=0.03 MY=0.43 MZ=0.34 SD=1
Time=3596203 High=18176.49 Pressure=63.31 TempIn=-50.88 TempOut=-3.31 GX=0.00 GY=0.00 GZ=0.00 AX=0.00 AY=0.00 AZ=0.00 MX=-0.08 MY=0.21 MZ=0.45 SD=1
Time=3599469 High=18230.97 Pressure=62.62 TempIn=-51.13 TempOut=-3.31 GX=0.00 GY=0.00 GZ=0.00 AX=0.00 AY=0.00 AZ=0.00 MX=-0.01 MY=0.21 MZ=0.41 SD=1
Time=3602712 High=18189.87 Pressure=63.14 TempIn=-50.88 TempOut=-3.37 GX=0.00 GY=0.00 GZ=0.00 AX=0.00 AY=0.00 AZ=0.00 MX=-0.16 MY=0.15 MZ=0.44 SD=1
Time=3605932 High=18205.64 Pressure=62.94 TempIn=-51.00 TempOut=-3.44 GX=0.00 GY=0.00 GZ=0.00 AX=0.00 AY=0.00 AZ=0.00 MX=-0.16 MY=0.02 MZ=0.40 SD=1
Time=3609199 High=18235.73 Pressure=62.56 TempIn=-51.00 TempOut=-3.50 GX=0.00 GY=0.00 GZ=0.00 AX=0.00 AY=0.00 AZ=0.00 MX=-0.34 MY=0.12 MZ=0.46 SD=1
Time=3612443 High=18271.55 Pressure=62.11 TempIn=-51.13 TempOut=-3.56 GX=0.00 GY=0.00 GZ=0.00 AX=0.00 AY=0.00 AZ=0.00 MX=-0.44 MY=0.10 MZ=0.41 SD=1
Time=3615664 High=18298.76 Pressure=61.77 TempIn=-51.13 TempOut=-3.62 GX=0.00 GY=0.00 GZ=0.00 AX=0.00 AY=0.00 AZ=0.00 MX=-0.50 MY=0.21 MZ=0.41 SD=1
Time=3618932 High=18318.84 Pressure=61.52 TempIn=-51.25 TempOut=-3.69 GX=0.00 GY=0.00 GZ=0.00 AX=0.00 AY=0.00 AZ=0.00 MX=-0.50 MY=0.13 MZ=0.39 SD=1
Time=3622177 High=18332.54 Pressure=61.35 TempIn=-51.25 TempOut=-3.75 GX=0.00 GY=0.00 GZ=0.00 AX=0.00 AY=0.00 AZ=0.00 MX=-0.43 MY=0.18 MZ=0.44 SD=1
Time=3625399 High=18352.73 Pressure=61.10 TempIn=-51.25 TempOut=-3.81 GX=0.00 GY=0.00 GZ=0.00 AX=0.00 AY=0.00 AZ=0.00 MX=-0.44 MY=0.14 MZ=0.42 SD=1
0 MX=-0.47 MY=0.17 MZ=0.42 SD=1
Time=3631914 High=18378.68 Pressure=60.78 TempIn=-51.00 TempOut=-3.87 GX=0.00 GY=0.00 GZ=0.00 AX=0.00 AY=0.00 AZ=0.00 MX=-0.44 MY=0.12 MZ=0.43 SD=1
Time=3635137 High=18385.99 Pressure=60.69 TempIn=-51.00 TempOut=-3.94 GX=0.00 GY=0.00 GZ=0.00 AX=0.00 AY=0.00 AZ=0.00 MX=-0.34 MY=0.01 MZ=0.40 SD=1
Time=3638407 High=18413.71 Pressure=60.35 TempIn=-50.88 TempOut=-4.00 GX=0.00 GY=0.00 GZ=0.00 AX=0.00 AY=0.00 AZ=0.00 MX=-0.17 MY=0.07 MZ=0.44 SD=1
Time=3641655 High=18486.06 Pressure=59.47 TempIn=-50.88 TempOut=-4.06 GX=0.00 GY=0.00 GZ=0.00 AX=0.00 AY=0.00 AZ=0.00 MX=-0.06 MY=0.22 MZ=0.44 SD=1
Time=3644879 High=18494.33 Pressure=59.37 TempIn=-50.75 TempOut=-4.12 GX=0.00 GY=0.00 GZ=0.00 AX=0.00 AY=0.00 AZ=0.00 MX=-0.07 MY=0.30 MZ=0.44 SD=1
Time=3648150 High=18527.55 Pressure=58.97 TempIn=-50.75 TempOut=-4.19 GX=0.00 GY=0.00 GZ=0.00 AX=0.00 AY=0.00 AZ=0.00 MX=-0.09 MY=0.48 MZ=0.39 SD=1
Time=3651399 High=18543.39 Pressure=58.78 TempIn=-50.75 TempOut=-4.19 GX=0.00 GY=0.00 GZ=0.00 AX=0.00 AY=0.00 AZ=0.00 MX=-0.16 MY=0.53 MZ=0.39 SD=1
Time=3654624 High=18555.09 Pressure=58.64 TempIn=-50.63 TempOut=-4.31 GX=0.00 GY=0.00 GZ=0.00 AX=0.00 AY=0.00 AZ=0.00 MX=-0.41 MY=0.54 MZ=0.38 SD=1
Time=3657897 High=18582.76 Pressure=58.31 TempIn=-50.63 TempOut=-4.31 GX=0.00 GY=0.00 GZ=0.00 AX=0.00 AY=0.00 AZ=0.00 MX=-0.46 MY=0.52 MZ=0.37 SD=1
Time=3661147 High=18618.15 Pressure=57.89 TempIn=-50.63 TempOut=-4.37 GX=0.00 GY=0.00 GZ=0.00 AX=0.00 AY=0.00 AZ=0.00 MX=-0.53 MY=0.41 MZ=0.39 SD=1
mpOut=-4.44 GX=0.00 GY=0.00 GZ=0.00 AX=0.00 AY=0.00 AZ=0.00 MX=-0.42 MY=0.21 MZ=0.47 SD=1
Time=3667647 High=18646.96 Pressure=57.55 TempIn=-50.63 TempOut=-4.50 GX=0.00 GY=0.00 GZ=0.00 AX=0.00 AY=0.00 AZ=0.00 MX=-0.29 MY=0.05 MZ=0.43 SD=1
Time=3670898 High=18681.88 Pressure=57.14 TempIn=-50.50 TempOut=-4.56 GX=0.00 GY=0.00 GZ=0.00 AX=0.00 AY=0.00 AZ=0.00 MX=-0.25 MY=0.08 MZ=0.45 SD=1
Time=3674126 High=18842.02 Pressure=55.29 TempIn=-50.50 TempOut=-4.62 GX=0.00 GY=0.00 GZ=0.00 AX=0.00 AY=0.00 AZ=0.00 MX=-0.08 MY=0.04 MZ=0.39 SD=1
Time=3677401 High=18733.35 Pressure=56.54 TempIn=-50.38 TempOut=-4.69 GX=0.00 GY=0.00 GZ=0.00 AX=0.00 AY=0.00 AZ=0.00 MX=-0.08 MY=0.34 MZ=0.44 SD=1
Time=3680653 High=18793.09 Pressure=55.85 TempIn=-50.38 TempOut=-4.69 GX=0.00 GY=0.00 GZ=0.00 AX=0.00 AY=0.00 AZ=0.00 MX=-0.01 MY=0.31 MZ=0.41 SD=1
Time=3683983 High=18755.79 Pressure=56.28 TempIn=-50.25 TempOut=-4.75 GX=0.00 GY=0.00 GZ=0.00 AX=0.00 AY=0.00 AZ=0.00 MX=-0.22 MY=0.53 MZ=0.41 SD=1
Time=3687260 High=18794.83 Pressure=55.83 TempIn=-50.38 TempOut=-4.81 GX=0.00 GY=0.00 GZ=0.00 AX=0.00 AY=0.00 AZ=0.00 MX=-0.26 MY=0.57 MZ=0.36 SD=1
Time=3690513 High=18774.84 Pressure=56.06 TempIn=-50.13 TempOut=-4.87 GX=0.00 GY=0.00 GZ=0.00 AX=0.00 AY=0.00 AZ=0.00 MX=-0.25 MY=0.49 MZ=0.42 SD=1
Time=3693744 High=18798.31 Pressure=55.79 TempIn=-50.13 TempOut=-4.94 GX=0.00 GY=0.00 GZ=0.00 AX=0.00 AY=0.00 AZ=0.00 MX=-0.25 MY=0.53 MZ=0.40 SD=1
Time=3697021 High=18829.75 Pressure=55.43 TempIn=-50.00 TempOut=-4.94 GX=0.00 GY=0.00 GZ=0.00 AX=0.00 AY=0.00 AZ=0.00 MX=-0.39 MY=0.56 MZ=0.36 SD=1
Time=3700276 High=18803.54 Pressure=55.73 TempIn=-49.88 TempOut=-5.00 GX=0.00 GY=0.00 GZ=0.00 AX=0.00 AY=0.00 AZ=0.00 MX=-0.33 MY=0.52 MZ=0.41 SD=1
Time=3703507 High=18826.24 Pressure=55.47 TempIn=-49.88 TempOut=-5.12 GX=0.00 GY=0.00 GZ=0.00 AX=0.00 AY=0.00 AZ=0.00 MX=-0.49 MY=0.50 MZ=0.36 SD=1
Time=3706785 High=18841.14 Pressure=55.30 TempIn=-50.00 TempOut=-5.12 GX=0.00 GY=0.00 GZ=0.00 AX=0.00 AY=0.00 AZ=0.00 MX=-0.41 MY=0.37 MZ=0.46 SD=1
Time=3710041 High=18863.99 Pressure=55.04 TempIn=-49.88 TempOut=-5.19 GX=0.00 GY=0.00 GZ=0.00 AX=0.00 AY=0.00 AZ=0.00 MX=-0.48 MY=0.42 MZ=0.41 SD=1
Time=3713273 High=18872.80 Pressure=54.94 TempIn=-49.88 TempOut=-5.25 GX=0.00 GY=0.00 GZ=0.00 AX=0.00 AY=0.00 AZ=0.00 MX=-0.62 MY=0.36 MZ=0.33 SD=1
Time=3716554 High=18901.97 Pressure=54.61 TempIn=-49.88 TempOut=-5.25 GX=0.00 GY=0.00 GZ=0.00 AX=0.00 AY=0.00 AZ=0.00 MX=-0.45 MY=0.44 MZ=0.41 SD=1
Time=3719811 High=18936.63 Pressure=54.22 TempIn=-49.88 TempOut=-5.31 GX=0.00 GY=0.00 GZ=0.00 AX=0.00 AY=0.00 AZ=0.00 MX=-0.61 MY=0.26 MZ=0.35 SD=1
Time=3723044 High=18961.63 Pressure=53.94 TempIn=-49.88 TempOut=-5.37 GX=0.00 GY=0.00 GZ=0.00 AX=0.00 AY=0.00 AZ=0.00 MX=-0.46 MY=0.42 MZ=0.42 SD=1
Time=3726325 High=19015.58 Pressure=53.34 TempIn=-49.88 TempOut=-5.44 GX=0.00 GY=0.00 GZ=0.00 AX=0.00 AY=0.00 AZ=0.00 MX=-0.56 MY=0.47 MZ=0.34 SD=1
Time=3729583 High=19067.28 Pressure=52.77 TempIn=-50.13 TempOut=-5.50 GX=0.00 GY=0.00 GZ=0.00 AX=0.00 AY=0.00 AZ=0.00 MX=-0.27 MY=0.28 MZ=0.48 SD=1
Time=3732820 High=19127.71 Pressure=52.11 TempIn=-50.13 TempOut=-5.56 GX=0.00 GY=0.00 GZ=0.00 AX=0.00 AY=0.00 AZ=0.00 MX=-0.34 MY=0.69 MZ=0.25 SD=1
Time=3736103 High=19140.61 Pressure=51.97 TempIn=-50.00 TempOut=-5.56 GX=0.00 GY=0.00 GZ=0.00 AX=0.00 AY=0.00 AZ=0.00 MX=-0.31 MY=0.39 MZ=0.47 SD=1
Time=3739362 High=19212.06 Pressure=51.20 TempIn=-50.13 TempOut=-5.62 GX=0.00 GY=0.00 GZ=0.00 AX=0.00 AY=0.00 AZ=0.00 MX=-0.02 MY=0.59 MZ=0.26 SD=1
Time=3742597 High=19306.17 Pressure=50.20 TempIn=-50.25 TempOut=-5.69 GX=0.00 GY=0.00 GZ=0.00 AX=0.00 AY=0.00 AZ=0.00 MX=-0.10 MY=0.37 MZ=0.44 SD=1
Time=3745880 High=19355.71 Pressure=49.68 TempIn=-50.38 TempOut=-5.75 GX=0.00 GY=0.00 GZ=0.00 AX=0.00 AY=0.00 AZ=0.00 MX=0.01 MY=0.15 MZ=0.38 SD=1
Time=3749140 High=19380.63 Pressure=49.42 TempIn=-50.38 TempOut=-5.81 GX=0.00 GY=0.00 GZ=0.00 AX=0.00 AY=0.00 AZ=0.00 MX=-0.05 MY=0.22 MZ=0.41 SD=1
Time=3752378 High=19357.62 Pressure=49.66 TempIn=-50.38 TempOut=-5.81 GX=0.00 GY=0.00 GZ=0.00 AX=0.00 AY=0.00 AZ=0.00 MX=-0.20 MY=0.21 MZ=0.47 SD=1
Time=3755663 High=19499.03 Pressure=48.20 TempIn=-50.38 TempOut=-5.87 GX=0.00 GY=0.00 GZ=0.00 AX=0.00 AY=0.00 AZ=0.00 MX=0.07 MY=0.13 MZ=0.33 SD=1
Time=3758926 High=19517.69 Pressure=48.01 TempIn=-50.25 TempOut=-5.94 GX=0.00 GY=0.00 GZ=0.00 AX=0.00 AY=0.00 AZ=0.00 MX=-0.07 MY=0.33 MZ=0.43 SD=1
Time=3762166 High=19579.98 Pressure=47.38 TempIn=-50.25 TempOut=-6.00 GX=0.00 GY=0.00 GZ=0.00 AX=0.00 AY=0.00 AZ=0.00 MX=0.03 MY=0.22 MZ=0.39 SD=1
Time=3765453 High=19592.91 Pressure=47.25 TempIn=-50.50 TempOut=-6.00 GX=0.00 GY=0.00 GZ=0.00 AX=0.00 AY=0.00 AZ=0.00 MX=-0.09 MY=0.41 MZ=0.42 SD=1
Time=3768718 High=19618.88 Pressure=46.99 TempIn=-50.50 TempOut=-6.06 GX=0.00 GY=0.00 GZ=0.00 AX=0.00 AY=0.00 AZ=0.00 MX=-0.03 MY=0.40 MZ=0.39 SD=1
Time=3771960 High=19634.91 Pressure=46.83 TempIn=-50.50 TempOut=-6.12 GX=0.00 GY=0.00 GZ=0.00 AX=0.00 AY=0.00 AZ=0.00 MX=-0.14 MY=0.51 MZ=0.39 SD=1
Time=3775180 High=19609.88 Pressure=47.08 TempIn=-50.50 TempOut=-6.19 GX=0.00 GY=0.00 GZ=0.00 AX=0.00 AY=0.00 AZ=0.00 MX=-0.21 MY=0.44 MZ=0.44 SD=1
Time=3778446 High=19667.11 Pressure=46.51 TempIn=-50.63 TempOut=-6.25 GX=0.00 GY=0.00 GZ=0.00 AX=0.00 AY=0.00 AZ=0.00 MX=-0.30 MY=0.56 MZ=0.39 SD=1
Time=3781689 High=19672.16 Pressure=46.46 TempIn=-50.50 TempOut=-6.25 GX=0.00 GY=0.00 GZ=0.00 AX=0.00 AY=0.00 AZ=0.00 MX=-0.26 MY=0.35 MZ=0.47 SD=1
Time=3784909 High=19701.52 Pressure=46.17 TempIn=-50.50 Te0 MX=-0.64 MY=0.31 MZ=0.31 SD=1
Time=3788176 High=19754.55 Pressure=45.65 TempIn=-50.50 TempOut=-6.37 GX=0.00 GY=0.00 GZ=0.00 AX=0.00 AY=0.00 AZ=0.00 MX=-0.23 MY=0.09 MZ=0.45 SD=1
Time=3791421 High=19916.63 Pressure=44.09 TempIn=-50.63 TempOut=-6.44 GX=0.00 GY=0.00 GZ=0.00 AX=0.00 AY=0.00 AZ=0.00 MX=-0.02 MY=-0.03 MZ=0.33 SD=1
Time=3794642 High=19880.91 Pressure=44.43 TempIn=-50.38 TempOut=-6.44 GX=0.00 GY=0.00 GZ=0.00 AX=0.00 AY=0.00 AZ=0.00 MX=-0.12 MY=0.47 MZ=0.42 SD=1
mpOut=-6.50 GX=0.00 GY=0.00 GZ=0.00 AX=0.00 AY=0.00 AZ=0.00 MX=-0.48 MY=0.37 MZ=0.41 SD=1
Time=3801153 High=19885.10 Pressure=44.39 TempIn=-50.38 TempOut=-6.56 GX=0.00 GY=0.00 GZ=0.00 AX=0.00 AY=0.00 AZ=0.00 MX=-0.24 MY=-0.01 MZ=0.40 SD=1
Time=3804374 High=19975.94 Pressure=43.53 TempIn=-50.38 TempOut=-6.62 GX=0.00 GY=0.00 GZ=0.00 AX=0.00 AY=0.00 AZ=0.00 MX=-0.11 MY=0.29 MZ=0.45 SD=1
Time=3807641 High=19949.39 Pressure=43.78 TempIn=-50.13 TempOut=-6.69 GX=0.00 GY=0.00 GZ=0.00 AX=0.00 AY=0.00 AZ=0.00 MX=-0.44 MY=0.60 MZ=0.31 SD=1
Time=3810885 High=19924.01 Pressure=44.02 TempIn=-50.13 TempOut=-6.69 GX=0.00 GY=0.00 GZ=0.00 AX=0.00 AY=0.00 AZ=0.00 MX=-0.37 MY=0.27 MZ=0.47 SD=1
Time=3814106 High=19982.33 Pressure=43.47 TempIn=-50.25 TempOut=-6.75 GX=0.00 GY=0.00 GZ=0.00 AX=0.00 AY=0.00 AZ=0.00 MX=-0.13 MY=0.01 MZ=0.40 SD=1
Time=3817374 High=20082.33 Pressure=42.54 TempIn=-50.25 TempOut=-6.81 GX=0.00 GY=0.00 GZ=0.00 AX=0.00 AY=0.00 AZ=0.00 MX=-0.13 MY=0.45 MZ=0.41 SD=1
Time=3820619 High=20047.72 Pressure=42.86 TempIn=-50.13 TempOut=-6.87 GX=0.00 GY=0.00 GZ=0.00 AX=0.00 AY=0.00 AZ=0.00 MX=-0.41 MY=0.61 MZ=0.32 SD=1
Time=3823841 High=20068.25 Pressure=42.67 TempIn=-50.13 TempOut=-6.87 GX=0.00 GY=0.00 GZ=0.00 AX=0.00 AY=0.00 AZ=0.00 MX=-0.41 MY=0.03 MZ=0.39 SD=1
Time=3827110 High=20111.69 Pressure=42.27 TempIn=-50.25 TempOut=-6.94 GX=0.00 GY=0.00 GZ=0.00 AX=0.00 AY=0.00 AZ=0.00 MX=-0.46 MY=0.16 MZ=0.41 SD=1
Time=3830357 High=20261.94 Pressure=40.91 TempIn=-50.25 TempOut=-7.00 GX=0.00 GY=0.00 GZ=0.00 AX=0.00 AY=0.00 AZ=0.00 MX=0.12 MY=0.16 MZ=0.30 SD=1
Time=3833580 High=20198.49 Pressure=41.48 TempIn=-50.13 TempOut=-7.06 GX=0.00 GY=0.00 GZ=0.00 AX=0.00 AY=0.00 AZ=0.00 MX=-0.25 MY=0.12 MZ=0.46 SD=1
Time=3836851 High=20256.35 Pressure=40.96 TempIn=-50.25 TempOut=-7.06 GX=0.00 GY=0.00 GZ=0.00 AX=0.00 AY=0.00 AZ=0.00 MX=-0.14 MY=0.71 MZ=0.17 SD=1
Time=3840100 High=20256.35 Pressure=40.96 TempIn=-50.13 TempOut=-7.12 GX=0.00 GY=0.00 GZ=0.00 AX=0.00 AY=0.00 AZ=0.00 MX=-0.28 MY=0.22 MZ=0.47 SD=1
Time=3843325 High=20304.65 Pressure=40.53 TempIn=-50.25 TempOut=-7.19 GX=0.00 GY=0.00 GZ=0.00 AX=0.00 AY=0.00 AZ=0.00 MX=-0.69 MY=0.40 MZ=0.21 SD=1
Time=3846597 High=20346.54 Pressure=40.16 TempIn=-50.25 TempOut=-7.25 GX=0.00 GY=0.00 GZ=0.00 AX=0.00 AY=0.00 AZ=0.00 MX=-0.42 MY=0.21 MZ=0.45 SD=1
Time=3849847 High=20402.51 Pressure=39.67 TempIn=-50.25 TempOut=-7.25 GX=0.00 GY=0.00 GZ=0.00 AX=0.00 AY=0.00 AZ=0.00 MX=-0.27 MY=-0.07 MZ=0.36 SD=1
Time=3853073 High=20460.19 Pressure=39.17 TempIn=-50.50 TempOut=-7.31 GX=0.00 GY=0.00 GZ=0.00 AX=0.00 AY=0.00 AZ=0.00 MX=-0.11 MY=0.11 MZ=0.43 SD=1
Time=3856345 High=20800.88 Pressure=36.32 TempIn=-50.38 TempOut=-7.37 GX=0.00 GY=0.00 GZ=0.00 AX=0.00 AY=0.00 AZ=0.00 MX=-0.04 MY=0.09 MZ=0.39 SD=1
Time=3859594 High=20635.71 Pressure=37.68 TempIn=-50.38 TempOut=-7.37 GX=0.00 GY=0.00 GZ=0.00 AX=0.00 AY=0.00 AZ=0.00 MX=-0.03 MY=0.22 MZ=0.43 SD=1
Time=3862821 High=20610.63 Pressure=37.89 TempIn=-50.25 TempOut=-7.44 GX=0.00 GY=0.00 GZ=0.00 AX=0.00 AY=0.00 AZ=0.00 MX=-0.03 MY=0.29 MZ=0.41 SD=1
Time=3866093 High=20712.82 Pressure=37.04 TempIn=-50.38 TempOut=-7.50 GX=0.00 GY=0.00 GZ=0.00 AX=0.00 AY=0.00 AZ=0.00 MX=-0.06 MY=0.40 MZ=0.41 SD=1
Time=3869344 High=20729.84 Pressure=36.90 TempIn=-50.38 TempOut=-7.56 GX=0.00 GY=0.00 GZ=0.00 AX=0.00 AY=0.00 AZ=0.00 MX=-0.13 MY=0.40 MZ=0.44 SD=1
Time=3872571 High=20744.46 Pressure=36.78 TempIn=-50.38 TempOut=-7.56 GX=0.00 GY=0.00 GZ=0.00 AX=0.00 AY=0.00 AZ=0.00 MX=-0.13 MY=0.45 MZ=0.41 SD=1
Time=3875847 High=20767.70 Pressure=36.59 TempIn=-50.63 TempOut=-7.62 GX=0.00 GY=0.00 GZ=0.00 AX=0.00 AY=0.00 AZ=0.00 MX=-0.10 MY=0.23 MZ=0.44 SD=1
Time=3879099 High=20716.47 Pressure=37.01 TempIn=-50.25 TempOut=-7.69 GX=0.00 GY=0.00 GZ=0.00 AX=0.00 AY=0.00 AZ=0.00 MX=0.09 MY=0.34 MZ=0.32 SD=1
Time=3882327 High=20818.17 Pressure=36.18 TempIn=-50.25 TempOut=-7.75 GX=0.00 GY=0.00 GZ=0.00 AX=0.00 AY=0.00 AZ=0.00 MX=-0.08 MY=0.15 MZ=0.43 SD=1
Time=3885604 High=20791.03 Pressure=36.40 TempIn=-50.13 TempOut=-7.75 GX=0.00 GY=0.00 GZ=0.00 AX=0.00 AY=0.00 AZ=0.00 MX=-0.07 MY=0.05 MZ=0.39 SD=1
Time=3888857 High=20804.58 Pressure=36.29 TempIn=-50.13 TempOut=-7.81 GX=0.00 GY=0.00 GZ=0.00 AX=0.00 AY=0.00 AZ=0.00 MX=-0.10 MY=0.07 MZ=0.42 SD=1
Time=3892088 High=20830.55 Pressure=36.08 TempIn=-50.13 TempOut=-7.87 GX=0.00 GY=0.00 GZ=0.00 AX=0.00 AY=0.00 AZ=0.00 MX=-0.51 MY=0.12 MZ=0.40 SD=1
Time=3895366 High=20875.35 Pressure=35.72 TempIn=-50.13 TempOut=-7.94 GX=0.00 GY=0.00 GZ=0.00 AX=0.00 AY=0.00 AZ=0.00 MX=-0.34 MY=0.04 MZ=0.42 SD=1
Time=3898621 High=20936.92 Pressure=35.23 TempIn=-50.00 TempOut=-7.94 GX=0.00 GY=0.00 GZ=0.00 AX=0.00 AY=0.00 AZ=0.00 MX=-0.44 MY=0.63 MZ=0.30 SD=1
Time=3901852 High=20925.56 Pressure=35.32 TempIn=-50.00 TempOut=-8.00 GX=0.00 GY=0.00 GZ=0.00 AX=0.00 AY=0.00 AZ=0.00 MX=-0.55 MY=0.35 MZ=0.38 SD=1
Time=3905132 High=21023.53 Pressure=34.55 TempIn=-50.00 TempOut=-8.06 GX=0.00 GY=0.00 GZ=0.00 AX=0.00 AY=0.00 AZ=0.00 MX=0.05 MY=0.53 MZ=0.27 SD=1
Time=3908388 High=21031.24 Pressure=34.49 TempIn=-50.13 TempOut=-8.06 GX=0.00 GY=0.00 GZ=0.00 AX=0.00 AY=0.00 AZ=0.00 MX=-0.25 MY=0.52 MZ=0.41 SD=1
Time=3911622 High=21119.36 Pressure=33.81 TempIn=-50.00 TempOut=-8.13 GX=0.00 GY=0.00 GZ=0.00 AX=0.00 AY=0.00 AZ=0.00 MX=0.13 MY=0.05 MZ=0.24 SD=1
Time=3914904 High=21098.49 Pressure=33.97 TempIn=-49.88 TempOut=-8.19 GX=0.00 GY=0.00 GZ=0.00 AX=0.00 AY=0.00 AZ=0.00 MX=-0.12 MY=0.34 MZ=0.45 SD=1
Time=3918163 High=21208.93 Pressure=33.13 TempIn=-49.75 TempOut=-8.19 GX=0.00 GY=0.00 GZ=0.00 AX=0.00 AY=0.00 AZ=0.00 MX=-0.14 MY=-0.09 MZ=0.34 SD=1
Time=3921399 High=21191.69 Pressure=33.26 TempIn=-49.88 TempOut=-8.25 GX=0.00 GY=0.00 GZ=0.00 AX=0.00 AY=0.00 AZ=0.00 MX=-0.27 MY=0.25 MZ=0.48 SD=1
Time=3924681 High=21232.88 Pressure=32.95 TempIn=-50.00 TempOut=-8.31 GX=0.00 GY=0.00 GZ=0.00 AX=0.00 AY=0.00 AZ=0.00 MX=-0.54 MY=0.30 MZ=0.39 SD=1
Time=3927941 High=21290.55 Pressure=32.52 TempIn=-49.88 TempOut=-8.31 GX=0.00 GY=0.00 GZ=0.00 AX=0.00 AY=0.00 AZ=0.00 MX=-0.23 MY=0.52 MZ=0.40 SD=1
Time=3931176 High=21359.75 Pressure=32.01 TempIn=-49.75 TempOut=-8.38 GX=0.00 GY=0.00 GZ=0.00 AX=0.00 AY=0.00 AZ=0.00 MX=-0.17 MY=0.48 MZ=0.42 SD=1
Time=3934459 High=21460.37 Pressure=31.28 TempIn=-49.88 TempOut=-8.44 GX=0.00 GY=0.00 GZ=0.00 AX=0.00 AY=0.00 AZ=0.00 MX=0.05 MY=0.05 MZ=0.34 SD=1
Time=3937721 High=21376.16 Pressure=31.89 TempIn=-49.75 TempOut=-8.50 GX=0.00 GY=0.00 GZ=0.00 AX=0.00 AY=0.00 AZ=0.00 MX=-0.35 MY=0.17 MZ=0.47 SD=1
Time=3940959 High=21414.65 Pressure=31.61 TempIn=-49.75 TempOut=-8.50 GX=0.00 GY=0.00 GZ=0.00 AX=0.00 AY=0.00 AZ=0.00 MX=-0.62 MY=0.36 MZ=0.33 SD=1
Time=3944245 High=21565.75 Pressure=30.53 TempIn=-50.00 TempOut=-8.56 GX=0.00 GY=0.00 GZ=0.00 AX=0.00 AY=0.00 AZ=0.00 MX=-0.05 MY=0.29 MZ=0.44 SD=1
mpOut=-8.63 GX=0.00 GY=0.00 GZ=0.00 AX=0.00 AY=0.00 AZ=0.00 MX=0.03 MY=0.21 MZ=0.40 SD=1
Time=3950748 High=21528.98 Pressure=30.79 TempIn=-50.00 TempOut=-8.63 GX=0.00 GY=0.00 GZ=0.00 AX=0.00 AY=0.00 AZ=0.00 MX=-0.65 MY=0.49 MZ=0.24 SD=1
Time=3954036 High=21552.99 Pressure=30.62 TempIn=-49.88 TempOut=-8.69 GX=0.00 GY=0.00 GZ=0.00 AX=0.00 AY=0.00 AZ=0.00 MX=-0.37 MY=0.26 MZ=0.47 SD=1
Time=3957299 High=21605.63 Pressure=30.25 TempIn=-50.00 TempOut=-8.75 GX=0.00 GY=0.00 GZ=0.00 AX=0.00 AY=0.00 AZ=0.00 MX=-0.22 MY=-0.24 MZ=0.15 SD=1
Time=3960541 High=21622.81 Pressure=30.13 TempIn=-50.13 TempOut=-8.75 GX=0.00 GY=0.00 GZ=0.00 AX=0.00 AY=0.00 AZ=0.00 MX=-0.13 MY=0.19 MZ=0.46 SD=1
mpOut=-8.81 GX=0.00 GY=0.00 GZ=0.00 AX=0.00 AY=0.00 AZ=0.00 MX=0.20 MY=-0.03 MZ=0.08 SD=1
Time=3967093 High=21677.59 Pressure=29.75 TempIn=-49.88 TempOut=-8.88 GX=0.00 GY=0.00 GZ=0.00 AX=0.00 AY=0.00 AZ=0.00 MX=-0.22 MY=0.63 MZ=0.31 SD=1
Time=3970335 High=21746.13 Pressure=29.28 TempIn=-49.75 TempOut=-8.88 GX=0.00 GY=0.00 GZ=0.00 AX=0.00 AY=0.00 AZ=0.00 MX=-0.20 MY=0.66 MZ=0.28 SD=1
Time=3973555 High=21730.01 Pressure=29.39 TempIn=-49.88 TempOut=-8.94 GX=0.00 GY=0.00 GZ=0.00 AX=0.00 AY=0.00 AZ=0.00 MX=-0.64 MY=0.04 MZ=0.21 SD=1
Time=3976820 High=21754.95 Pressure=29.22 TempIn=-49.75 TempOut=-9.00 GX=0.00 GY=0.00 GZ=0.00 AX=0.00 AY=0.00 AZ=0.00 MX=-0.39 MY=0.23 MZ=0.47 SD=1
Time=3980063 High=21785.91 Pressure=29.01 TempIn=-49.75 TempOut=-9.06 GX=0.00 GY=0.00 GZ=0.00 AX=0.00 AY=0.00 AZ=0.0Time=3983283 High=21890.46 Pressure=28.31 TempIn=-49.88 TempOut=-9.06 GX=0.00 GY=0.00 GZ=0.00 AX=0.00 AY=0.00 AZ=0.00 MX=0.03 MY=0.27 MZ=0.39 SD=1
Time=3986548 High=21828.97 Pressure=28.72 TempIn=-49.75 TempOut=-9.13 GX=0.00 GY=0.00 GZ=0.00 AX=0.00 AY=0.00 AZ=0.00 MX=-0.20 MY=-0.16 MZ=0.28 SD=1
Time=3989793 High=21940.47 Pressure=27.98 TempIn=-49.88 TempOut=-9.13 GX=0.00 GY=0.00 GZ=0.00 AX=0.00 AY=0.00 AZ=0.0Time=3993011 High=21926.78 Pressure=28.07 TempIn=-49.88 TempOut=-9.19 GX=0.00 GY=0.00 GZ=0.00 AX=0.00 AY=0.00 AZ=0.00 MX=-0.20 MY=0.12 MZ=0.42 SD=1
Time=3996277 High=21990.96 Pressure=27.65 TempIn=-50.13 TempOut=-9.25 GX=0.00 GY=0.00 GZ=0.00 AX=0.00 AY=0.00 AZ=0.00 MX=-0.67 MY=0.15 MZ=0.22 SD=1
Time=3999521 High=21994.04 Pressure=27.63 TempIn=-50.13 TempOut=-9.25 GX=0.00 GY=0.00 GZ=0.00 AX=0.00 AY=0.00 AZ=0.00 MX=-0.29 MY=0.01 MZ=0.39 SD=1
Time=4002741 High=22024.90 Pressure=27.43 TempIn=-50.13 TempOut=-9.31 GX=0.00 GY=0.00 GZ=0.00 AX=0.00 AY=0.00 AZ=0.00 MX=-0.43 MY=0.44 MZ=0.35 SD=1
Time=4006009 High=22077.78 Pressure=27.09 TempIn=-50.13 TempOut=-9.38 GX=0.00 GY=0.00 GZ=0.00 AX=0.00 AY=0.00 AZ=0.00 MX=-0.54 MY=-0.07 MZ=0.23 SD=1
Time=4009254 High=22087.16 Pressure=27.03 TempIn=-50.13 TempOut=-9.38 GX=0.00 GY=0.00 GZ=0.00 AX=0.00 AY=0.00 AZ=0.00 MX=-0.34 MY=0.27 MZ=0.42 SD=1
Time=4012475 High=22153.35 Pressure=26.61 TempIn=-50.25 TempOut=-9.44 GX=0.00 GY=0.00 GZ=0.00 AX=0.00 AY=0.00 AZ=0.00 MX=-0.44 MY=-0.19 MZ=0.19 SD=1
Time=4015742 High=22129.62 Pressure=26.76 TempIn=-50.25 TempOut=-9.50 GX=0.00 GY=0.00 GZ=0.00 AX=0.00 AY=0.00 AZ=0.00 MX=-0.15 MY=0.10 MZ=0.41 SD=1
Time=4018987 High=22159.70 Pressure=26.57 TempIn=-50.25 TempOut=-9.50 GX=0.00 GY=0.00 GZ=0.00 AX=0.00 AY=0.00 AZ=0.00 MX=-0.27 MY=-0.21 MZ=0.23 SD=1
Time=4022206 High=22278.55 Pressure=25.83 TempIn=-50.25 TempOut=-9.56 GX=0.00 GY=0.00 GZ=0.00 AX=0.00 AY=0.00 AZ=0.00 MX=0.13 MY=0.22 MZ=0.27 SD=1
Time=4025473 High=22194.75 Pressure=26.35 TempIn=-50.13 TempOut=-9.63 GX=0.00 GY=0.00 GZ=0.00 AX=0.00 AY=0.00 AZ=0.00 MX=-0.18 MY=-0.04 MZ=0.37 SD=1
Time=4028719 High=22238.09 Pressure=26.08 TempIn=-50.00 TempOut=-9.63 GX=0.00 GY=0.00 GZ=0.00 AX=0.00 AY=0.00 AZ=0.00 MX=0.19 MY=0.31 MZ=0.16 SD=1
Time=4031939 High=22268.81 Pressure=25.89 TempIn=-50.00 TempOut=-9.69 GX=0.00 GY=0.00 GZ=0.00 AX=0.00 AY=0.00 AZ=0.00 MX=-0.13 MY=0.22 MZ=0.42 SD=1
Time=4035208 High=22286.68 Pressure=25.78 TempIn=-50.00 TempOut=-9.69 GX=0.00 GY=0.00 GZ=0.00 AX=0.00 AY=0.00 AZ=0.00 MX=0.19 MY=0.39 MZ=0.09 SD=1
Time=4038454 High=22345.59 Pressure=25.42 TempIn=-49.88 TempOut=-9.75 GX=0.00 GY=0.00 GZ=0.00 AX=0.00 AY=0.00 AZ=0.00 MX=-0.42 MY=0.49 MZ=0.31 SD=1
Time=4041780 High=22376.96 Pressure=25.23 TempIn=-49.88 TempOut=-9.81 GX=0.00 GY=0.00 GZ=0.00 AX=0.00 AY=0.00 AZ=0.00 MX=-0.29 MY=0.62 MZ=0.24 SD=1
Time=4045052 High=22423.53 Pressure=24.95 TempIn=-50.00 TempOut=-9.81 GX=0.00 GY=0.00 GZ=0.00 AX=0.00 AY=0.00 AZ=0.0Time=4048300 High=22468.84 Pressure=24.68 TempIn=-50.00 TempOut=-9.88 GX=0.00 GY=0.00 GZ=0.00 AX=0.00 AY=0.00 AZ=0.00 MX=-0.33 MY=0.05 MZ=0.40 SD=1
mpOut=-9.94 GX=0.00 GY=0.00 GZ=0.00 AX=0.00 AY=0.00 AZ=0.00 MX=-0.52 MY=-0.18 MZ=0.12 SD=1
Time=4054797 High=22528.18 Pressure=24.33 TempIn=-50.13 TempOut=-9.94 GX=0.00 GY=0.00 GZ=0.00 AX=0.00 AY=0.00 AZ=0.00 MX=0.13 MY=-0.11 MZ=0.13 SD=1
Time=4058046 High=22517.96 Pressure=24.39 TempIn=-50.13 TempOut=-10.00 GX=0.00 GY=0.00 GZ=0.00 AX=0.00 AY=0.00 AZ=0.00 MX=-0.22 MY=0.03 MZ=0.40 SD=1
Time=4061272 High=22531.59 Pressure=24.31 TempIn=-50.00 TempOut=-10.00 GX=0.00 GY=0.00 GZ=0.00 AX=0.00 AY=0.00 AZ=0.00 MX=-0.38 MY=-0.28 MZ=0.06 SD=1
Time=4064542 High=22787.01 Pressure=22.85 TempIn=-50.38 TempOut=-10.06 GX=0.00 GY=0.00 GZ=0.00 AX=0.00 AY=0.00 AZ=0.00 MX=-0.14 MY=-0.16 MZ=0.28 SD=1
Time=4067788 High=22650.71 Pressure=23.62 TempIn=-50.50 TempOut=-10.13 GX=0.00 GY=0.00 GZ=0.00 AX=0.00 AY=0.00 AZ=0.00 MX=-0.52 MY=0.24 MZ=0.36 SD=1
Time=4071008 High=22708.68 Pressure=23.29 TempIn=-50.50 TempOut=-10.13 GX=0.00 GY=0.00 GZ=0.00 AX=0.00 AY=0.00 AZ=0.00 MX=-0.71 MY=0.04 MZ=0.08 SD=1
mpOut=-10.19 GX=0.00 GY=0.00 GZ=0.00 AX=0.00 AY=0.00 AZ=0.00 MX=-0.36 MY=-0.05 MZ=0.35 SD=1
Time=4077518 High=22803.19 Pressure=22.76 TempIn=-50.63 TempOut=-10.19 GX=0.00 GY=0.00 GZ=0.00 AX=0.00 AY=0.00 AZ=0.00 MX=-0.62 MY=0.26 MZ=0.27 SD=1
Time=4080806 High=22788.81 Pressure=22.84 TempIn=-50.50 TempOut=-9.50 GX=0.00 GY=0.00 GZ=0.00 AX=0.00 AY=0.00 AZ=0.00 MX=-0.42 MY=-0.26 MZ=0.07 SD=1
Time=4084070 High=22846.57 Pressure=22.52 TempIn=-50.63 TempOut=-9.31 GX=0.00 GY=0.00 GZ=0.00 AX=0.00 AY=0.00 AZ=0.00 MX=-0.19 MY=-0.01 MZ=0.38 SD=1
mpOut=-9.44 GX=0.00 GY=0.00 GZ=0.00 AX=0.00 AY=0.00 AZ=0.00 MX=-0.40 MY=-0.19 MZ=0.22 SD=1
Time=4090596 High=22872.05 Pressure=22.38 TempIn=-50.75 TempOut=-9.50 GX=0.00 GY=0.00 GZ=0.00 AX=0.00 AY=0.00 AZ=0.00 MX=0.22 MY=0.01 MZ=0.07 SD=1
Time=4093858 High=22864.76 Pressure=22.42 TempIn=-50.50 TempOut=-9.63 GX=0.00 GY=0.00 GZ=0.00 AX=0.00 AY=0.00 AZ=0.00 MX=-0.09 MY=0.11 MZ=0.39 SD=1
Time=4097098 High=22917.87 Pressure=22.13 TempIn=-50.38 TempOut=-9.69 GX=0.00 GY=0.00 GZ=0.00 AX=0.00 AY=0.00 AZ=0.00 MX=0.13 MY=-0.14 MZ=0.08 SD=1
Time=4100385 High=23008.91 Pressure=21.64 TempIn=-50.25 TempOut=-9.69 GX=0.00 GY=0.00 GZ=0.00 AX=0.00 AY=0.00 AZ=0.00 MX=0.10 MY=0.47 MZ=0.17 SD=1
Time=4103649 High=22956.69 Pressure=21.92 TempIn=-50.13 TempOut=-9.75 GX=0.00 GY=0.00 GZ=0.00 AX=0.00 AY=0.00 AZ=0.00 MX=0.08 MY=0.27 MZ=0.29 SD=1
Time=4106891 High=23016.42 Pressure=21.60 TempIn=-50.13 TempOut=-9.81 GX=0.00 GY=0.00 GZ=0.00 AX=0.00 AY=0.00 AZ=0.00 MX=-0.63 MY=0.58 MZ=0.03 SD=1
Time=4110110 High=23059.79 Pressure=21.37 TempIn=-50.13 TempOut=-9.81 GX=0.00 GY=0.00 GZ=0.00 AX=0.00 AY=0.00 AZ=0.00 MX=-0.34 MY=0.07 MZ=0.40 SD=1
Time=4113377 High=23054.12 Pressure=21.40 TempIn=-50.00 TempOut=-9.88 GX=0.00 GY=0.00 GZ=0.00 AX=0.00 AY=0.00 AZ=0.00 MX=-0.11 MY=-0.22 MZ=0.20 SD=1
Time=4116621 High=23165.07 Pressure=20.82 TempIn=-49.88 TempOut=-9.88 GX=0.00 GY=0.00 GZ=0.00 AX=0.00 AY=0.00 AZ=0.00 MX=-0.35 MY=0.64 MZ=0.20 SD=1
Time=4119840 High=23052.22 Pressure=21.41 TempIn=-49.75 TempOut=-9.94 GX=0.00 GY=0.00 GZ=0.00 AX=0.00 AY=0.00 AZ=0.00 MX=-0.43 MY=0.34 MZ=0.39 SD=1
Time=4123107 High=23067.38 Pressure=21.33 TempIn=-49.75 TempOut=-9.94 GX=0.00 GY=0.00 GZ=0.00 AX=0.00 AY=0.00 AZ=0.00 MX=0.01 MY=-0.24 MZ=0.08 SD=1
Time=4126351 High=23105.46 Pressure=21.13 TempIn=-49.63 TempOut=-10.00 GX=0.00 GY=0.00 GZ=0.00 AX=0.00 AY=0.00 AZ=0.00 MX=-0.26 MY=0.56 MZ=0.29 SD=1
Time=4129571 High=23128.45 Pressure=21.01 TempIn=-49.50 TempOut=-10.00 GX=0.00 GY=0.00 GZ=0.00 AX=0.00 AY=0.00 AZ=0.00 MX=-0.39 MY=0.53 MZ=0.30 SD=1
Time=4132838 High=23138.06 Pressure=20.96 TempIn=-49.50 TempOut=-10.06 GX=0.00 GY=0.00 GZ=0.00 AX=0.00 AY=0.00 AZ=0.00 MX=-0.32 MY=-0.29 MZ=0.07 SD=1
Time=4136081 High=23153.48 Pressure=20.88 TempIn=-49.50 TempOut=-10.06 GX=0.00 GY=0.00 GZ=0.00 AX=0.00 AY=0.00 AZ=0.00 MX=-0.07 MY=0.41 MZ=0.34 SD=1
Time=4139369 High=23298.40 Pressure=20.14 TempIn=-49.38 TempOut=-10.06 GX=0.00 GY=0.00 GZ=0.00 AX=0.00 AY=0.00 AZ=0.00 MX=-0.13 MY=0.60 MZ=0.22 SD=1
Time=4142633 High=23235.21 Pressure=20.46 TempIn=-49.38 TempOut=-10.06 GX=0.00 GY=0.00 GZ=0.00 AX=0.00 AY=0.00 AZ=0.00 MX=-0.44 MY=-0.23 MZ=0.09 SD=1
Time=4145872 High=23260.78 Pressure=20.33 TempIn=-49.25 TempOut=-10.13 GX=0.00 GY=0.00 GZ=0.00 AX=0.00 AY=0.00 AZ=0.00 MX=-0.04 MY=0.24 MZ=0.39 SD=1
mpOut=-10.13 GX=0.00 GY=0.00 GZ=0.00 AX=0.00 AY=0.00 AZ=0.00 MX=0.18 MY=0.43 MZ=0.11 SD=1
Time=4152417 High=23282.53 Pressure=20.22 TempIn=-49.00 TempOut=-10.13 GX=0.00 GY=0.00 GZ=0.00 AX=0.00 AY=0.00 AZ=0.00 MX=-0.72 MY=0.31 MZ=0.08 SD=1
Time=4155654 High=23286.49 Pressure=20.20 TempIn=-49.00 TempOut=-10.19 GX=0.00 GY=0.00 GZ=0.00 AX=0.00 AY=0.00 AZ=0.00 MX=-0.43 MY=0.17 MZ=0.40 SD=1
Time=4158937 High=23278.56 Pressure=20.24 TempIn=-48.88 TempOut=-10.19 GX=0.00 GY=0.00 GZ=0.00 AX=0.00 AY=0.00 AZ=0.00 MX=0.05 MY=-0.25 MZ=0.00 SD=1
Time=4162197 High=23330.29 Pressure=19.98 TempIn=-48.75 TempOut=-10.25 GX=0.00 GY=0.00 GZ=0.00 AX=0.00 AY=0.00 AZ=0.00 MX=-0.14 MY=0.53 MZ=0.30 SD=1
Time=4165432 High=23342.31 Pressure=19.92 TempIn=-48.50 TempOut=-10.25 GX=0.00 GY=0.00 GZ=0.00 AX=0.00 AY=0.00 AZ=0.00 MX=-0.31 MY=0.60 MZ=0.25 SD=1
Time=4168713 High=23338.30 Pressure=19.94 TempIn=-48.38 TempOut=-10.25 GX=0.00 GY=0.00 GZ=0.00 AX=0.00 AY=0.00 AZ=0.00 MX=-0.22 MY=-0.28 MZ=0.09 SD=1
Time=4171970 High=23338.30 Pressure=19.94 TempIn=-48.38 TempOut=-10.25 GX=0.00 GY=0.00 GZ=0.00 AX=0.00 AY=0.00 AZ=0.00 MX=-0.14 MY=0.37 MZ=0.39 SD=1
Time=4175201 High=23437.46 Pressure=19.45 TempIn=-48.25 TempOut=-10.31 GX=0.00 GY=0.00 GZ=0.00 AX=0.00 AY=0.00 AZ=0.00 MX=-0.33 MY=0.68 MZ=0.14 SD=1
Time=4178478 High=23455.89 Pressure=19.36 TempIn=-48.13 TempOut=-10.31 GX=0.00 GY=0.00 GZ=0.00 AX=0.00 AY=0.00 AZ=0.00 MX=-0.31 MY=-0.21 MZ=0.20 SD=1
Time=4181732 High=23356.37 Pressure=19.85 TempIn=-48.00 TempOut=-10.38 GX=0.00 GY=0.00 GZ=0.00 AX=0.00 AY=0.00 AZ=0.00 MX=-0.22 MY=0.04 MZ=0.40 SD=1
Time=4184960 High=23400.80 Pressure=19.63 TempIn=-47.88 TempOut=-10.38 GX=0.00 GY=0.00 GZ=0.00 AX=0.00 AY=0.00 AZ=0.00 MX=0.24 MY=0.24 MZ=0.09 SD=1
Time=4188234 High=23400.80 Pressure=19.63 TempIn=-47.88 TempOut=-10.38 GX=0.00 GY=0.00 GZ=0.00 AX=0.00 AY=0.00 AZ=0.00 MX=-0.40 MY=0.51 MZ=0.31 SD=1
Time=4191486 High=23530.32 Pressure=19.00 TempIn=-47.63 TempOut=-10.38 GX=0.00 GY=0.00 GZ=0.00 AX=0.00 AY=0.00 AZ=0.00 MX=-0.16 MY=0.54 MZ=0.30 SD=1
Time=4194712 High=23417.06 Pressure=19.55 TempIn=-47.50 TempOut=-10.44 GX=0.00 GY=0.00 GZ=0.00 AX=0.00 AY=0.00 AZ=0.00 MX=-0.65 MY=0.53 MZ=0.06 SD=1
Time=4197986 High=23417.06 Pressure=19.55 TempIn=-47.38 TempOut=-10.44 GX=0.00 GY=0.00 GZ=0.00 AX=0.00 AY=0.00 AZ=0.00 MX=-0.38 MY=0.25 MZ=0.41 SD=1
Time=4201234 High=23511.61 Pressure=19.09 TempIn=-47.13 TempOut=-10.50 GX=0.00 GY=0.00 GZ=0.00 AX=0.00 AY=0.00 AZ=0.00 MX=-0.41 MY=0.64 MZ=0.17 SD=1
Time=4204458 High=23427.25 Pressure=19.50 TempIn=-47.13 TempOut=-10.50 GX=0.00 GY=0.00 GZ=0.00 AX=0.00 AY=0.00 AZ=0.00 MX=-0.67 MY=0.28 MZ=0.21 SD=1
Time=4207729 High=23451.79 Pressure=19.38 TempIn=-46.88 TempOut=-10.56 GX=0.00 GY=0.00 GZ=0.00 AX=0.00 AY=0.00 AZ=0.00 MX=-0.26 MY=0.41 MZ=0.39 SD=1
Time=4210977 High=23462.05 Pressure=19.33 TempIn=-46.88 TempOut=-10.56 GX=0.00 GY=0.00 GZ=0.00 AX=0.00 AY=0.00 AZ=0.00 MX=-0.53 MY=0.64 MZ=0.06 SD=1
Time=4214198 High=23408.92 Pressure=19.59 TempIn=-46.63 TempOut=-10.56 GX=0.00 GY=0.00 GZ=0.00 AX=0.00 AY=0.00 AZ=0.00 MX=-0.56 MY=0.30 MZ=0.31 SD=1
Time=4217467 High=23565.86 Pressure=18.83 TempIn=-46.38 TempOut=-10.63 GX=0.00 GY=0.00 GZ=0.00 AX=0.00 AY=0.00 AZ=0.00 MX=-0.12 MY=0.55 MZ=0.27 SD=1
Time=4220712 High=23427.25 Pressure=19.50 TempIn=-46.25 TeTime=4223932 High=23431.33 Pressure=19.48 TempIn=-46.00 TempOut=-10.63 GX=0.00 GY=0.00 GZ=0.00 AX=0.00 AY=0.00 AZ=0.00 MX=-0.28 MY=0.38 MZ=0.40 SD=1
mpOut=-10.69 GX=0.00 GY=0.00 GZ=0.00 AX=0.00 AY=0.00 AZ=0.00 MX=0.08 MY=0.54 MZ=0.13 SD=1
Time=4230440 High=23565.86 Pressure=18.83 TempIn=-45.75 TempOut=-10.69 GX=0.00 GY=0.00 GZ=0.00 AX=0.00 AY=0.00 AZ=0.Time=4233660 High=23501.24 Pressure=19.14 TempIn=-45.75 TempOut=-10.69 GX=0.00 GY=0.00 GZ=0.00 AX=0.00 AY=0.00 AZ=0.00 MX=-0.10 MY=0.41 MZ=0.37 SD=1
Time=4236925 High=23572.16 Pressure=18.80 TempIn=-45.75 TempOut=-10.75 GX=0.00 GY=0.00 GZ=0.00 AX=0.00 AY=0.00 AZ=0.00 MX=-0.37 MY=0.70 MZ=0.05 SD=1
Time=4240166 High=23542.83 Pressure=18.94 TempIn=-45.50 TempOut=-10.75 GX=0.00 GY=0.00 GZ=0.00 AX=0.00 AY=0.00 AZ=0.00 MX=-0.50 MY=0.30 MZ=0.36 SD=1
Time=4243454 High=23661.22 Pressure=18.38 TempIn=-45.38 TempOut=-10.75 GX=0.00 GY=0.00 GZ=0.00 AX=0.00 AY=0.00 AZ=0.00 MX=-0.19 MY=0.61 MZ=0.25 SD=1
Time=4246718 High=23652.67 Pressure=18.42 TempIn=-45.25 Te00 MX=-0.58 MY=0.54 MZ=0.14 SD=1
Time=4249957 High=23559.57 Pressure=18.86 TempIn=-45.00 TempOut=-10.81 GX=0.00 GY=0.00 GZ=0.00 AX=0.00 AY=0.00 AZ=0.00 MX=-0.23 MY=0.29 MZ=0.42 SD=1
Time=4253242 High=23627.10 Pressure=18.54 TempIn=-44.88 TempOut=-10.88 GX=0.00 GY=0.00 GZ=0.00 AX=0.00 AY=0.00 AZ=0.00 MX=-0.24 MY=0.67 MZ=0.16 SD=1
Time=4256504 High=23567.96 Pressure=18.82 TempIn=-44.88 TempOut=-10.94 GX=0.00 GY=0.00 GZ=0.00 AX=0.00 AY=0.00 AZ=0.00 MX=-0.49 MY=0.39 MZ=0.33 SD=1
mpOut=-10.94 GX=0.00 GY=0.00 GZ=0.00 AX=0.00 AY=0.00 AZ=0.00 MX=-0.05 MY=0.47 MZ=0.30 SD=1
Time=4263024 High=23689.12 Pressure=18.25 TempIn=-44.88 Te00 MX=-0.42 MY=0.66 MZ=0.10 SD=1
Time=4266284 High=23697.74 Pressure=18.21 TempIn=-44.63 TempOut=-10.88 GX=0.00 GY=0.00 GZ=0.00 AX=0.00 AY=0.00 AZ=0.00 MX=-0.27 MY=0.35 MZ=0.40 SD=1
Time=4269522 High=23758.49 Pressure=17.93 TempIn=-44.50 TempOut=-10.94 GX=0.00 GY=0.00 GZ=0.00 AX=0.00 AY=0.00 AZ=0.00 MX=-0.17 MY=0.67 MZ=0.14 SD=1
Time=4272806 High=23708.53 Pressure=18.16 TempIn=-44.38 TempOut=-12.38 GX=0.00 GY=0.00 GZ=0.00 AX=0.00 AY=0.00 AZ=0.Time=4276063 High=23721.51 Pressure=18.10 TempIn=-44.13 TempOut=-11.13 GX=0.00 GY=0.00 GZ=0.00 AX=0.00 AY=0.00 AZ=0.00 MX=-0.10 MY=0.46 MZ=0.33 SD=1
Time=4279295 High=23734.53 Pressure=18.04 TempIn=-44.13 TempOut=-10.56 GX=0.00 GY=0.00 GZ=0.00 AX=0.00 AY=0.00 AZ=0.00 MX=-0.33 MY=0.70 MZ=0.06 SD=1
Time=4282573 High=23747.58 Pressure=17.98 TempIn=-44.00 TempOut=-11.00 GX=0.00 GY=0.00 GZ=0.00 AX=0.00 AY=0.00 AZ=0.00 MX=-0.38 MY=0.34 MZ=0.39 SD=1
Time=4285826 High=23875.62 Pressure=17.40 TempIn=-43.75 TempOut=-10.94 GX=0.00 GY=0.00 GZ=0.00 AX=0.00 AY=0.00 AZ=0.00 MX=-0.07 MY=0.61 MZ=0.18 SD=1
Time=4289055 High=23786.96 Pressure=17.80 TempIn=-43.75 TempOut=-10.81 GX=0.00 GY=0.00 GZ=0.00 AX=0.00 AY=0.00 AZ=0.00 MX=-0.55 MY=0.48 MZ=0.22 SD=1
Time=4292330 High=23797.95 Pressure=17.75 TempIn=-43.63 TempOut=-11.00 GX=0.00 GY=0.00 GZ=0.00 AX=0.00 AY=0.00 AZ=0.00 MX=-0.14 MY=0.40 MZ=0.37 SD=1
Time=4295578 High=23864.45 Pressure=17.45 TempIn=-43.50 TempOut=-11.38 GX=0.00 GY=0.00 GZ=0.00 AX=0.00 AY=0.00 AZ=0.00 MX=-0.38 MY=0.68 MZ=0.12 SD=1
Time=4298802 High=23837.74 Pressure=17.57 TempIn=-43.50 TempOut=-10.75 GX=0.00 GY=0.00 GZ=0.00 AX=0.00 AY=0.00 AZ=0.00 MX=-0.35 MY=0.28 MZ=0.41 SD=1
Time=4302071 High=23961.39 Pressure=17.02 TempIn=-43.25 TempOut=-11.19 GX=0.00 GY=0.00 GZ=0.00 AX=0.00 AY=0.00 AZ=0.00 MX=-0.11 MY=0.58 MZ=0.24 SD=1
Time=4305319 High=23877.86 Pressure=17.39 TempIn=-43.25 TempOut=-11.19 GX=0.00 GY=0.00 GZ=0.00 AX=0.00 AY=0.00 AZ=0.00 MX=-0.53 MY=0.36 MZ=0.30 SD=1
Time=4308544 High=23954.56 Pressure=17.05 TempIn=-43.00 TempOut=-11.25 GX=0.00 GY=0.00 GZ=0.00 AX=0.00 AY=0.00 AZ=0.00 MX=-0.12 MY=0.40 MZ=0.38 SD=1
Time=4311815 High=23931.87 Pressure=17.15 TempIn=-42.88 Te00 MX=-0.52 MY=0.56 MZ=0.18 SD=1
Time=4315063 High=23873.38 Pressure=17.41 TempIn=-42.63 TempOut=-11.31 GX=0.00 GY=0.00 GZ=0.00 AX=0.00 AY=0.00 AZ=0.00 MX=-0.28 MY=0.28 MZ=0.41 SD=1
Time=4318284 High=23931.87 Pressure=17.15 TempIn=-42.50 TempOut=-11.31 GX=0.00 GY=0.00 GZ=0.00 AX=0.00 AY=0.00 AZ=0.Time=4321552 High=23877.86 Pressure=17.39 TempIn=-42.38 TempOut=-11.31 GX=0.00 GY=0.00 GZ=0.00 AX=0.00 AY=0.00 AZ=0.00 MX=-0.46 MY=0.30 MZ=0.37 SD=1
Time=4324797 High=24039.45 Pressure=16.68 TempIn=-42.13 Te00 MX=-0.07 MY=0.50 MZ=0.30 SD=1
Time=4328017 High=23909.29 Pressure=17.25 TempIn=-42.13 TempOut=-11.38 GX=0.00 GY=0.00 GZ=0.00 AX=0.00 AY=0.00 AZ=0.00 MX=-0.50 MY=0.39 MZ=0.33 SD=1
Time=4331283 High=23988.79 Pressure=16.90 TempIn=-41.88 Te00 MX=-0.07 MY=0.31 MZ=0.38 SD=1
Time=4334525 High=23943.20 Pressure=17.10 TempIn=-41.88 TempOut=-11.44 GX=0.00 GY=0.00 GZ=0.00 AX=0.00 AY=0.00 AZ=0.00 MX=-0.59 MY=0.38 MZ=0.25 SD=1
mpOut=-11.50 GX=0.00 GY=0.00 GZ=0.00 AX=0.00 AY=0.00 AZ=0.00 MX=-0.26 MY=0.33 MZ=0.42 SD=1
Time=4347535 High=24462.95 Pressure=14.93 TempIn=-41.38 TempOut=-11.50 GX=0.00 GY=0.00 GZ=0.00 AX=0.00 AY=0.00 AZ=0.Time=4350798 High=23940.93 Pressure=17.11 TempIn=-41.25 TempOut=-11.56 GX=0.00 GY=0.00 GZ=0.00 AX=0.00 AY=0.00 AZ=0.00 MX=-0.38 MY=0.13 MZ=0.40 SD=1
Time=4354036 High=23993.38 Pressure=16.88 TempIn=-41.25 TempOut=-11.56 GX=0.00 GY=0.00 GZ=0.00 AX=0.00 AY=0.00 AZ=0.00 MX=-0.50 MY=0.42 MZ=0.31 SD=1
Time=4357320 High=24034.82 Pressure=16.70 TempIn=-41.13 TempOut=-11.56 GX=0.00 GY=0.00 GZ=0.00 AX=0.00 AY=0.00 AZ=0.00 MX=-0.11 MY=0.40 MZ=0.36 SD=1
Time=4360581 High=24149.52 Pressure=16.21 TempIn=-40.88 TempOut=-11.63 GX=0.00 GY=0.00 GZ=0.00 AX=0.00 AY=0.00 AZ=0.00 MX=-0.03 MY=0.33 MZ=0.36 SD=1
Time=4363817 High=24187.57 Pressure=16.05 TempIn=-40.75 TempOut=-11.63 GX=0.00 GY=0.00 GZ=0.00 AX=0.00 AY=0.00 AZ=0.00 MX=0.01 MY=0.16 MZ=0.37 SD=1
Time=4367099 High=24225.94 Pressure=15.89 TempIn=-40.50 TempOut=-11.63 GX=0.00 GY=0.00 GZ=0.00 AX=0.00 AY=0.00 AZ=0.00 MX=0.04 MY=0.17 MZ=0.35 SD=1
Time=4370358 High=24213.92 Pressure=15.94 TempIn=-40.38 TempOut=-11.69 GX=0.00 GY=0.00 GZ=0.00 AX=0.00 AY=0.00 AZ=0.00 MX=0.00 MY=0.30 MZ=0.36 SD=1
Time=4373594 High=24088.32 Pressure=16.47 TempIn=-40.25 TempOut=-11.69 GX=0.00 GY=0.00 GZ=0.00 AX=0.00 AY=0.00 AZ=0.00 MX=-0.21 MY=0.40 MZ=0.40 SD=1
Time=4376877 High=24090.65 Pressure=16.46 TempIn=-40.13 TempOut=-11.69 GX=0.00 GY=0.00 GZ=0.00 AX=0.00 AY=0.00 AZ=0.00 MX=-0.35 MY=0.55 MZ=0.28 SD=1
mpOut=-11.75 GX=0.00 GY=0.00 GZ=0.00 AX=0.00 AY=0.00 AZ=0.00 MX=-0.45 MY=0.21 MZ=0.38 SD=1
Time=4383370 High=24037.14 Pressure=16.69 TempIn=-39.88 TempOut=-11.75 GX=0.00 GY=0.00 GZ=0.00 AX=0.00 AY=0.00 AZ=0.00 MX=-0.08 MY=-0.05 MZ=0.34 SD=1
Time=4386651 High=24166.13 Pressure=16.14 TempIn=-39.63 TempOut=-11.75 GX=0.00 GY=0.00 GZ=0.00 AX=0.00 AY=0.00 AZ=0.00 MX=-0.10 MY=0.35 MZ=0.39 SD=1
mpOut=-11.81 GX=0.00 GY=0.00 GZ=0.00 AX=0.00 AY=0.00 AZ=0.00 MX=-0.42 MY=0.17 MZ=0.39 SD=1
Time=4393138 High=24432.66 Pressure=15.05 TempIn=-39.38 TempOut=-11.81 GX=0.00 GY=0.00 GZ=0.00 AX=0.00 AY=0.00 AZ=0.00 MX=-0.04 MY=0.03 MZ=0.35 SD=1
Time=4396513 High=24076.64 Pressure=16.52 TempIn=-39.25 Te00 MX=-0.38 MY=0.47 MZ=0.33 SD=1
Time=4399768 High=24062.66 Pressure=16.58 TempIn=-39.25 TempOut=-11.88 GX=0.00 GY=0.00 GZ=0.00 AX=0.00 AY=0.00 AZ=0.00 MX=-0.26 MY=-0.02 MZ=0.38 SD=1
Time=4402997 High=24235.58 Pressure=15.85 TempIn=-39.00 TempOut=-11.88 GX=0.00 GY=0.00 GZ=0.00 AX=0.00 AY=0.00 AZ=0.00 MX=-0.06 MY=0.41 MZ=0.33 SD=1
Time=4406271 High=24093.00 Pressure=16.45 TempIn=-38.88 TempOut=-11.94 GX=0.00 GY=0.00 GZ=0.00 AX=0.00 AY=0.00 AZ=0.00 MX=-0.44 MY=0.19 MZ=0.38 SD=1
Time=4409521 High=24242.83 Pressure=15.82 TempIn=-38.88 TempOut=-11.94 GX=0.00 GY=0.00 GZ=0.00 AX=0.00 AY=0.00 AZ=0.00 MX=-0.12 MY=0.08 MZ=0.39 SD=1
Time=4412746 High=24182.80 Pressure=16.07 TempIn=-38.63 TempOut=-11.94 GX=0.00 GY=0.00 GZ=0.00 AX=0.00 AY=0.00 AZ=0.00 MX=-0.26 MY=0.47 MZ=0.34 SD=1
Time=4416017 High=24147.15 Pressure=16.22 TempIn=-38.38 TempOut=-12.00 GX=0.00 GY=0.00 GZ=0.00 AX=0.00 AY=0.00 AZ=0.00 MX=-0.50 MY=0.13 MZ=0.35 SD=1
Time=4419265 High=24425.12 Pressure=15.08 TempIn=-38.38 TempOut=-12.00 GX=0.00 GY=0.00 GZ=0.00 AX=0.00 AY=0.00 AZ=0.00 MX=0.04 MY=0.16 MZ=0.35 SD=1
Time=4422488 High=24221.13 Pressure=15.91 TempIn=-38.25 TempOut=-12.00 GX=0.00 GY=0.00 GZ=0.00 AX=0.00 AY=0.00 AZ=0.00 MX=-0.12 MY=0.44 MZ=0.34 SD=1
Time=4425758 High=24206.72 Pressure=15.97 TempIn=-38.00 Te00 MX=-0.32 MY=0.30 MZ=0.41 SD=1
Time=4429005 High=24235.58 Pressure=15.85 TempIn=-38.00 TempOut=-12.06 GX=0.00 GY=0.00 GZ=0.00 AX=0.00 AY=0.00 AZ=0.00 MX=-0.32 MY=-0.08 MZ=0.34 SD=1
Time=4432227 High=24442.73 Pressure=15.01 TempIn=-37.88 TempOut=-12.06 GX=0.00 GY=0.00 GZ=0.00 AX=0.00 AY=0.00 AZ=0.00 MX=-0.04 MY=0.11 MZ=0.38 SD=1
Time=4435494 High=24425.12 Pressure=15.08 TempIn=-37.63 TempOut=-12.13 GX=0.00 GY=0.00 GZ=0.00 AX=0.00 AY=0.00 AZ=0.00 MX=0.02 MY=0.31 MZ=0.34 SD=1
Time=4438737 High=24262.20 Pressure=15.74 TempIn=-37.50 TempOut=-12.13 GX=0.00 GY=0.00 GZ=0.00 AX=0.00 AY=0.00 AZ=0.00 MX=-0.20 MY=0.46 MZ=0.35 SD=1
Time=4441957 High=24206.72 Pressure=15.97 TempIn=-37.38 TempOut=-12.13 GX=0.00 GY=0.00 GZ=0.00 AX=0.00 AY=0.00 AZ=0.00 MX=-0.28 MY=0.38 MZ=0.39 SD=1
Time=4445223 High=24235.58 Pressure=15.85 TempIn=-37.25 TempOut=-12.19 GX=0.00 GY=0.00 GZ=0.00 AX=0.00 AY=0.00 AZ=0.00 MX=-0.52 MY=0.29 MZ=0.33 SD=1
Time=4451683 High=24267.05 Pressure=15.72 TempIn=-37.13 TempOut=-12.19 GX=0.00 GY=0.00 GZ=0.00 AX=0.00 AY=0.00 AZ=0.00 MX=-0.39 MY=0.12 MZ=0.43 SD=1
Time=4454947 High=24301.18 Pressure=15.58 TempIn=-37.13 TempOut=-12.25 GX=0.00 GY=0.00 GZ=0.00 AX=0.00 AY=0.00 AZ=0.00 MX=-0.29 MY=-0.01 MZ=0.40 SD=1
Time=4458187 High=24301.18 Pressure=15.58 TempIn=-37.00 TempOut=-12.25 GX=0.00 GY=0.00 GZ=0.00 AX=0.00 AY=0.00 AZ=0.00 MX=-0.32 MY=0.15 MZ=0.45 SD=1
Time=4461472 High=24333.09 Pressure=15.45 TempIn=-37.00 TempOut=-12.25 GX=0.00 GY=0.00 GZ=0.00 AX=0.00 AY=0.00 AZ=0.00 MX=-0.38 MY=0.09 MZ=0.42 SD=1
Time=4467969 High=24412.57 Pressure=15.13 TempIn=-37.00 TempOut=-12.31 GX=0.00 GY=0.00 GZ=0.00 AX=0.00 AY=0.00 AZ=0.00 MX=-0.47 MY=0.15 MZ=0.40 SD=1
Time=4471251 High=24447.78 Pressure=14.99 TempIn=-36.88 TempOut=-12.38 GX=0.00 GY=0.00 GZ=0.00 AX=0.00 AY=0.00 AZ=0.mpOut=-12.38 GX=0.00 GY=0.00 GZ=0.00 AX=0.00 AY=0.00 AZ=0.mpOut=-12.38 GX=0.00 GY=0.00 GZ=0.00 AX=0.00 AY=0.00 AZ=0.00 MX=-0.04 MY=0.39 MZ=0.39 SD=1
Time=4484281 High=24630.53 Pressure=14.28 TempIn=-36.38 TempOut=-12.44 GX=0.00 GY=0.00 GZ=0.00 AX=0.00 AY=0.00 AZ=0.00 MX=-0.00 MY=0.29 MZ=0.38 SD=1
00 MX=-0.28 MY=0.11 MZ=0.45 SD=1
mpOut=-12.50 GX=0.00 GY=0.00 GZ=0.00 AX=0.00 AY=0.00 AZ=0.00 MX=-0.48 MY=0.45 MZ=0.37 SD=1
Time=4500547 High=24573.13 Pressure=14.50 TempIn=-35.75 TempOut=-12.56 GX=0.00 GY=0.00 GZ=0.00 AX=0.00 AY=0.00 AZ=0.00 MX=-0.17 MY=0.45 MZ=0.41 SD=1
Time=4503798 High=24704.62 Pressure=14.00 TempIn=-35.63 TempOut=-12.56 GX=0.00 GY=0.00 GZ=0.00 AX=0.00 AY=0.00 AZ=0.00 MX=0.03 MY=0.46 MZ=0.33 SD=1
Time=4507024 High=24842.72 Pressure=13.49 TempIn=-35.50 TempOut=-12.56 GX=0.00 GY=0.00 GZ=0.00 AX=0.00 AY=0.00 AZ=0.00 MX=-0.04 MY=0.23 MZ=0.42 SD=1
Time=4510297 High=24573.13 Pressure=14.50 TempIn=-35.25 TempOut=-12.56 GX=0.00 GY=0.00 GZ=0.00 AX=0.00 AY=0.00 AZ=0.00 MX=-0.10 MY=0.18 MZ=0.44 SD=1
Time=4513547 High=24633.15 Pressure=14.27 TempIn=-35.25 TempOut=-12.56 GX=0.00 GY=0.00 GZ=0.00 AX=0.00 AY=0.00 AZ=0.00 MX=-0.27 MY=-0.02 MZ=0.39 SD=1
Time=4516772 High=24599.13 Pressure=14.40 TempIn=-35.13 TempOut=-12.63 GX=0.00 GY=0.00 GZ=0.00 AX=0.00 AY=0.00 AZ=0.00 MX=-0.34 MY=0.08 MZ=0.42 SD=1
00 MX=-0.60 MY=0.28 MZ=0.32 SD=1
Time=4523288 High=24651.58 Pressure=14.20 TempIn=-35.00 TempOut=-12.63 GX=0.00 GY=0.00 GZ=0.00 AX=0.00 AY=0.00 AZ=0.00 MX=-0.40 MY=0.32 MZ=0.44 SD=1
Time=4526509 High=24630.53 Pressure=14.28 TempIn=-34.88 TempOut=-12.69 GX=0.00 GY=0.00 GZ=0.00 AX=0.00 AY=0.00 AZ=0.00 MX=-0.34 MY=0.52 MZ=0.38 SD=1
Time=4529777 High=24699.29 Pressure=14.02 TempIn=-34.75 TempOut=-12.69 GX=0.00 GY=0.00 GZ=0.00 AX=0.00 AY=0.00 AZ=0.Time=4533021 High=24864.77 Pressure=13.41 TempIn=-34.63 Te00 MX=-0.06 MY=0.42 MZ=0.40 SD=1
Time=4536240 High=24809.85 Pressure=13.61 TempIn=-34.50 TempOut=-12.69 GX=0.00 GY=0.00 GZ=0.00 AX=0.00 AY=0.00 AZ=0.00 MX=0.12 MY=0.32 MZ=0.31 SD=1
Time=4539505 High=24831.74 Pressure=13.53 TempIn=-34.25 TempOut=-12.75 GX=0.00 GY=0.00 GZ=0.00 AX=0.00 AY=0.00 AZ=0.00 MX=-0.14 MY=0.28 MZ=0.44 SD=1
Time=4542748 High=24976.62 Pressure=13.01 TempIn=-34.00 Te00 MX=0.02 MY=0.08 MZ=0.36 SD=1
Time=4545966 High=24717.98 Pressure=13.95 TempIn=-33.88 TempOut=-12.75 GX=0.00 GY=0.00 GZ=0.00 AX=0.00 AY=0.00 AZ=0.00 MX=-0.16 MY=0.19 MZ=0.46 SD=1
Time=4549231 High=25555.85 Pressure=11.09 TempIn=-33.75 TempOut=-12.81 GX=0.00 GY=0.00 GZ=0.00 AX=0.00 AY=0.00 AZ=0.00 MX=0.00 MY=0.04 MZ=0.36 SD=1
Time=4552473 High=24962.49 Pressure=13.06 TempIn=-33.63 TempOut=-12.81 GX=0.00 GY=0.00 GZ=0.00 AX=0.00 AY=0.00 AZ=0.00 MX=-0.09 MY=0.12 MZ=0.41 SD=1
Time=4555691 High=25842.03 Pressure=10.23 TempIn=-33.38 TempOut=-12.81 GX=0.00 GY=0.00 GZ=0.00 AX=0.00 AY=0.00 AZ=0.00 MX=-0.01 MY=0.05 MZ=0.35 SD=1
Time=4558955 High=25033.59 Pressure=12.81 TempIn=-33.50 TempOut=-12.81 GX=0.00 GY=0.00 GZ=0.00 AX=0.00 AY=0.00 AZ=0.00 MX=-0.08 MY=0.18 MZ=0.42 SD=1
Time=4562196 High=24970.96 Pressure=13.03 TempIn=-33.13 TempOut=-12.88 GX=0.00 GY=0.00 GZ=0.00 AX=0.00 AY=0.00 AZ=0.00 MX=-0.11 MY=0.20 MZ=0.44 SD=1
Time=4565483 High=25111.66 Pressure=12.54 TempIn=-33.00 TempOut=-12.88 GX=0.00 GY=0.00 GZ=0.00 AX=0.00 AY=0.00 AZ=0.00 MX=0.06 MY=0.23 MZ=0.35 SD=1
Time=4568746 High=24886.92 Pressure=13.33 TempIn=-32.88 TempOut=-12.88 GX=0.00 GY=0.00 GZ=0.00 AX=0.00 AY=0.00 AZ=0.00 MX=-0.07 MY=0.31 MZ=0.41 SD=1
Time=4571985 High=25071.01 Pressure=12.68 TempIn=-32.63 TempOut=-12.88 GX=0.00 GY=0.00 GZ=0.00 AX=0.00 AY=0.00 AZ=0.00 MX=0.07 MY=0.38 MZ=0.31 SD=1
Time=4575271 High=25039.33 Pressure=12.79 TempIn=-32.50 TempOut=-12.94 GX=0.00 GY=0.00 GZ=0.00 AX=0.00 AY=0.00 AZ=0.00 MX=-0.13 MY=0.41 MZ=0.41 SD=1
Time=4578533 High=24859.25 Pressure=13.43 TempIn=-32.38 TempOut=-12.94 GX=0.00 GY=0.00 GZ=0.00 AX=0.00 AY=0.00 AZ=0.00 MX=-0.13 MY=0.43 MZ=0.41 SD=1
Time=4581771 High=24965.31 Pressure=13.05 TempIn=-32.38 TempOut=-12.94 GX=0.00 GY=0.00 GZ=0.00 AX=0.00 AY=0.00 AZ=0.00 MX=-0.23 MY=0.57 MZ=0.33 SD=1
Time=4585057 High=24945.59 Pressure=13.12 TempIn=-32.13 TempOut=-12.94 GX=0.00 GY=0.00 GZ=0.00 AX=0.00 AY=0.00 AZ=0.00 MX=-0.30 MY=0.51 MZ=0.38 SD=1
Time=4588319 High=24895.26 Pressure=13.30 TempIn=-31.87 TempOut=-13.00 GX=0.00 GY=0.00 GZ=0.00 AX=0.00 AY=0.00 AZ=0.00 MX=-0.52 MY=0.46 MZ=0.33 SD=1
Time=4591555 High=24864.77 Pressure=13.41 TempIn=-31.87 TempOut=-13.00 GX=0.00 GY=0.00 GZ=0.00 AX=0.00 AY=0.00 AZ=0.00 MX=-0.44 MY=0.39 MZ=0.40 SD=1
Time=4594837 High=24873.06 Pressure=13.38 TempIn=-31.75 TempOut=-13.00 GX=0.00 GY=0.00 GZ=0.00 AX=0.00 AY=0.00 AZ=0.00 MX=-0.51 MY=0.22 MZ=0.39 SD=1
Time=4598096 High=24917.56 Pressure=13.22 TempIn=-31.62 TeTime=4604611 High=24970.96 Pressure=13.03 TempIn=-31.50 TempOut=-13.00 GX=0.00 GY=0.00 GZ=0.00 AX=0.00 AY=0.00 AZ=0.00 MX=-0.39 MY=0.08 MZ=0.40 SD=1
Time=4607868 High=25007.87 Pressure=12.90 TempIn=-31.37 TempOut=-13.06 GX=0.00 GY=0.00 GZ=0.00 AX=0.00 AY=0.00 AZ=0.00 MX=-0.33 MY=0.05 MZ=0.41 SD=1
Time=4611099 High=25033.59 Pressure=12.81 TempIn=-31.25 TempOut=-13.06 GX=0.00 GY=0.00 GZ=0.00 AX=0.00 AY=0.00 AZ=0.00 MX=-0.26 MY=0.03 MZ=0.41 SD=1
Time=4614376 High=25068.12 Pressure=12.69 TempIn=-31.12 TempOut=-13.06 GX=0.00 GY=0.00 GZ=0.00 AX=0.00 AY=0.00 AZ=0.00 MX=-0.21 MY=0.05 MZ=0.41 SD=1
Time=4617631 High=25068.12 Pressure=12.69 TempIn=-31.12 TempOut=-13.13 GX=0.00 GY=0.00 GZ=0.00 AX=0.00 AY=0.00 AZ=0.00 MX=-0.11 MY=0.07 MZ=0.41 SD=1
Time=4620861 High=25082.59 Pressure=12.64 TempIn=-30.87 TempOut=-13.13 GX=0.00 GY=0.00 GZ=0.00 AX=0.00 AY=0.00 AZ=0.00 MX=-0.23 MY=0.08 MZ=0.43 SD=1
Time=4624137 High=25117.50 Pressure=12.52 TempIn=-30.87 TempOut=-13.13 GX=0.00 GY=0.00 GZ=0.00 AX=0.00 AY=0.00 AZ=0.00 MX=-0.12 MY=0.03 MZ=0.39 SD=1
Time=4627388 High=25135.05 Pressure=12.46 TempIn=-30.62 TempOut=-13.13 GX=0.00 GY=0.00 GZ=0.00 AX=0.00 AY=0.00 AZ=0.00 MX=-0.18 MY=0.03 MZ=0.41 SD=1
Time=4630615 High=25152.68 Pressure=12.40 TempIn=-30.75 TempOut=-13.13 GX=0.00 GY=0.00 GZ=0.00 AX=0.00 AY=0.00 AZ=0.00 MX=-0.15 MY=0.04 MZ=0.40 SD=1
Time=4633888 High=25173.32 Pressure=12.33 TempIn=-30.75 TempOut=-13.19 GX=0.00 GY=0.00 GZ=0.00 AX=0.00 AY=0.00 AZ=0.00 MX=-0.17 MY=0.09 MZ=0.42 SD=1
Time=4637138 High=25179.24 Pressure=12.31 TempIn=-30.62 TempOut=-13.19 GX=0.00 GY=0.00 GZ=0.00 AX=0.00 AY=0.00 AZ=0.00 MX=-0.16 MY=0.09 MZ=0.43 SD=1
Time=4640362 High=25256.88 Pressure=12.05 TempIn=-30.62 TempOut=-13.19 GX=0.00 GY=0.00 GZ=0.00 AX=0.00 AY=0.00 AZ=0.00 MX=-0.15 MY=0.04 MZ=0.40 SD=1
Time=4643634 High=25259.89 Pressure=12.04 TempIn=-30.50 TempOut=-13.19 GX=0.00 GY=0.00 GZ=0.00 AX=0.00 AY=0.00 AZ=0.00 MX=-0.23 MY=0.04 MZ=0.43 SD=1
Time=4646880 High=25259.89 Pressure=12.04 TempIn=-30.37 TempOut=-13.19 GX=0.00 GY=0.00 GZ=0.00 AX=0.00 AY=0.00 AZ=0.Time=4650101 High=25278.02 Pressure=11.98 TempIn=-30.37 TempOut=-13.19 GX=0.00 GY=0.00 GZ=0.00 AX=0.00 AY=0.00 AZ=0.00 MX=-0.28 MY=0.09 MZ=0.43 SD=1
Time=4653368 High=25345.10 Pressure=11.76 TempIn=-30.37 TempOut=-13.25 GX=0.00 GY=0.00 GZ=0.00 AX=0.00 AY=0.00 AZ=0.00 MX=-0.29 MY=0.05 MZ=0.41 SD=1
Time=4656612 High=25348.17 Pressure=11.75 TempIn=-30.37 TempOut=-13.25 GX=0.00 GY=0.00 GZ=0.00 AX=0.00 AY=0.00 AZ=0.00 MX=-0.30 MY=0.15 MZ=0.45 SD=1
Time=4659830 High=25394.52 Pressure=11.60 TempIn=-30.37 TempOut=-13.25 GX=0.00 GY=0.00 GZ=0.00 AX=0.00 AY=0.00 AZ=0.00 MX=-0.34 MY=0.03 MZ=0.40 SD=1
mpOut=-13.25 GX=0.00 GY=0.00 GZ=0.00 AX=0.00 AY=0.00 AZ=0.00 MX=-0.41 MY=0.08 MZ=0.38 SD=1
Time=4669551 High=25428.83 Pressure=11.49 TempIn=-30.00 TempOut=-13.25 GX=0.00 GY=0.00 GZ=0.00 AX=0.00 AY=0.00 AZ=0.00 MX=-0.43 MY=0.17 MZ=0.41 SD=1
Time=4672813 High=25463.40 Pressure=11.38 TempIn=-29.87 TempOut=-13.25 GX=0.00 GY=0.00 GZ=0.00 AX=0.00 AY=0.00 AZ=0.00 MX=-0.43 MY=0.18 MZ=0.41 SD=1
Time=4676051 High=25444.51 Pressure=11.44 TempIn=-29.75 TempOut=-13.25 GX=0.00 GY=0.00 GZ=0.00 AX=0.00 AY=0.00 AZ=0.00 MX=-0.45 MY=0.26 MZ=0.42 SD=1
Time=4679335 High=25466.55 Pressure=11.37 TempIn=-29.75 TempOut=-13.31 GX=0.00 GY=0.00 GZ=0.00 AX=0.00 AY=0.00 AZ=0.00 MX=-0.44 MY=0.21 MZ=0.42 SD=1
Time=4682596 High=25495.06 Pressure=11.28 TempIn=-29.62 TempOut=-13.31 GX=0.00 GY=0.00 GZ=0.00 AX=0.00 AY=0.00 AZ=0.00 MX=-0.48 MY=0.39 MZ=0.36 SD=1
Time=4685832 High=25510.97 Pressure=11.23 TempIn=-29.50 TempOut=-13.31 GX=0.00 GY=0.00 GZ=0.00 AX=0.00 AY=0.00 AZ=0.00 MX=-0.43 MY=0.39 MZ=0.40 SD=1
Time=4689114 High=25581.70 Pressure=11.01 TempIn=-29.50 TempOut=-13.31 GX=0.00 GY=0.00 GZ=0.00 AX=0.00 AY=0.00 AZ=0.00 MX=-0.39 MY=0.53 MZ=0.35 SD=1
Time=4692373 High=25501.42 Pressure=11.26 TempIn=-29.25 TempOut=-13.31 GX=0.00 GY=0.00 GZ=0.00 AX=0.00 AY=0.00 AZ=0.00 MX=-0.25 MY=0.49 MZ=0.40 SD=1
Time=4695607 High=25510.97 Pressure=11.23 TempIn=-29.00 TempOut=-13.31 GX=0.00 GY=0.00 GZ=0.00 AX=0.00 AY=0.00 AZ=0.00 MX=-0.20 MY=0.52 MZ=0.39 SD=1
Time=4698889 High=25653.57 Pressure=10.79 TempIn=-28.87 TempOut=-13.31 GX=0.00 GY=0.00 GZ=0.00 AX=0.00 AY=0.00 AZ=0.00 MX=-0.08 MY=0.44 MZ=0.40 SD=1
Time=4702149 High=25676.69 Pressure=10.72 TempIn=-28.75 TempOut=-13.31 GX=0.00 GY=0.00 GZ=0.00 AX=0.00 AY=0.00 AZ=0.00 MX=-0.08 MY=0.48 MZ=0.38 SD=1
Time=4705383 High=25581.70 Pressure=11.01 TempIn=-28.62 TempOut=-13.38 GX=0.00 GY=0.00 GZ=0.00 AX=0.00 AY=0.00 AZ=0.00 MX=0.03 MY=0.23 MZ=0.39 SD=1
Time=4708661 High=25932.38 Pressure=9.97 TempIn=-28.37 TempOut=-13.38 GX=0.00 GY=0.00 GZ=0.00 AX=0.00 AY=0.00 AZ=0.00 MX=0.05 MY=0.20 MZ=0.37 SD=1
Time=4711916 High=25760.26 Pressure=10.47 TempIn=-28.25 TempOut=-13.38 GX=0.00 GY=0.00 GZ=0.00 AX=0.00 AY=0.00 AZ=0.00 MX=-0.11 MY=0.07 MZ=0.40 SD=1
mpOut=-13.38 GX=0.00 GY=0.00 GZ=0.00 AX=0.00 AY=0.00 AZ=0.00 MX=-0.04 MY=0.08 MZ=0.38 SD=1
Time=4718429 High=25584.94 Pressure=11.00 TempIn=-28.25 TempOut=-13.38 GX=0.00 GY=0.00 GZ=0.00 AX=0.00 AY=0.00 AZ=0.00 MX=-0.13 MY=0.10 MZ=0.43 SD=1
Time=4721684 High=25597.93 Pressure=10.96 TempIn=-28.12 TempOut=-13.38 GX=0.00 GY=0.00 GZ=0.00 AX=0.00 AY=0.00 AZ=0.00 MX=-0.14 MY=0.04 MZ=0.40 SD=1
Time=4724915 High=25633.85 Pressure=10.85 TempIn=-27.87 TempOut=-13.38 GX=0.00 GY=0.00 GZ=0.00 AX=0.00 AY=0.00 AZ=0.00 MX=-0.18 MY=0.10 MZ=0.44 SD=1
Time=4728195 High=25630.57 Pressure=10.86 TempIn=-27.75 TempOut=-13.38 GX=0.00 GY=0.00 GZ=0.00 AX=0.00 AY=0.00 AZ=0.00 MX=-0.22 MY=0.03 MZ=0.40 SD=1
Time=4731449 High=25630.57 Pressure=10.86 TempIn=-27.50 TempOut=-13.38 GX=0.00 GY=0.00 GZ=0.00 AX=0.00 AY=0.00 AZ=0.00 MX=-0.09 MY=0.08 MZ=0.40 SD=1
Time=4734680 High=25797.55 Pressure=10.36 TempIn=-27.37 TempOut=-13.44 GX=0.00 GY=0.00 GZ=0.00 AX=0.00 AY=0.00 AZ=0.00 MX=-0.10 MY=0.09 MZ=0.42 SD=1
Time=4737955 High=26057.07 Pressure=9.62 TempIn=-27.12 TempOut=-13.44 GX=0.00 GY=0.00 GZ=0.00 AX=0.00 AY=0.00 AZ=0.00 MX=0.08 MY=0.20 MZ=0.36 SD=1
Time=4741206 High=26042.64 Pressure=9.66 TempIn=-27.00 TempOut=-13.44 GX=0.00 GY=0.00 GZ=0.00 AX=0.00 AY=0.00 AZ=0.00 MX=-0.05 MY=0.15 MZ=0.41 SD=1
Time=4744436 High=25633.85 Pressure=10.85 TempIn=-26.87 TempOut=-13.44 GX=0.00 GY=0.00 GZ=0.00 AX=0.00 AY=0.00 AZ=0.00 MX=0.05 MY=0.29 MZ=0.39 SD=1
Time=4747714 High=25992.50 Pressure=9.80 TempIn=-26.75 TempOut=-13.44 GX=0.00 GY=0.00 GZ=0.00 AX=0.00 AY=0.00 AZ=0.00 MX=-0.03 MY=0.34 MZ=0.40 SD=1
Time=4750968 High=25939.41 Pressure=9.95 TempIn=-26.75 TempOut=-13.44 GX=0.00 GY=0.00 GZ=0.00 AX=0.00 AY=0.00 AZ=0.00 MX=-0.07 MY=0.46 MZ=0.37 SD=1
Time=4754293 High=25807.78 Pressure=10.33 TempIn=-26.50 TempOut=-13.44 GX=0.00 GY=0.00 GZ=0.00 AX=0.00 AY=0.00 AZ=0.00 MX=-0.28 MY=0.54 MZ=0.36 SD=1
Time=4757573 High=25773.79 Pressure=10.43 TempIn=-26.25 TempOut=-13.44 GX=0.00 GY=0.00 GZ=0.00 AX=0.00 AY=0.00 AZ=0.00 MX=-0.16 MY=0.53 MZ=0.36 SD=1
Time=4760829 High=25706.59 Pressure=10.63 TempIn=-26.00 TempOut=-13.44 GX=0.00 GY=0.00 GZ=0.00 AX=0.00 AY=0.00 AZ=0.00 MX=-0.35 MY=0.48 MZ=0.38 SD=1
Time=4764059 High=25686.63 Pressure=10.69 TempIn=-25.87 TempOut=-13.44 GX=0.00 GY=0.00 GZ=0.00 AX=0.00 AY=0.00 AZ=0.00 MX=-0.40 MY=0.40 MZ=0.41 SD=1
Time=4767336 High=25699.93 Pressure=10.65 TempIn=-25.87 TempOut=-13.44 GX=0.00 GY=0.00 GZ=0.00 AX=0.00 AY=0.00 AZ=0.00 MX=-0.47 MY=0.36 MZ=0.38 SD=1
Time=4770590 High=25719.95 Pressure=10.59 TempIn=-25.62 TempOut=-13.50 GX=0.00 GY=0.00 GZ=0.00 AX=0.00 AY=0.00 AZ=0.00 MX=-0.39 MY=0.11 MZ=0.40 SD=1
00 MX=-0.36 MY=0.13 MZ=0.41 SD=1
Time=4780344 High=25787.35 Pressure=10.39 TempIn=-25.50 TempOut=-13.50 GX=0.00 GY=0.00 GZ=0.00 AX=0.00 AY=0.00 AZ=0.00 MX=-0.32 MY=0.01 MZ=0.37 SD=1
Time=4783569 High=25852.36 Pressure=10.20 TempIn=-25.37 TempOut=-13.50 GX=0.00 GY=0.00 GZ=0.00 AX=0.00 AY=0.00 AZ=0.00 MX=-0.25 MY=0.08 MZ=0.43 SD=1
Time=4786842 High=25883.50 Pressure=10.11 TempIn=-25.25 TeTime=4790091 High=25890.45 Pressure=10.09 TempIn=-25.12 TempOut=-13.50 GX=0.00 GY=0.00 GZ=0.00 AX=0.00 AY=0.00 AZ=0.00 MX=-0.31 MY=0.07 MZ=0.41 SD=1
pOut=-13.50 GX=0.00 GY=0.00 GZ=0.00 AX=0.00 AY=0.00 AZ=0.00 MX=-0.31 MY=0.12 MZ=0.42 SD=1
Time=4803057 High=25946.45 Pressure=9.93 TempIn=-24.87 TempOut=-13.50 GX=0.00 GY=0.00 GZ=0.00 AX=0.00 AY=0.00 AZ=0.00 MX=-0.44 MY=0.15 MZ=0.39 SD=1
Time=4806328 High=26017.50 Pressure=9.73 TempIn=-24.87 TempOut=-13.50 GX=0.00 GY=0.00 GZ=0.00 AX=0.00 AY=0.00 AZ=0.00 MX=-0.40 MY=0.21 MZ=0.42 SD=1
Time=4809577 High=26042.64 Pressure=9.66 TempIn=-24.75 TempOut=-13.50 GX=0.00 GY=0.00 GZ=0.00 AX=0.00 AY=0.00 AZ=0.00 MX=-0.47 MY=0.29 MZ=0.39 SD=1
Time=4812802 High=26064.31 Pressure=9.60 TempIn=-24.75 TempOut=-13.50 GX=0.00 GY=0.00 GZ=0.00 AX=0.00 AY=0.00 AZ=0.00 MX=-0.42 MY=0.25 MZ=0.42 SD=1
Time=4816075 High=26049.85 Pressure=9.64 TempIn=-24.75 TempOut=-13.50 GX=0.00 GY=0.00 GZ=0.00 AX=0.00 AY=0.00 AZ=0.00 MX=-0.47 MY=0.32 MZ=0.38 SD=1
Time=4819325 High=26118.97 Pressure=9.45 TempIn=-24.75 TempOut=-13.50 GX=0.00 GY=0.00 GZ=0.00 AX=0.00 AY=0.00 AZ=0.00 MX=-0.43 MY=0.38 MZ=0.39 SD=1
Time=4822551 High=26133.66 Pressure=9.41 TempIn=-24.62 TempOut=-13.50 GX=0.00 GY=0.00 GZ=0.00 AX=0.00 AY=0.00 AZ=0.00 MX=-0.37 MY=0.47 MZ=0.37 SD=1
Time=4825825 High=26111.64 Pressure=9.47 TempIn=-24.50 TempOut=-13.50 GX=0.00 GY=0.00 GZ=0.00 AX=0.00 AY=0.00 AZ=0.00 MX=-0.30 MY=0.49 MZ=0.38 SD=1
pOut=-13.50 GX=0.00 GY=0.00 GZ=0.00 AX=0.00 AY=0.00 AZ=0.00 MX=-0.16 MY=0.50 MZ=0.38 SD=1
Time=4832304 High=26100.67 Pressure=9.50 TempIn=-24.62 TempOut=-13.50 GX=0.00 GY=0.00 GZ=0.00 AX=0.00 AY=0.00 AZ=0.00 MX=-0.15 MY=0.39 MZ=0.43 SD=1
Time=4835579 High=26178.05 Pressure=9.29 TempIn=-24.87 TempOut=-13.50 GX=0.00 GY=0.00 GZ=0.00 AX=0.00 AY=0.00 AZ=0.00 MX=-0.04 MY=0.44 MZ=0.39 SD=1
Time=4838832 High=26268.24 Pressure=9.05 TempIn=-25.12 TempOut=-13.50 GX=0.00 GY=0.00 GZ=0.00 AX=0.00 AY=0.00 AZ=0.00 MX=0.08 MY=0.20 MZ=0.37 SD=1
Time=4842061 High=25740.06 Pressure=10.53 TempIn=-25.50 TempOut=-13.50 GX=0.00 GY=0.00 GZ=0.00 AX=0.00 AY=0.00 AZ=0.00 MX=-0.21 MY=0.24 MZ=0.46 SD=1
00 MX=-0.06 MY=-0.21 MZ=0.14 SD=1
Time=4848593 High=25604.44 Pressure=10.94 TempIn=-26.87 TempOut=-13.50 GX=0.00 GY=0.00 GZ=0.00 AX=0.00 AY=0.00 AZ=0.Time=4851821 High=25488.71 Pressure=11.30 TempIn=-27.50 TempOut=-13.56 GX=0.00 GY=0.00 GZ=0.00 AX=0.00 AY=0.00 AZ=0.00 MX=-0.12 MY=-0.02 MZ=0.39 SD=1
00 MX=0.21 MY=0.10 MZ=0.20 SD=1
Time=4861572 High=25293.17 Pressure=11.93 TempIn=-29.12 TempOut=-13.56 GX=0.00 GY=0.00 GZ=0.00 AX=0.00 AY=0.00 AZ=0.00 MX=-0.06 MY=0.22 MZ=0.44 SD=1
Time=4864843 High=25176.28 Pressure=12.32 TempIn=-29.62 TempOut=-13.56 GX=0.00 GY=0.00 GZ=0.00 AX=0.00 AY=0.00 AZ=0.00 MX=-0.34 MY=0.35 MZ=0.44 SD=1
Time=4868092 High=25450.79 Pressure=11.42 TempIn=-30.37 TempOut=-13.56 GX=0.00 GY=0.00 GZ=0.00 AX=0.00 AY=0.00 AZ=0.00 MX=0.11 MY=0.05 MZ=0.30 SD=1
Time=4871314 High=25191.10 Pressure=12.27 TempIn=-30.87 TempOut=-13.56 GX=0.00 GY=0.00 GZ=0.00 AX=0.00 AY=0.00 AZ=0.00 MX=-0.01 MY=0.33 MZ=0.41 SD=1
Time=4874583 High=24917.56 Pressure=13.22 TempIn=-31.50 TempOut=-13.56 GX=0.00 GY=0.00 GZ=0.00 AX=0.00 AY=0.00 AZ=0.00 MX=-0.34 MY=0.18 MZ=0.44 SD=1
Time=4877828 High=24834.48 Pressure=13.52 TempIn=-32.25 TempOut=-13.56 GX=0.00 GY=0.00 GZ=0.00 AX=0.00 AY=0.00 AZ=0.00 MX=-0.40 MY=0.44 MZ=0.39 SD=1
Time=4881048 High=24678.02 Pressure=14.10 TempIn=-32.75 TempOut=-13.63 GX=0.00 GY=0.00 GZ=0.00 AX=0.00 AY=0.00 AZ=0.00 MX=-0.38 MY=0.05 MZ=0.37 SD=1
Time=4884315 High=24726.01 Pressure=13.92 TempIn=-33.63 TempOut=-13.63 GX=0.00 GY=0.00 GZ=0.00 AX=0.00 AY=0.00 AZ=0.00 MX=-0.34 MY=0.15 MZ=0.44 SD=1
Time=4887558 High=24758.29 Pressure=13.80 TempIn=-34.00 TempOut=-13.63 GX=0.00 GY=0.00 GZ=0.00 AX=0.00 AY=0.00 AZ=0.00 MX=-0.24 MY=0.69 MZ=0.22 SD=1
mpOut=-13.63 GX=0.00 GY=0.00 GZ=0.00 AX=0.00 AY=0.00 AZ=0.00 MX=-0.39 MY=0.35 MZ=0.43 SD=1
Time=4894041 High=24440.21 Pressure=15.02 TempIn=-35.13 TempOut=-13.63 GX=0.00 GY=0.00 GZ=0.00 AX=0.00 AY=0.00 AZ=0.00 MX=-0.26 MY=0.58 MZ=0.36 SD=1
Time=4897282 High=24274.34 Pressure=15.69 TempIn=-35.38 TempOut=-13.69 GX=0.00 GY=0.00 GZ=0.00 AX=0.00 AY=0.00 AZ=0.00 MX=-0.64 MY=0.43 MZ=0.20 SD=1
Time=4900569 High=24240.41 Pressure=15.83 TempIn=-36.00 TempOut=-13.69 GX=0.00 GY=0.00 GZ=0.00 AX=0.00 AY=0.00 AZ=0.00 MX=-0.17 MY=0.36 MZ=0.46 SD=1
Time=4903831 High=24209.12 Pressure=15.96 TempIn=-36.38 TempOut=-13.69 GX=0.00 GY=0.00 GZ=0.00 AX=0.00 AY=0.00 AZ=0.00 MX=-0.47 MY=0.62 MZ=0.22 SD=1
Time=4907070 High=24185.19 Pressure=16.06 TempIn=-36.75 TempOut=-13.69 GX=0.00 GY=0.00 GZ=0.00 AX=0.00 AY=0.00 AZ=0.00 MX=0.06 MY=0.37 MZ=0.35 SD=1
Time=4910355 High=23866.68 Pressure=17.44 TempIn=-36.88 TempOut=-13.69 GX=0.00 GY=0.00 GZ=0.00 AX=0.00 AY=0.00 AZ=0.00 MX=-0.23 MY=0.52 MZ=0.39 SD=1
Time=4913617 High=23972.79 Pressure=16.97 TempIn=-37.38 TempOut=-13.75 GX=0.00 GY=0.00 GZ=0.00 AX=0.00 AY=0.00 AZ=0.00 MX=-0.06 MY=0.37 MZ=0.43 SD=1
Time=4916855 High=23715.02 Pressure=18.13 TempIn=-37.75 TempOut=-13.75 GX=0.00 GY=0.00 GZ=0.00 AX=0.00 AY=0.00 AZ=0.00 MX=0.14 MY=0.31 MZ=0.31 SD=1
Time=4920139 High=23756.31 Pressure=17.94 TempIn=-38.25 TempOut=-13.75 GX=0.00 GY=0.00 GZ=0.00 AX=0.00 AY=0.00 AZ=0.00 MX=-0.13 MY=0.52 MZ=0.38 SD=1
mpOut=-13.81 GX=0.00 GY=0.00 GZ=0.00 AX=0.00 AY=0.00 AZ=0.Time=4929922 High=23476.45 Pressure=19.26 TempIn=-39.63 TempOut=-13.81 GX=0.00 GY=0.00 GZ=0.00 AX=0.00 AY=0.00 AZ=0.00 MX=-0.18 MY=0.71 MZ=0.21 SD=1
Time=4933182 High=23358.38 Pressure=19.84 TempIn=-40.38 TempOut=-13.81 GX=0.00 GY=0.00 GZ=0.00 AX=0.00 AY=0.00 AZ=0.Time=4936417 High=23431.33 Pressure=19.48 TempIn=-40.63 TempOut=-13.88 GX=0.00 GY=0.00 GZ=0.00 AX=0.00 AY=0.00 AZ=0.00 MX=0.08 MY=0.13 MZ=0.36 SD=1
Time=4939699 High=23239.14 Pressure=20.44 TempIn=-41.13 Te00 MX=-0.30 MY=0.48 MZ=0.42 SD=1
Time=4946194 High=23037.12 Pressure=21.49 TempIn=-41.75 TempOut=-13.94 GX=0.00 GY=0.00 GZ=0.00 AX=0.00 AY=0.00 AZ=0.00 MX=-0.04 MY=-0.04 MZ=0.34 SD=1
Time=4949475 High=22938.17 Pressure=22.02 TempIn=-41.88 TempOut=-14.00 GX=0.00 GY=0.00 GZ=0.00 AX=0.00 AY=0.00 AZ=0.00 MX=-0.24 MY=0.00 MZ=0.39 SD=1
Time=4952731 High=22879.35 Pressure=22.34 TempIn=-42.38 TempOut=-14.00 GX=0.00 GY=0.00 GZ=0.00 AX=0.00 AY=0.00 AZ=0.00 MX=-0.22 MY=0.29 MZ=0.48 SD=1
Time=4955962 High=22923.40 Pressure=22.10 TempIn=-42.88 TempOut=-14.00 GX=0.00 GY=0.00 GZ=0.00 AX=0.00 AY=0.00 AZ=0.00 MX=0.08 MY=0.02 MZ=0.30 SD=1
Time=4959240 High=22724.60 Pressure=23.20 TempIn=-43.13 TempOut=-14.06 GX=0.00 GY=0.00 GZ=0.00 AX=0.00 AY=0.00 AZ=0.Time=4962495 High=22717.52 Pressure=23.24 TempIn=-43.63 TempOut=-14.06 GX=0.00 GY=0.00 GZ=0.00 AX=0.00 AY=0.00 AZ=0.00 MX=-0.44 MY=-0.15 MZ=0.17 SD=1
Time=4965725 High=22565.84 Pressure=24.11 TempIn=-44.00 TempOut=-14.13 GX=0.00 GY=0.00 GZ=0.00 AX=0.00 AY=0.00 AZ=0.00 MX=-0.28 MY=0.36 MZ=0.47 SD=1
00 MX=0.18 MY=0.37 MZ=0.24 SD=1
Time=4978750 High=22329.16 Pressure=25.52 TempIn=-45.63 TempOut=-14.19 GX=0.00 GY=0.00 GZ=0.00 AX=0.00 AY=0.00 AZ=0.00 MX=-0.23 MY=0.01 MZ=0.40 SD=1
Time=4981999 High=22254.24 Pressure=25.98 TempIn=-46.13 TempOut=-14.25 GX=0.00 GY=0.00 GZ=0.00 AX=0.00 AY=0.00 AZ=0.00 MX=-0.13 MY=-0.03 MZ=0.37 SD=1
Time=4985222 High=22185.17 Pressure=26.41 TempIn=-46.50 TempOut=-14.88 GX=0.00 GY=0.00 GZ=0.00 AX=0.00 AY=0.00 AZ=0.00 MX=-0.49 MY=0.28 MZ=0.41 SD=1
Time=4988492 High=22079.34 Pressure=27.08 TempIn=-47.00 TempOut=-14.31 GX=0.00 GY=0.00 GZ=0.00 AX=0.00 AY=0.00 AZ=0.mpOut=-14.31 GX=0.00 GY=0.00 GZ=0.00 AX=0.00 AY=0.00 AZ=0.00 MX=-0.19 MY=-0.00 MZ=0.38 SD=1
Time=4994963 High=22040.39 Pressure=27.33 TempIn=-47.75 TempOut=-14.38 GX=0.00 GY=0.00 GZ=0.00 AX=0.00 AY=0.00 AZ=0.00 MX=-0.57 MY=0.01 MZ=0.21 SD=1
00 MX=-0.35 MY=0.31 MZ=0.47 SD=1
Time=5001470 High=21920.71 Pressure=28.11 TempIn=-48.50 TempOut=-14.44 GX=0.00 GY=0.00 GZ=0.00 AX=0.00 AY=0.00 AZ=0.00 MX=-0.05 MY=0.18 MZ=0.42 SD=1
Time=5004686 High=21817.06 Pressure=28.80 TempIn=-49.00 TempOut=-14.50 GX=0.00 GY=0.00 GZ=0.00 AX=0.00 AY=0.00 AZ=0.00 MX=0.15 MY=-0.01 MZ=0.17 SD=1
mpOut=-14.56 GX=0.00 GY=0.00 GZ=0.00 AX=0.00 AY=0.00 AZ=0.00 MX=-0.51 MY=0.41 MZ=0.39 SD=1
Time=5014473 High=21621.38 Pressure=30.14 TempIn=-49.63 TempOut=-14.63 GX=0.00 GY=0.00 GZ=0.00 AX=0.00 AY=0.00 AZ=0.Time=5017734 High=21496.67 Pressure=31.02 TempIn=-50.00 TempOut=-14.63 GX=0.00 GY=0.00 GZ=0.00 AX=0.00 AY=0.00 AZ=0.00 MX=-0.16 MY=0.40 MZ=0.46 SD=1
mpOut=-14.69 GX=0.00 GY=0.00 GZ=0.00 AX=0.00 AY=0.00 AZ=0.00 MX=-0.12 MY=0.49 MZ=0.41 SD=1
Time=5024256 High=21306.75 Pressure=32.40 TempIn=-49.88 TempOut=-14.75 GX=0.00 GY=0.00 GZ=0.00 AX=0.00 AY=0.00 AZ=0.00 MX=-0.13 MY=0.21 MZ=0.45 SD=1
Time=5027517 High=21145.55 Pressure=33.61 TempIn=-50.13 TempOut=-14.75 GX=0.00 GY=0.00 GZ=0.00 AX=0.00 AY=0.00 AZ=0.00 MX=-0.55 MY=0.07 MZ=0.29 SD=1
Time=5030753 High=21121.97 Pressure=33.79 TempIn=-50.38 TempOut=-14.81 GX=0.00 GY=0.00 GZ=0.00 AX=0.00 AY=0.00 AZ=0.00 MX=-0.26 MY=0.34 MZ=0.47 SD=1
Time=5034035 High=20978.78 Pressure=34.90 TempIn=-50.38 TempOut=-14.63 GX=0.00 GY=0.00 GZ=0.00 AX=0.00 AY=0.00 AZ=0.Time=5037294 High=20954.64 Pressure=35.09 TempIn=-50.75 TempOut=-14.50 GX=0.00 GY=0.00 GZ=0.00 AX=0.00 AY=0.00 AZ=0.00 MX=-0.17 MY=0.53 MZ=0.40 SD=1
Time=5040528 High=20870.36 Pressure=35.76 TempIn=-51.13 TempOut=-14.38 GX=0.00 GY=0.00 GZ=0.00 AX=0.00 AY=0.00 AZ=0.00 MX=-0.07 MY=-0.08 MZ=0.26 SD=1
Time=5043808 High=20771.38 Pressure=36.56 TempIn=-51.50 TempOut=-14.31 GX=0.00 GY=0.00 GZ=0.00 AX=0.00 AY=0.00 AZ=0.00 MX=-0.41 MY=0.26 MZ=0.43 SD=1
Time=5047063 High=20777.51 Pressure=36.51 TempIn=-51.63 TempOut=-14.31 GX=0.00 GY=0.00 GZ=0.00 AX=0.00 AY=0.00 AZ=0.Time=5050293 High=20592.79 Pressure=38.04 TempIn=-52.00 TempOut=-14.25 GX=0.00 GY=0.00 GZ=0.00 AX=0.00 AY=0.00 AZ=0.00 MX=-0.26 MY=0.67 MZ=0.33 SD=1
mpOut=-14.25 GX=0.00 GY=0.00 GZ=0.00 AX=0.00 AY=0.00 AZ=0.00 MX=-0.21 MY=0.47 MZ=0.45 SD=1
mpOut=-14.25 GX=0.00 GY=0.00 GZ=0.00 AX=0.00 AY=0.00 AZ=0.00 MX=-0.29 MY=0.58 MZ=0.40 SD=1
Time=5063326 High=20205.13 Pressure=41.42 TempIn=-52.25 TempOut=-14.25 GX=0.00 GY=0.00 GZ=0.00 AX=0.00 AY=0.00 AZ=0.00 MX=0.21 MY=0.24 MZ=0.18 SD=1
Time=5066578 High=20116.05 Pressure=42.23 TempIn=-52.38 TempOut=-14.25 GX=0.00 GY=0.00 GZ=0.00 AX=0.00 AY=0.00 AZ=0.00 MX=-0.20 MY=0.39 MZ=0.45 SD=1
mpOut=-14.19 GX=0.00 GY=0.00 GZ=0.00 AX=0.00 AY=0.00 AZ=0.00 MX=0.13 MY=0.28 MZ=0.30 SD=1
Time=5073080 High=19991.93 Pressure=43.38 TempIn=-52.75 TempOut=-14.06 GX=0.00 GY=0.00 GZ=0.00 AX=0.00 AY=0.00 AZ=0.00 MX=-0.18 MY=0.29 MZ=0.46 SD=1
Time=5076332 High=19957.87 Pressure=43.70 TempIn=-53.13 TempOut=-14.00 GX=0.00 GY=0.00 GZ=0.00 AX=0.00 AY=0.00 AZ=0.00 MX=-0.16 MY=0.69 MZ=0.28 SD=1
Time=5079559 High=19848.54 Pressure=44.74 TempIn=-53.38 TempOut=-14.00 GX=0.00 GY=0.00 GZ=0.00 AX=0.00 AY=0.00 AZ=0.00 MX=-0.10 MY=0.56 MZ=0.37 SD=1
Time=5082831 High=19750.46 Pressure=45.69 TempIn=-53.50 TempOut=-13.94 GX=0.00 GY=0.00 GZ=0.00 AX=0.00 AY=0.00 AZ=0.00 MX=-0.62 MY=0.25 MZ=0.33 SD=1
Time=5086082 High=19678.22 Pressure=46.40 TempIn=-53.63 TempOut=-13.88 GX=0.00 GY=0.00 GZ=0.00 AX=0.00 AY=0.00 AZ=0.Time=5089307 High=19629.89 Pressure=46.88 TempIn=-54.00 TempOut=-13.88 GX=0.00 GY=0.00 GZ=0.00 AX=0.00 AY=0.00 AZ=0.00 MX=-0.42 MY=-0.08 MZ=0.26 SD=1
Time=5092578 High=19559.14 Pressure=47.59 TempIn=-54.25 TempOut=-13.88 GX=0.00 GY=0.00 GZ=0.00 AX=0.00 AY=0.00 AZ=0.Time=5095824 High=19484.34 Pressure=48.35 TempIn=-54.50 TempOut=-13.81 GX=0.00 GY=0.00 GZ=0.00 AX=0.00 AY=0.00 AZ=0.00 MX=-0.08 MY=0.04 MZ=0.36 SD=1
Time=5099046 High=19394.10 Pressure=49.28 TempIn=-54.75 TempOut=-13.81 GX=0.00 GY=0.00 GZ=0.00 AX=0.00 AY=0.00 AZ=0.00 MX=-0.27 MY=0.13 MZ=0.44 SD=1
00 MX=-0.14 MY=-0.05 MZ=0.31 SD=1
Time=5105558 High=19422.09 Pressure=48.99 TempIn=-55.25 TempOut=-13.88 GX=0.00 GY=0.00 GZ=0.00 AX=0.00 AY=0.00 AZ=0.00 MX=0.09 MY=0.21 MZ=0.31 SD=1
Time=5108878 High=19195.29 Pressure=51.38 TempIn=-55.50 TempOut=-13.81 GX=0.00 GY=0.00 GZ=0.00 AX=0.00 AY=0.00 AZ=0.00 MX=-0.36 MY=0.03 MZ=0.38 SD=1
Time=5112144 High=19165.57 Pressure=51.70 TempIn=-55.63 TempOut=-13.88 GX=0.00 GY=0.00 GZ=0.00 AX=0.00 AY=0.00 AZ=0.00 MX=0.18 MY=0.33 MZ=0.23 SD=1
Time=5115387 High=19123.11 Pressure=52.16 TempIn=-55.75 TempOut=-13.88 GX=0.00 GY=0.00 GZ=0.00 AX=0.00 AY=0.00 AZ=0.00 MX=-0.10 MY=0.16 MZ=0.41 SD=1
Time=5118604 High=18996.64 Pressure=53.55 TempIn=-55.88 TempOut=-13.88 GX=0.00 GY=0.00 GZ=0.00 AX=0.00 AY=0.00 AZ=0.00 MX=-0.14 MY=0.69 MZ=0.27 SD=1
Time=5121868 High=18867.51 Pressure=55.00 TempIn=-55.88 TempOut=-13.88 GX=0.00 GY=0.00 GZ=0.00 AX=0.00 AY=0.00 AZ=0.00 MX=-0.13 MY=0.62 MZ=0.33 SD=1
mpOut=-13.94 GX=0.00 GY=0.00 GZ=0.00 AX=0.00 AY=0.00 AZ=0.00 MX=-0.52 MY=0.66 MZ=0.26 SD=1
Time=5128327 High=18698.13 Pressure=56.95 TempIn=-55.88 TempOut=-13.94 GX=0.00 GY=0.00 GZ=0.00 AX=0.00 AY=0.00 AZ=0.00 MX=-0.19 MY=0.19 MZ=0.45 SD=1
Time=5131589 High=18617.30 Pressure=57.90 TempIn=-55.88 TempOut=-14.00 GX=0.00 GY=0.00 GZ=0.00 AX=0.00 AY=0.00 AZ=0.00 MX=-0.25 MY=0.77 MZ=0.21 SD=1
Time=5134828 High=18509.26 Pressure=59.19 TempIn=-55.88 TempOut=-14.00 GX=0.00 GY=0.00 GZ=0.00 AX=0.00 AY=0.00 AZ=0.00 MX=-0.42 MY=0.31 MZ=0.45 SD=1
Time=5138113 High=18437.46 Pressure=60.06 TempIn=-56.00 TempOut=-14.06 GX=0.00 GY=0.00 GZ=0.00 AX=0.00 AY=0.00 AZ=0.00 MX=-0.55 MY=0.53 MZ=0.34 SD=1
Time=5141374 High=18352.73 Pressure=61.10 TempIn=-56.00 TempOut=-14.06 GX=0.00 GY=0.00 GZ=0.00 AX=0.00 AY=0.00 AZ=0.00 MX=-0.44 MY=0.13 MZ=0.39 SD=1
Time=5144610 High=18324.48 Pressure=61.45 TempIn=-56.13 TempOut=-14.13 GX=0.00 GY=0.00 GZ=0.00 AX=0.00 AY=0.00 AZ=0.Time=5151151 High=18192.23 Pressure=63.11 TempIn=-56.38 TempOut=-14.19 GX=0.00 GY=0.00 GZ=0.00 AX=0.00 AY=0.00 AZ=0.00 MX=0.08 MY=0.47 MZ=0.30 SD=1
Time=5154384 High=18097.60 Pressure=64.32 TempIn=-56.38 TempOut=-14.25 GX=0.00 GY=0.00 GZ=0.00 AX=0.00 AY=0.00 AZ=0.mpOut=-14.31 GX=0.00 GY=0.00 GZ=0.00 AX=0.00 AY=0.00 AZ=0.00 MX=-0.16 MY=-0.09 MZ=0.26 SD=1
Time=5160921 High=17929.16 Pressure=66.52 TempIn=-56.50 TempOut=-14.38 GX=0.00 GY=0.00 GZ=0.00 AX=0.00 AY=0.00 AZ=0.00 MX=-0.42 MY=0.58 MZ=0.37 SD=1
Time=5164152 High=17874.27 Pressure=67.25 TempIn=-56.50 TempOut=-14.44 GX=0.00 GY=0.00 GZ=0.00 AX=0.00 AY=0.00 AZ=0.00 MX=-0.19 MY=0.17 MZ=0.44 SD=1
Time=5167429 High=17810.22 Pressure=68.11 TempIn=-56.63 TempOut=-14.38 GX=0.00 GY=0.00 GZ=0.00 AX=0.00 AY=0.00 AZ=0.00 MX=-0.19 MY=0.25 MZ=0.46 SD=1
Time=5170682 High=17809.48 Pressure=68.12 TempIn=-56.75 Te00 MX=0.01 MY=0.32 MZ=0.38 SD=1
Time=5173911 High=17675.35 Pressure=69.95 TempIn=-56.75 TempOut=-14.25 GX=0.00 GY=0.00 GZ=0.00 AX=0.00 AY=0.00 AZ=0.00 MX=0.18 MY=0.25 MZ=0.22 SD=1
Time=5177188 High=17653.63 Pressure=70.25 TempIn=-56.50 TempOut=-14.25 GX=0.00 GY=0.00 GZ=0.00 AX=0.00 AY=0.00 AZ=0.00 MX=-0.10 MY=0.10 MZ=0.44 SD=1
Time=5180440 High=17546.16 Pressure=71.75 TempIn=-56.75 TempOut=-14.19 GX=0.00 GY=0.00 GZ=0.00 AX=0.00 AY=0.00 AZ=0.00 MX=-0.59 MY=0.54 MZ=0.28 SD=1
Time=5183669 High=17467.10 Pressure=72.87 TempIn=-56.50 TempOut=-14.19 GX=0.00 GY=0.00 GZ=0.00 AX=0.00 AY=0.00 AZ=0.00 MX=-0.46 MY=0.65 MZ=0.28 SD=1
Time=5186945 High=17360.67 Pressure=74.40 TempIn=-56.75 TempOut=-14.19 GX=0.00 GY=0.00 GZ=0.00 AX=0.00 AY=0.00 AZ=0.00 MX=-0.51 MY=0.47 MZ=0.40 SD=1
Time=5190195 High=17306.40 Pressure=75.19 TempIn=-57.00 TempOut=-14.19 GX=0.00 GY=0.00 GZ=0.00 AX=0.00 AY=0.00 AZ=0.00 MX=-0.40 MY=0.28 MZ=0.48 SD=1
mpOut=-14.19 GX=0.00 GY=0.00 GZ=0.00 AX=0.00 AY=0.00 AZ=0.00 MX=0.06 MY=0.04 MZ=0.34 SD=1
mpOut=-14.19 GX=0.00 GY=0.00 GZ=0.00 AX=0.00 AY=0.00 AZ=0.00 MX=-0.05 MY=0.56 MZ=0.35 SD=1
Time=5199944 High=17109.76 Pressure=78.11 TempIn=-57.00 TempOut=-14.13 GX=0.00 GY=0.00 GZ=0.00 AX=0.00 AY=0.00 AZ=0.00 MX=-0.28 MY=0.54 MZ=0.42 SD=1
Time=5203169 High=17031.33 Pressure=79.30 TempIn=-57.00 TeTime=5209688 High=16935.74 Pressure=80.77 TempIn=-57.13 TempOut=-14.19 GX=0.00 GY=0.00 GZ=0.00 AX=0.00 AY=0.00 AZ=0.00 MX=0.01 MY=0.41 MZ=0.41 SD=1
Time=5212911 High=16844.74 Pressure=82.19 TempIn=-57.13 TempOut=-14.19 GX=0.00 GY=0.00 GZ=0.00 AX=0.00 AY=0.00 AZ=0.00 MX=-0.18 MY=0.22 MZ=0.50 SD=1
Time=5216181 High=16802.87 Pressure=82.85 TempIn=-57.25 TempOut=-14.25 GX=0.00 GY=0.00 GZ=0.00 AX=0.00 AY=0.00 AZ=0.00 MX=-0.42 MY=0.63 MZ=0.34 SD=1
Time=5219429 High=16681.98 Pressure=84.78 TempIn=-57.00 TempOut=-14.25 GX=0.00 GY=0.00 GZ=0.00 AX=0.00 AY=0.00 AZ=0.00 MX=-0.20 MY=0.53 MZ=0.42 SD=1
Time=5222650 High=16634.98 Pressure=85.54 TempIn=-56.88 TempOut=-14.25 GX=0.00 GY=0.00 GZ=0.00 AX=0.00 AY=0.00 AZ=0.00 MX=-0.10 MY=0.25 MZ=0.48 SD=1
mpOut=-14.31 GX=0.00 GY=0.00 GZ=0.00 AX=0.00 AY=0.00 AZ=0.00 MX=-0.28 MY=-0.01 MZ=0.42 SD=1
Time=5229162 High=16519.56 Pressure=87.43 TempIn=-57.13 TempOut=-14.38 GX=0.00 GY=0.00 GZ=0.00 AX=0.00 AY=0.00 AZ=0.00 MX=-0.51 MY=-0.08 MZ=0.24 SD=1
Time=5232381 High=16474.92 Pressure=88.17 TempIn=-57.25 TempOut=-14.38 GX=0.00 GY=0.00 GZ=0.00 AX=0.00 AY=0.00 AZ=0.00 MX=-0.33 MY=0.16 MZ=0.48 SD=1
Time=5235644 High=16401.98 Pressure=89.39 TempIn=-57.38 TempOut=-14.44 GX=0.00 GY=0.00 GZ=0.00 AX=0.00 AY=0.00 AZ=0.Time=5238884 High=16351.05 Pressure=90.25 TempIn=-57.38 TempOut=-14.50 GX=0.00 GY=0.00 GZ=0.00 AX=0.00 AY=0.00 AZ=0.00 MX=-0.25 MY=-0.16 MZ=0.28 SD=1
Time=5245431 High=16312.22 Pressure=90.91 TempIn=-57.25 TempOut=-14.56 GX=0.00 GY=0.00 GZ=0.00 AX=0.00 AY=0.00 AZ=0.00 MX=-0.15 MY=-0.02 MZ=0.41 SD=1
Time=5248667 High=16189.05 Pressure=93.03 TempIn=-57.25 TempOut=-14.63 GX=0.00 GY=0.00 GZ=0.00 AX=0.00 AY=0.00 AZ=0.00 MX=-0.27 MY=0.34 MZ=0.50 SD=1
mpOut=-14.69 GX=0.00 GY=0.00 GZ=0.00 AX=0.00 AY=0.00 AZ=0.00 MX=-0.44 MY=0.14 MZ=0.44 SD=1
Time=5255206 High=16267.80 Pressure=91.67 TempIn=-57.25 TeTime=5261717 High=15987.22 Pressure=96.59 TempIn=-57.13 TempOut=-14.81 GX=0.00 GY=0.00 GZ=0.00 AX=0.00 AY=0.00 AZ=0.00 MX=-0.07 MY=0.44 MZ=0.44 SD=1
Time=5264972 High=15939.37 Pressure=97.45 TempIn=-57.13 TempOut=-14.88 GX=0.00 GY=0.00 GZ=0.00 AX=0.00 AY=0.00 AZ=0.00 MX=0.04 MY=0.32 MZ=0.41 SD=1
Time=5268202 High=15883.06 Pressure=98.47 TempIn=-56.88 TempOut=-14.94 GX=0.00 GY=0.00 GZ=0.00 AX=0.00 AY=0.00 AZ=0.Time=5271480 High=15765.89 Pressure=100.62 TempIn=-56.88 TempOut=-15.00 GX=0.00 GY=0.00 GZ=0.00 AX=0.00 AY=0.00 AZ=0.00 MX=-0.13 MY=0.49 MZ=0.43 SD=1
Time=5274734 High=15725.50 Pressure=101.37 TempIn=-56.75 TempOut=-15.06 GX=0.00 GY=0.00 GZ=0.00 AX=0.00 AY=0.00 AZ=0.00 MX=-0.44 MY=0.57 MZ=0.37 SD=1
Time=5277962 High=15649.67 Pressure=102.79 TempIn=-56.75 TempOut=-15.19 GX=0.00 GY=0.00 GZ=0.00 AX=0.00 AY=0.00 AZ=0.00 MX=-0.45 MY=0.26 MZ=0.46 SD=1
Time=5281236 High=15602.58 Pressure=103.68 TempIn=-56.63 TempOut=-15.25 GX=0.00 GY=0.00 GZ=0.00 AX=0.00 AY=0.00 AZ=0.00 MX=-0.38 MY=0.61 MZ=0.36 SD=1
Time=5284486 High=15535.42 Pressure=104.96 TempIn=-56.50 TempOut=-15.31 GX=0.00 GY=0.00 GZ=0.00 AX=0.00 AY=0.00 AZ=0.00 MX=-0.30 MY=0.55 MZ=0.42 SD=1
Time=5287708 High=15461.18 Pressure=106.39 TempIn=-56.38 TempOut=-15.38 GX=0.00 GY=0.00 GZ=0.00 AX=0.00 AY=0.00 AZ=0.00 MX=-0.42 MY=0.50 MZ=0.42 SD=1
Time=5290976 High=15401.03 Pressure=107.56 TempIn=-56.25 TempOut=-15.44 GX=0.00 GY=0.00 GZ=0.00 AX=0.00 AY=0.00 AZ=0.00 MX=-0.29 MY=0.36 MZ=0.49 SD=1
empOut=-15.50 GX=0.00 GY=0.00 GZ=0.00 AX=0.00 AY=0.00 AZ=0.00 MX=-0.09 MY=0.06 MZ=0.43 SD=1
Time=5297437 High=15296.40 Pressure=109.62 TempIn=-56.13 TempOut=-15.56 GX=0.00 GY=0.00 GZ=0.00 AX=0.00 AY=0.00 AZ=0.00 MX=-0.66 MY=0.11 MZ=0.23 SD=1
Time=5300699 High=15237.68 Pressure=110.79 TempIn=-56.13 TempOut=-15.63 GX=0.00 GY=0.00 GZ=0.00 AX=0.00 AY=0.00 AZ=0.00 MX=-0.45 MY=0.42 MZ=0.44 SD=1
Time=5303936 High=15267.23 Pressure=110.20 TempIn=-56.00 TempOut=-15.69 GX=0.00 GY=0.00 GZ=0.00 AX=0.00 AY=0.00 AZ=0.00 MX=-0.12 MY=-0.06 MZ=0.37 SD=1
Time=5307215 High=15113.88 Pressure=113.29 TempIn=-55.75 TempOut=-15.81 GX=0.00 GY=0.00 GZ=0.00 AX=0.00 AY=0.00 AZ=0.00 MX=-0.64 MY=0.30 MZ=0.32 SD=1
Time=5310470 High=15053.29 Pressure=114.53 TempIn=-55.88 T.00 MX=-0.23 MY=0.19 MZ=0.49 SD=1
Time=5313700 High=15005.30 Pressure=115.52 TempIn=-55.63 TempOut=-15.94 GX=0.00 GY=0.00 GZ=0.00 AX=0.00 AY=0.00 AZ=0.00 MX=-0.52 MY=-0.07 MZ=0.25 SD=1
Time=5316976 High=14940.39 Pressure=116.87 TempIn=-55.63 TempOut=-16.00 GX=0.00 GY=0.00 GZ=0.00 AX=0.00 AY=0.00 AZ=0Time=5320226 High=14889.85 Pressure=117.93 TempIn=-55.50 TempOut=-16.12 GX=0.00 GY=0.00 GZ=0.00 AX=0.00 AY=0.00 AZ=0.00 MX=-0.44 MY=-0.14 MZ=0.21 SD=1
Time=5323450 High=14828.37 Pressure=119.23 TempIn=-55.50 T.00 MX=-0.37 MY=0.32 MZ=0.50 SD=1
Time=5326718 High=14793.61 Pressure=119.97 TempIn=-55.38 TempOut=-16.25 GX=0.00 GY=0.00 GZ=0.00 AX=0.00 AY=0.00 AZ=0.00 MX=-0.33 MY=-0.17 MZ=0.25 SD=1
Time=5329961 High=14716.27 Pressure=121.63 TempIn=-55.25 TempOut=-16.31 GX=0.00 GY=0.00 GZ=0.00 AX=0.00 AY=0.00 AZ=0.00 MX=-0.50 MY=0.38 MZ=0.43 SD=1
Time=5333248 High=14637.49 Pressure=123.34 TempIn=-55.25 TempOut=-16.44 GX=0.00 GY=0.00 GZ=0.00 AX=0.00 AY=0.00 AZ=0.00 MX=-0.26 MY=-0.09 MZ=0.35 SD=1
Time=5336509 High=14589.09 Pressure=124.40 TempIn=-55.38 TempOut=-16.50 GX=0.00 GY=0.00 GZ=0.00 AX=0.00 AY=0.00 AZ=0.00 MX=-0.60 MY=0.18 MZ=0.35 SD=1
Time=5339744 High=14552.79 Pressure=125.20 TempIn=-55.38 TempOut=-16.56 GX=0.00 GY=0.00 GZ=0.00 AX=0.00 AY=0.00 AZ=0.00 MX=-0.48 MY=0.33 MZ=0.44 SD=1
Time=5343024 High=14505.43 Pressure=126.25 TempIn=-55.50 TempOut=-16.69 GX=0.00 GY=0.00 GZ=0.00 AX=0.00 AY=0.00 AZ=0.00 MX=-0.24 MY=0.23 MZ=0.50 SD=1
empOut=-16.75 GX=0.00 GY=0.00 GZ=0.00 AX=0.00 AY=0.00 AZ=0.00 MX=-0.07 MY=0.12 MZ=0.44 SD=1
Time=5349505 High=14431.64 Pressure=127.90 TempIn=-55.38 TempOut=-16.81 GX=0.00 GY=0.00 GZ=0.00 AX=0.00 AY=0.00 AZ=0.00 MX=0.08 MY=0.11 MZ=0.36 SD=1
empOut=-16.94 GX=0.00 GY=0.00 GZ=0.00 AX=0.00 AY=0.00 AZ=0.00 MX=0.00 MY=0.55 MZ=0.35 SD=1
Time=5356026 High=14280.69 Pressure=131.33 TempIn=-55.13 TempOut=-17.00 GX=0.00 GY=0.00 GZ=0.00 AX=0.00 AY=0.00 AZ=0.00 MX=-0.20 MY=0.25 MZ=0.51 SD=1
Time=5359248 High=14238.15 Pressure=132.31 TempIn=-55.13 T.00 MX=0.22 MY=0.39 MZ=0.17 SD=1
.00 MX=-0.34 MY=0.30 MZ=0.49 SD=1
Time=5365760 High=14112.88 Pressure=135.23 TempIn=-54.88 TempOut=-17.31 GX=0.00 GY=0.00 GZ=0.00 AX=0.00 AY=0.00 AZ=0.00 MX=0.21 MY=0.20 MZ=0.25 SD=1
Time=5368979 High=14059.50 Pressure=136.49 TempIn=-54.63 TempOut=-17.44 GX=0.00 GY=0.00 GZ=0.00 AX=0.00 AY=0.00 AZ=0empOut=-17.50 GX=0.00 GY=0.00 GZ=0.00 AX=0.00 AY=0.00 AZ=0.00 MX=-0.04 MY=0.47 MZ=0.41 SD=1
Time=5375485 High=13982.27 Pressure=138.33 TempIn=-54.50 TempOut=-17.62 GX=0.00 GY=0.00 GZ=0.00 AX=0.00 AY=0.00 AZ=0.00 MX=-0.18 MY=0.31 MZ=0.49 SD=1
Time=5378699 High=13912.88 Pressure=140.00 TempIn=-54.38 TempOut=-17.69 GX=0.00 GY=0.00 GZ=0.00 AX=0.00 AY=0.00 AZ=0.00 MX=-0.49 MY=0.54 MZ=0.37 SD=1
Time=5381958 High=13863.85 Pressure=141.19 TempIn=-54.00 TempOut=-17.81 GX=0.00 GY=0.00 GZ=0.00 AX=0.00 AY=0.00 AZ=0.00 MX=-0.20 MY=0.69 MZ=0.29 SD=1
Time=5385193 High=13777.73 Pressure=143.30 TempIn=-53.75 TempOut=-17.87 GX=0.00 GY=0.00 GZ=0.00 AX=0.00 AY=0.00 AZ=0.00 MX=-0.40 MY=0.51 MZ=0.43 SD=1
.00 MX=-0.41 MY=0.15 MZ=0.47 SD=1
empOut=-18.06 GX=0.00 GY=0.00 GZ=0.00 AX=0.00 AY=0.00 AZ=0.00 MX=-0.22 MY=-0.03 MZ=0.41 SD=1
Time=5394956 High=13639.10 Pressure=146.75 TempIn=-53.38 TempOut=-18.19 GX=0.00 GY=0.00 GZ=0.00 AX=0.00 AY=0.00 AZ=0.00 MX=-0.23 MY=0.28 MZ=0.51 SD=1
Time=5398229 High=13589.12 Pressure=148.01 TempIn=-53.25 TempOut=-18.31 GX=0.00 GY=0.00 GZ=0.00 AX=0.00 AY=0.00 AZ=0Time=5401476 High=13598.62 Pressure=147.77 TempIn=-53.00 TempOut=-18.37 GX=0.00 GY=0.00 GZ=0.00 AX=0.00 AY=0.00 AZ=0.00 MX=-0.04 MY=0.03 MZ=0.39 SD=1
Time=5404698 High=13542.63 Pressure=149.19 TempIn=-52.88 TempOut=-18.50 GX=0.00 GY=0.00 GZ=0.00 AX=0.00 AY=0.00 AZ=0.00 MX=0.08 MY=0.04 MZ=0.34 SD=1
Time=5407964 High=13443.18 Pressure=151.74 TempIn=-52.75 TTime=5411209 High=13434.28 Pressure=151.97 TempIn=-52.63 TempOut=-18.69 GX=0.00 GY=0.00 GZ=0.00 AX=0.00 AY=0.00 AZ=0.00 MX=0.06 MY=0.03 MZ=0.33 SD=1
Time=5414428 High=13373.40 Pressure=153.55 TempIn=-52.50 TempOut=-18.81 GX=0.00 GY=0.00 GZ=0.00 AX=0.00 AY=0.00 AZ=0Time=5417694 High=13338.19 Pressure=154.47 TempIn=-52.50 T.00 MX=-0.05 MY=-0.11 MZ=0.30 SD=1
Time=5420935 High=13244.49 Pressure=156.94 TempIn=-52.25 TempOut=-19.00 GX=0.00 GY=0.00 GZ=0.00 AX=0.00 AY=0.00 AZ=0.00 MX=-0.04 MY=0.41 MZ=0.43 SD=1
Time=5427479 High=13137.10 Pressure=159.81 TempIn=-52.13 TempOut=-19.12 GX=0.00 GY=0.00 GZ=0.00 AX=0.00 AY=0.00 AZ=0.00 MX=-0.27 MY=-0.07 MZ=0.38 SD=1
Time=5430712 High=13104.49 Pressure=160.69 TempIn=-52.13 TempOut=-19.25 GX=0.00 GY=0.00 GZ=0.00 AX=0.00 AY=0.00 AZ=0.00 MX=-0.45 MY=0.37 MZ=0.46 SD=1
Time=5433988 High=13046.66 Pressure=162.26 TempIn=-52.00 TempOut=-19.31 GX=0.00 GY=0.00 GZ=0.00 AX=0.00 AY=0.00 AZ=0.00 MX=-0.33 MY=0.32 MZ=0.49 SD=1
Time=5437239 High=13004.95 Pressure=163.40 TempIn=-52.00 TempOut=-19.37 GX=0.00 GY=0.00 GZ=0.00 AX=0.00 AY=0.00 AZ=0.00 MX=-0.63 MY=0.25 MZ=0.30 SD=1
Time=5440466 High=12954.05 Pressure=164.80 TempIn=-52.00 TempOut=-19.50 GX=0.00 GY=0.00 GZ=0.00 AX=0.00 AY=0.00 AZ=0.00 MX=-0.52 MY=0.30 MZ=0.42 SD=1
Time=5443735 High=12898.11 Pressure=166.35 TempIn=-51.88 TTime=5450202 High=12802.72 Pressure=169.02 TempIn=-51.38 TempOut=-19.75 GX=0.00 GY=0.00 GZ=0.00 AX=0.00 AY=0.00 AZ=0.00 MX=-0.18 MY=0.59 MZ=0.36 SD=1
.00 MX=0.03 MY=0.19 MZ=0.42 SD=1
Time=5456710 High=12713.81 Pressure=171.54 TempIn=-51.13 TempOut=-19.87 GX=0.00 GY=0.00 GZ=0.00 AX=0.00 AY=0.00 AZ=0.00 MX=-0.17 MY=0.17 MZ=0.47 SD=1
Time=5459927 High=12685.10 Pressure=172.36 TempIn=-51.00 TempOut=-19.94 GX=0.00 GY=0.00 GZ=0.00 AX=0.00 AY=0.00 AZ=0.00 MX=-0.09 MY=0.15 MZ=0.46 SD=1
Time=5463291 High=12613.82 Pressure=174.41 TempIn=-50.88 TempOut=-20.06 GX=0.00 GY=0.00 GZ=0.00 AX=0.00 AY=0.00 AZ=0.00 MX=-0.18 MY=0.03 MZ=0.44 SD=1
Time=5466527 High=12589.29 Pressure=175.12 TempIn=-50.75 T.00 MX=-0.04 MY=-0.08 MZ=0.31 SD=1
Time=5469809 High=12518.91 Pressure=177.17 TempIn=-50.63 TempOut=-20.25 GX=0.00 GY=0.00 GZ=0.00 AX=0.00 AY=0.00 AZ=0.00 MX=-0.37 MY=0.12 MZ=0.46 SD=1
Time=5473064 High=12478.70 Pressure=178.35 TempIn=-50.50 TempOut=-20.31 GX=0.00 GY=0.00 GZ=0.00 AX=0.00 AY=0.00 AZ=0.00 MX=-0.21 MY=0.10 MZ=0.48 SD=1
Time=5476292 High=12436.00 Pressure=179.61 TempIn=-50.38 TTime=5479567 High=12441.75 Pressure=179.44 TempIn=-50.25 TTime=5482817 High=12344.31 Pressure=182.34 TempIn=-50.00 TempOut=-20.56 GX=0.00 GY=0.00 GZ=0.00 AX=0.00 AY=0.00 AZ=0.00 MX=-0.22 MY=0.54 MZ=0.42 SD=1
Time=5486042 High=12295.07 Pressure=183.82 TempIn=-49.88 TempOut=-20.62 GX=0.00 GY=0.00 GZ=0.00 AX=0.00 AY=0.00 AZ=0.00 MX=-0.38 MY=0.30 MZ=0.48 SD=1
Time=5489310 High=12252.74 Pressure=185.10 TempIn=-49.75 TempOut=-20.69 GX=0.00 GY=0.00 GZ=0.00 AX=0.00 AY=0.00 AZ=0.00 MX=-0.18 MY=0.64 MZ=0.32 SD=1
Time=5492555 High=12201.14 Pressure=186.67 TempIn=-49.50 TempOut=-20.75 GX=0.00 GY=0.00 GZ=0.00 AX=0.00 AY=0.00 AZ=0.00 MX=-0.58 MY=0.42 MZ=0.34 SD=1
Time=5495774 High=12156.40 Pressure=188.04 TempIn=-49.50 TempOut=-20.87 GX=0.00 GY=0.00 GZ=0.00 AX=0.00 AY=0.00 AZ=0.00 MX=-0.08 MY=0.51 MZ=0.38 SD=1
Time=5499036 High=12105.45 Pressure=189.61 TempIn=-49.38 TempOut=-20.94 GX=0.00 GY=0.00 GZ=0.00 AX=0.00 AY=0.00 AZ=0.00 MX=-0.54 MY=0.57 MZ=0.27 SD=1
Time=5502275 High=12058.38 Pressure=191.07 TempIn=-49.25 TempOut=-21.00 GX=0.00 GY=0.00 GZ=0.00 AX=0.00 AY=0.00 AZ=0.00 MX=-0.48 MY=0.38 MZ=0.43 SD=1
Time=5505560 High=12013.19 Pressure=192.48 TempIn=-49.25 TTime=5508820 High=11971.45 Pressure=193.79 TempIn=-49.25 TempOut=-21.19 GX=0.00 GY=0.00 GZ=0.00 AX=0.00 AY=0.00 AZ=0.00 MX=-0.05 MY=0.06 MZ=0.41 SD=1
Time=5512053 High=11929.62 Pressure=195.11 TempIn=-49.13 TempOut=-21.25 GX=0.00 GY=0.00 GZ=0.00 AX=0.00 AY=0.00 AZ=0.00 MX=-0.32 MY=0.09 MZ=0.45 SD=1
.00 MX=-0.41 MY=0.58 MZ=0.36 SD=1
Time=5518586 High=11856.97 Pressure=197.42 TempIn=-48.63 TempOut=-21.44 GX=0.00 GY=0.00 GZ=0.00 AX=0.00 AY=0.00 AZ=0.00 MX=0.00 MY=0.43 MZ=0.41 SD=1
Time=5521814 High=11799.28 Pressure=199.27 TempIn=-48.50 TempOut=-21.50 GX=0.00 GY=0.00 GZ=0.00 AX=0.00 AY=0.00 AZ=0.00 MX=-0.16 MY=0.41 MZ=0.47 SD=1
.00 MX=-0.04 MY=0.18 MZ=0.46 SD=1
Time=5528334 High=11711.56 Pressure=202.11 TempIn=-48.13 TempOut=-21.69 GX=0.00 GY=0.00 GZ=0.00 AX=0.00 AY=0.00 AZ=0.00 MX=-0.32 MY=-0.06 MZ=0.37 SD=1
Time=5531556 High=11672.35 Pressure=203.39 TempIn=-48.00 TempOut=-21.75 GX=0.00 GY=0.00 GZ=0.00 AX=0.00 AY=0.00 AZ=0.00 MX=-0.46 MY=0.17 MZ=0.43 SD=1
Time=5534822 High=11626.04 Pressure=204.91 TempIn=-47.88 TempOut=-21.81 GX=0.00 GY=0.00 GZ=0.00 AX=0.00 AY=0.00 AZ=0.00 MX=-0.36 MY=0.29 MZ=0.48 SD=1
Time=5538063 High=11593.91 Pressure=205.97 TempIn=-47.75 TempOut=-21.87 GX=0.00 GY=0.00 GZ=0.00 AX=0.00 AY=0.00 AZ=0.00 MX=-0.51 MY=0.47 MZ=0.37 SD=1
Time=5541278 High=11553.79 Pressure=207.30 TempIn=-47.50 TempOut=-21.94 GX=0.00 GY=0.00 GZ=0.00 AX=0.00 AY=0.00 AZ=0.00 MX=-0.37 MY=0.62 MZ=0.33 SD=1
Time=5544540 High=11499.52 Pressure=209.11 TempIn=-47.25 TempOut=-22.06 GX=0.00 GY=0.00 GZ=0.00 AX=0.00 AY=0.00 AZ=0.00 MX=-0.32 MY=0.49 MZ=0.43 SD=1
Time=5547777 High=11461.67 Pressure=210.38 TempIn=-47.00 TempOut=-22.12 GX=0.00 GY=0.00 GZ=0.00 AX=0.00 AY=0.00 AZ=0.00 MX=-0.29 MY=0.63 MZ=0.33 SD=1
Time=5551059 High=11403.62 Pressure=212.34 TempIn=-46.88 TempOut=-22.19 GX=0.00 GY=0.00 GZ=0.00 AX=0.00 AY=0.00 AZ=0.00 MX=-0.43 MY=0.30 MZ=0.45 SD=1
Time=5554315 High=11382.70 Pressure=213.05 TempIn=-46.88 TempOut=-22.25 GX=0.00 GY=0.00 GZ=0.00 AX=0.00 AY=0.00 AZ=0.00 MX=-0.46 MY=0.18 MZ=0.43 SD=1
.00 MX=-0.19 MY=-0.14 MZ=0.31 SD=1
Time=5560822 High=11294.03 Pressure=216.08 TempIn=-46.50 TTime=5564072 High=11254.86 Pressure=217.43 TempIn=-46.38 TempOut=-22.50 GX=0.00 GY=0.00 GZ=0.00 AX=0.00 AY=0.00 AZ=0.00 MX=-0.14 MY=0.01 MZ=0.42 SD=1
empOut=-22.56 GX=0.00 GY=0.00 GZ=0.00 AX=0.00 AY=0.00 AZ=0.00 MX=-0.34 MY=-0.10 MZ=0.34 SD=1
empOut=-22.62 GX=0.00 GY=0.00 GZ=0.00 AX=0.00 AY=0.00 AZ=0.00 MX=-0.28 MY=0.13 MZ=0.47 SD=1
Time=5573806 High=11141.91 Pressure=221.36 TempIn=-45.88 TempOut=-22.69 GX=0.00 GY=0.00 GZ=0.00 AX=0.00 AY=0.00 AZ=0.00 MX=-0.44 MY=-0.00 MZ=0.36 SD=1
Time=5577020 High=11102.07 Pressure=222.76 TempIn=-45.88 TempOut=-22.75 GX=0.00 GY=0.00 GZ=0.00 AX=0.00 AY=0.00 AZ=0.00 MX=-0.50 MY=0.27 MZ=0.41 SD=1
.00 MX=-0.28 MY=0.31 MZ=0.49 SD=1
Time=5583514 High=11040.15 Pressure=224.95 TempIn=-45.75 TempOut=-22.87 GX=0.00 GY=0.00 GZ=0.00 AX=0.00 AY=0.00 AZ=0.00 MX=0.18 MY=0.08 MZ=0.23 SD=1
Time=5586796 High=10985.15 Pressure=226.91 TempIn=-45.75 TempOut=-22.94 GX=0.00 GY=0.00 GZ=0.00 AX=0.00 AY=0.00 AZ=0.00 MX=-0.08 MY=0.42 MZ=0.44 SD=1
Time=5590053 High=10950.83 Pressure=228.14 TempIn=-45.75 TempOut=-23.00 GX=0.00 GY=0.00 GZ=0.00 AX=0.00 AY=0.00 AZ=0Time=5593284 High=10903.91 Pressure=229.83 TempIn=-45.63 TempOut=-23.06 GX=0.00 GY=0.00 GZ=0.00 AX=0.00 AY=0.00 AZ=0.00 MX=-0.22 MY=0.01 MZ=0.43 SD=1
Time=5596560 High=10860.58 Pressure=231.40 TempIn=-45.63 TempOut=-23.19 GX=0.00 GY=0.00 GZ=0.00 AX=0.00 AY=0.00 AZ=0.00 MX=-0.27 MY=0.12 MZ=0.47 SD=1
Time=5599810 High=10828.44 Pressure=232.57 TempIn=-45.63 TempOut=-23.19 GX=0.00 GY=0.00 GZ=0.00 AX=0.00 AY=0.00 AZ=0.00 MX=-0.57 MY=0.12 MZ=0.33 SD=1
Time=5603035 High=10788.25 Pressure=234.04 TempIn=-45.63 TempOut=-23.25 GX=0.00 GY=0.00 GZ=0.00 AX=0.00 AY=0.00 AZ=0.00 MX=-0.19 MY=0.00 MZ=0.42 SD=1
empOut=-23.31 GX=0.00 GY=0.00 GZ=0.00 AX=0.00 AY=0.00 AZ=0.00 MX=-0.17 MY=0.23 MZ=0.49 SD=1
Time=5609548 High=10736.05 Pressure=235.96 TempIn=-45.25 TempOut=-23.37 GX=0.00 GY=0.00 GZ=0.00 AX=0.00 AY=0.00 AZ=0.00 MX=0.01 MY=0.36 MZ=0.42 SD=1
Time=5612765 High=10692.55 Pressure=237.57 TempIn=-45.13 TempOut=-23.44 GX=0.00 GY=0.00 GZ=0.00 AX=0.00 AY=0.00 AZ=0.00 MX=0.19 MY=0.19 MZ=0.27 SD=1
.00 MX=-0.11 MY=0.09 MZ=0.45 SD=1
Time=5619269 High=10599.07 Pressure=241.06 TempIn=-44.75 TempOut=-23.56 GX=0.00 GY=0.00 GZ=0.00 AX=0.00 AY=0.00 AZ=0.00 MX=-0.23 MY=0.48 MZ=0.44 SD=1
Time=5622483 High=10570.90 Pressure=242.12 TempIn=-44.75 TempOut=-23.62 GX=0.00 GY=0.00 GZ=0.00 AX=0.00 AY=0.00 AZ=0.00 MX=-0.49 MY=0.08 MZ=0.37 SD=1
Time=5625741 High=10517.74 Pressure=244.13 TempIn=-44.75 TempOut=-23.69 GX=0.00 GY=0.00 GZ=0.00 AX=0.00 AY=0.00 AZ=0.00 MX=-0.41 MY=0.37 MZ=0.43 SD=1
Time=5628974 High=10476.21 Pressure=245.71 TempIn=-44.75 TempOut=-23.75 GX=0.00 GY=0.00 GZ=0.00 AX=0.00 AY=0.00 AZ=0.00 MX=-0.43 MY=0.09 MZ=0.41 SD=1
Time=5632252 High=10446.11 Pressure=246.86 TempIn=-44.63 TempOut=-23.81 GX=0.00 GY=0.00 GZ=0.00 AX=0.00 AY=0.00 AZ=0Time=5635506 High=10402.87 Pressure=248.52 TempIn=-44.63 TempOut=-23.87 GX=0.00 GY=0.00 GZ=0.00 AX=0.00 AY=0.00 AZ=0.00 MX=-0.33 MY=0.17 MZ=0.47 SD=1
Time=5638734 High=10392.23 Pressure=248.93 TempIn=-44.63 TempOut=-23.87 GX=0.00 GY=0.00 GZ=0.00 AX=0.00 AY=0.00 AZ=0.00 MX=-0.19 MY=-0.12 MZ=0.33 SD=1
Time=5642007 High=10328.91 Pressure=251.38 TempIn=-44.63 TempOut=-23.94 GX=0.00 GY=0.00 GZ=0.00 AX=0.00 AY=0.00 AZ=0.00 MX=0.00 MY=0.20 MZ=0.44 SD=1
Time=5645254 High=10296.03 Pressure=252.66 TempIn=-44.75 TempOut=-24.00 GX=0.00 GY=0.00 GZ=0.00 AX=0.00 AY=0.00 AZ=0.00 MX=-0.37 MY=0.08 MZ=0.43 SD=1
Time=5648476 High=10277.09 Pressure=253.40 TempIn=-44.75 TempOut=-24.06 GX=0.00 GY=0.00 GZ=0.00 AX=0.00 AY=0.00 AZ=0.00 MX=-0.03 MY=0.14 MZ=0.44 SD=1
.00 MX=0.04 MY=0.57 MZ=0.28 SD=1
Time=5654986 High=10182.01 Pressure=257.14 TempIn=-44.50 TempOut=-24.19 GX=0.00 GY=0.00 GZ=0.00 AX=0.00 AY=0.00 AZ=0.00 MX=-0.37 MY=0.61 MZ=0.35 SD=1
Time=5658203 High=10142.18 Pressure=258.72 TempIn=-44.50 TempOut=-24.25 GX=0.00 GY=0.00 GZ=0.00 AX=0.00 AY=0.00 AZ=0.00 MX=-0.33 MY=0.02 MZ=0.42 SD=1
Time=5661467 High=10104.55 Pressure=260.22 TempIn=-44.50 TempOut=-24.31 GX=0.00 GY=0.00 GZ=0.00 AX=0.00 AY=0.00 AZ=0Time=5664708 High=10064.35 Pressure=261.83 TempIn=-44.38 TempOut=-24.31 GX=0.00 GY=0.00 GZ=0.00 AX=0.00 AY=0.00 AZ=0.00 MX=-0.12 MY=-0.09 MZ=0.35 SD=1
empOut=-24.37 GX=0.00 GY=0.00 GZ=0.00 AX=0.00 AY=0.00 AZ=0.00 MX=-0.01 MY=0.12 MZ=0.42 SD=1
Time=5671249 High=9994.43 Pressure=264.65 TempIn=-44.25 TempOut=-24.44 GX=0.00 GY=0.00 GZ=0.00 AX=0.00 AY=0.00 AZ=0.00 MX=-0.46 MY=0.52 MZ=0.37 SD=1
Time=5674482 High=9953.30 Pressure=266.32 TempIn=-44.25 TempOut=-24.50 GX=0.00 GY=0.00 GZ=0.00 AX=0.00 AY=0.00 AZ=0.00 MX=-0.39 MY=0.24 MZ=0.46 SD=1
Time=5681013 High=9890.41 Pressure=268.89 TempIn=-44.00 TempOut=-24.56 GX=0.00 GY=0.00 GZ=0.00 AX=0.00 AY=0.00 AZ=0.00 MX=0.02 MY=0.51 MZ=0.34 SD=1
Time=5684243 High=9847.87 Pressure=270.64 TempIn=-44.00 TempOut=-24.62 GX=0.00 GY=0.00 GZ=0.00 AX=0.00 AY=0.00 AZ=0.00 MX=-0.31 MY=0.39 MZ=0.46 SD=1
Time=5687521 High=9799.52 Pressure=272.64 TempIn=-43.88 TempOut=-24.69 GX=0.00 GY=0.00 GZ=0.00 AX=0.00 AY=0.00 AZ=0.00 MX=-0.44 MY=0.20 MZ=0.45 SD=1
Time=5690775 High=9767.29 Pressure=273.98 TempIn=-43.75 TempOut=-24.75 GX=0.00 GY=0.00 GZ=0.00 AX=0.00 AY=0.00 AZ=0.00 MX=-0.17 MY=-0.14 MZ=0.31 SD=1
Time=5694003 High=9745.71 Pressure=274.88 TempIn=-43.63 TempOut=-24.75 GX=0.00 GY=0.00 GZ=0.00 AX=0.00 AY=0.00 AZ=0.00 MX=0.01 MY=0.34 MZ=0.42 SD=1
Time=5697275 High=9691.78 Pressure=277.14 TempIn=-43.63 TempOut=-24.81 GX=0.00 GY=0.00 GZ=0.00 AX=0.00 AY=0.00 AZ=0.Time=5700525 High=9678.00 Pressure=277.72 TempIn=-43.38 TempOut=-24.87 GX=0.00 GY=0.00 GZ=0.00 AX=0.00 AY=0.00 AZ=0.00 MX=0.06 MY=0.29 MZ=0.40 SD=1
Time=5707024 High=9586.86 Pressure=281.58 TempIn=-43.13 TempOut=-24.94 GX=0.00 GY=0.00 GZ=0.00 AX=0.00 AY=0.00 AZ=0.00 MX=-0.20 MY=0.29 MZ=0.48 SD=1
Time=5710274 High=9539.10 Pressure=283.62 TempIn=-43.13 Te00 MX=-0.46 MY=0.22 MZ=0.43 SD=1
Time=5713499 High=9504.86 Pressure=285.09 TempIn=-43.00 TempOut=-25.06 GX=0.00 GY=0.00 GZ=0.00 AX=0.00 AY=0.00 AZ=0.00 MX=-0.25 MY=0.03 MZ=0.42 SD=1
Time=5716771 High=9483.50 Pressure=286.01 TempIn=-42.75 TempOut=-25.12 GX=0.00 GY=0.00 GZ=0.00 AX=0.00 AY=0.00 AZ=0.Time=5723246 High=9397.47 Pressure=289.74 TempIn=-42.38 TempOut=-25.19 GX=0.00 GY=0.00 GZ=0.00 AX=0.00 AY=0.00 AZ=0.00 MX=-0.19 MY=0.42 MZ=0.46 SD=1
Time=5726519 High=9351.94 Pressure=291.73 TempIn=-42.13 TempOut=-25.25 GX=0.00 GY=0.00 GZ=0.00 AX=0.00 AY=0.00 AZ=0.00 MX=-0.54 MY=0.31 MZ=0.37 SD=1
00 MX=-0.51 MY=0.13 MZ=0.37 SD=1
Time=5732994 High=9286.26 Pressure=294.62 TempIn=-41.88 TempOut=-25.31 GX=0.00 GY=0.00 GZ=0.00 AX=0.00 AY=0.00 AZ=0.00 MX=-0.48 MY=0.29 MZ=0.42 SD=1
Time=5736265 High=9248.09 Pressure=296.31 TempIn=-41.75 TempOut=-25.37 GX=0.00 GY=0.00 GZ=0.00 AX=0.00 AY=0.00 AZ=0.00 MX=-0.22 MY=0.38 MZ=0.48 SD=1
Time=5739510 High=9215.26 Pressure=297.77 TempIn=-41.63 TempOut=-25.37 GX=0.00 GY=0.00 GZ=0.00 AX=0.00 AY=0.00 AZ=0.00 MX=-0.43 MY=0.43 MZ=0.41 SD=1
Time=5742731 High=9177.43 Pressure=299.46 TempIn=-41.50 TempOut=-25.44 GX=0.00 GY=0.00 GZ=0.00 AX=0.00 AY=0.00 AZ=0.00 MX=-0.55 MY=0.43 MZ=0.33 SD=1
Time=5746000 High=9140.20 Pressure=301.13 TempIn=-41.25 TempOut=-25.50 GX=0.00 GY=0.00 GZ=0.00 AX=0.00 AY=0.00 AZ=0.00 MX=-0.53 MY=0.15 MZ=0.37 SD=1
Time=5749245 High=9107.80 Pressure=302.59 TempIn=-41.25 TempOut=-25.50 GX=0.00 GY=0.00 GZ=0.00 AX=0.00 AY=0.00 AZ=0.00 MX=-0.20 MY=0.53 MZ=0.40 SD=1
Time=5752463 High=9066.92 Pressure=304.44 TempIn=-41.00 TempOut=-25.56 GX=0.00 GY=0.00 GZ=0.00 AX=0.00 AY=0.00 AZ=0.00 MX=-0.61 MY=0.47 MZ=0.25 SD=1
Time=5755728 High=9031.29 Pressure=306.06 TempIn=-40.88 TempOut=-25.62 GX=0.00 GY=0.00 GZ=0.00 AX=0.00 AY=0.00 AZ=0.00 MX=-0.44 MY=0.31 MZ=0.45 SD=1
Time=5758971 High=8993.19 Pressure=307.80 TempIn=-40.63 TempOut=-25.62 GX=0.00 GY=0.00 GZ=0.00 AX=0.00 AY=0.00 AZ=0.00 MX=-0.18 MY=0.58 MZ=0.37 SD=1
Time=5762189 High=8961.79 Pressure=309.24 TempIn=-40.38 TempOut=-25.69 GX=0.00 GY=0.00 GZ=0.00 AX=0.00 AY=0.00 AZ=0.00 MX=-0.10 MY=0.35 MZ=0.46 SD=1
Time=5765454 High=8924.00 Pressure=310.98 TempIn=-40.25 TempOut=-25.69 GX=0.00 GY=0.00 GZ=0.00 AX=0.00 AY=0.00 AZ=0.00 MX=-0.40 MY=0.45 MZ=0.42 SD=1
Time=5768694 High=8894.16 Pressure=312.36 TempIn=-40.00 TempOut=-25.75 GX=0.00 GY=0.00 GZ=0.00 AX=0.00 AY=0.00 AZ=0.00 MX=-0.49 MY=0.45 MZ=0.39 SD=1
Time=5771911 High=8857.75 Pressure=314.05 TempIn=-39.88 TempOut=-25.75 GX=0.00 GY=0.00 GZ=0.00 AX=0.00 AY=0.00 AZ=0.00 MX=-0.29 MY=0.31 MZ=0.48 SD=1
Time=5775174 High=8822.36 Pressure=315.70 TempIn=-39.63 TempOut=-25.81 GX=0.00 GY=0.00 GZ=0.00 AX=0.00 AY=0.00 AZ=0.00 MX=-0.54 MY=0.37 MZ=0.36 SD=1
Time=5781627 High=8770.08 Pressure=318.15 TempIn=-39.13 TempOut=-25.87 GX=0.00 GY=0.00 GZ=0.00 AX=0.00 AY=0.00 AZ=0.00 MX=-0.05 MY=0.34 MZ=0.45 SD=1
Time=5784888 High=8745.02 Pressure=319.33 TempIn=-38.88 TempOut=-25.94 GX=0.00 GY=0.00 GZ=0.00 AX=0.00 AY=0.00 AZ=0.00 MX=-0.08 MY=0.07 MZ=0.43 SD=1
Time=5788125 High=8714.12 Pressure=320.79 TempIn=-38.75 TempOut=-25.94 GX=0.00 GY=0.00 GZ=0.00 AX=0.00 AY=0.00 AZ=0.00 MX=0.03 MY=0.18 MZ=0.41 SD=1
Time=5791338 High=8683.33 Pressure=322.25 TempIn=-38.25 TempOut=-25.94 GX=0.00 GY=0.00 GZ=0.00 AX=0.00 AY=0.00 AZ=0.00 MX=-0.03 MY=0.37 MZ=0.41 SD=1
Time=5797832 High=8592.26 Pressure=326.60 TempIn=-37.75 TempOut=-26.00 GX=0.00 GY=0.00 GZ=0.00 AX=0.00 AY=0.00 AZ=0.00 MX=-0.28 MY=0.44 MZ=0.45 SD=1
00 MX=-0.04 MY=0.39 MZ=0.42 SD=1
Time=5804373 High=8531.88 Pressure=329.51 TempIn=-37.38 TempOut=-26.25 GX=0.00 GY=0.00 GZ=0.00 AX=0.00 AY=0.00 AZ=0.00 MX=0.03 MY=0.32 MZ=0.42 SD=1
Time=5807607 High=8533.74 Pressure=329.42 TempIn=-37.13 TempOut=-26.06 GX=0.00 GY=0.00 GZ=0.00 AX=0.00 AY=0.00 AZ=0.00 MX=0.05 MY=-0.02 MZ=0.32 SD=1
Time=5814144 High=8430.16 Pressure=334.46 TempIn=-36.75 TempOut=-26.19 GX=0.00 GY=0.00 GZ=0.00 AX=0.00 AY=0.00 AZ=0.00 MX=-0.23 MY=0.52 MZ=0.41 SD=1
Time=5823997 High=8349.25 Pressure=338.44 TempIn=-36.13 TempOut=-25.56 GX=0.00 GY=0.00 GZ=0.00 AX=0.00 AY=0.00 AZ=0.00 MX=0.05 MY=0.03 MZ=0.33 SD=1
Time=5827224 High=8304.05 Pressure=340.68 TempIn=-35.88 TempOut=-26.12 GX=0.00 GY=0.00 GZ=0.00 AX=0.00 AY=0.00 AZ=0.00 MX=0.00 MY=0.30 MZ=0.43 SD=1
Time=5830499 High=8268.51 Pressure=342.45 TempIn=-35.75 TeTime=5833752 High=8250.69 Pressure=343.34 TempIn=-35.50 TempOut=-26.25 GX=0.00 GY=0.00 GZ=0.00 AX=0.00 AY=0.00 AZ=0.00 MX=0.03 MY=0.18 MZ=0.42 SD=1
Time=5840254 High=8166.72 Pressure=347.56 TempIn=-35.13 TempOut=-26.25 GX=0.00 GY=0.00 GZ=0.00 AX=0.00 AY=0.00 AZ=0.00 MX=-0.35 MY=0.12 MZ=0.45 SD=1
Time=5843506 High=8137.86 Pressure=349.02 TempIn=-35.13 TempOut=-26.25 GX=0.00 GY=0.00 GZ=0.00 AX=0.00 AY=0.00 AZ=0.00 MX=-0.53 MY=0.37 MZ=0.36 SD=1
mpOut=-26.31 GX=0.00 GY=0.00 GZ=0.00 AX=0.00 AY=0.00 AZ=0.mpOut=-26.31 GX=0.00 GY=0.00 GZ=0.00 AX=0.00 AY=0.00 AZ=0.00 MX=-0.03 MY=0.42 MZ=0.40 SD=1
Time=5863006 High=7949.33 Pressure=358.68 TempIn=-34.00 TeTime=5872758 High=7854.70 Pressure=363.61 TempIn=-33.50 TempOut=-26.37 GX=0.00 GY=0.00 GZ=0.00 AX=0.00 AY=0.00 AZ=0.00 MX=-0.31 MY=0.12 MZ=0.46 SD=1
Time=5875984 High=7824.40 Pressure=365.20 TempIn=-33.38 TempOut=-26.37 GX=0.00 GY=0.00 GZ=0.00 AX=0.00 AY=0.00 AZ=0.00 MX=-0.57 MY=0.11 MZ=0.28 SD=1
Time=5879256 High=7793.26 Pressure=366.84 TempIn=-33.13 TempOut=-26.37 GX=0.00 GY=0.00 GZ=0.00 AX=0.00 AY=0.00 AZ=0.00 MX=-0.45 MY=0.40 MZ=0.40 SD=1
Time=5882504 High=7761.48 Pressure=368.52 TempIn=-33.00 TeTime=5901981 High=7580.23 Pressure=378.22 TempIn=-31.87 TempOut=-26.37 GX=0.00 GY=0.00 GZ=0.00 AX=0.00 AY=0.00 AZ=0.00 MX=-0.25 MY=0.01 MZ=0.40 SD=1
Time=5905203 High=7547.75 Pressure=379.98 TempIn=-31.75 TempOut=-26.31 GX=0.00 GY=0.00 GZ=0.00 AX=0.00 AY=0.00 AZ=0.mpOut=-26.25 GX=0.00 GY=0.00 GZ=0.00 AX=0.00 AY=0.00 AZ=0.00 MX=-0.26 MY=0.65 MZ=0.29 SD=1
Time=5924655 High=7370.34 Pressure=389.71 TempIn=-30.37 TempOut=-26.31 GX=0.00 GY=0.00 GZ=0.00 AX=0.00 AY=0.00 AZ=0.00 MX=-0.33 MY=0.51 MZ=0.39 SD=1
mpOut=-26.25 GX=0.00 GY=0.00 GZ=0.00 AX=0.00 AY=0.00 AZ=0.mpOut=-26.19 GX=0.00 GY=0.00 GZ=0.00 AX=0.00 AY=0.00 AZ=0.00 MX=-0.36 MY=-0.09 MZ=0.32 SD=1
Time=5947407 High=7162.05 Pressure=401.39 TempIn=-29.37 TempOut=-26.12 GX=0.00 GY=0.00 GZ=0.00 AX=0.00 AY=0.00 AZ=0.00 MX=-0.44 MY=0.15 MZ=0.39 SD=1
00 MX=-0.29 MY=0.36 MZ=0.45 SD=1
00 MX=-0.25 MY=0.38 MZ=0.45 SD=1
00 MX=-0.20 MY=0.13 MZ=0.45 SD=1
Time=6005893 High=6655.21 Pressure=431.00 TempIn=-26.25 TempOut=-25.12 GX=0.00 GY=0.00 GZ=0.00 AX=0.00 AY=0.00 AZ=0.00 MX=0.14 MY=0.07 MZ=0.28 SD=1
00 MX=0.04 MY=0.28 MZ=0.40 SD=1
Time=6044765 High=6327.63 Pressure=451.06 TempIn=-24.12 TempOut=-24.50 GX=0.00 GY=0.00 GZ=0.00 AX=0.00 AY=0.00 AZ=0.00 MX=0.11 MY=0.22 MZ=0.35 SD=1
Time=6047976 High=6297.54 Pressure=452.94 TempIn=-23.87 TempOut=-24.50 GX=0.00 GY=0.00 GZ=0.00 AX=0.00 AY=0.00 AZ=0.Time=6054471 High=6225.76 Pressure=457.45 TempIn=-23.50 TempOut=-24.37 GX=0.00 GY=0.00 GZ=0.00 AX=0.00 AY=0.00 AZ=0.Time=6060940 High=6172.82 Pressure=460.80 TempIn=-23.25 TempOut=-24.25 GX=0.00 GY=0.00 GZ=0.00 AX=0.00 AY=0.00 AZ=0.00 MX=-0.43 MY=0.38 MZ=0.39 SD=1
Time=6067455 High=6126.61 Pressure=463.74 TempIn=-22.75 Te00 MX=-0.33 MY=0.10 MZ=0.41 SD=1
Time=6080472 High=6010.26 Pressure=471.21 TempIn=-22.00 TeTime=6090226 High=5937.97 Pressure=475.90 TempIn=-21.12 TempOut=-23.75 GX=0.00 GY=0.00 GZ=0.00 AX=0.00 AY=0.00 AZ=0.00 MX=-0.23 MY=0.53 MZ=0.31 SD=1
Time=6093454 High=5905.33 Pressure=478.03 TempIn=-20.87 TempOut=-23.69 GX=0.00 GY=0.00 GZ=0.00 AX=0.00 AY=0.00 AZ=0.00 MX=-0.41 MY=0.30 MZ=0.36 SD=1
Time=6096730 High=5884.24 Pressure=479.41 TempIn=-20.75 TempOut=-23.62 GX=0.00 GY=0.00 GZ=0.00 AX=0.00 AY=0.00 AZ=0.00 MX=-0.25 MY=0.54 MZ=0.27 SD=1
Time=6099982 High=5854.08 Pressure=481.39 TempIn=-20.50 TempOut=-23.62 GX=0.00 GY=0.00 GZ=0.00 AX=0.00 AY=0.00 AZ=0.00 MX=-0.21 MY=0.29 MZ=0.40 SD=1
Time=6103209 High=5828.10 Pressure=483.10 TempIn=-20.25 TempOut=-23.56 GX=0.00 GY=0.00 GZ=0.00 AX=0.00 AY=0.00 AZ=0.00 MX=-0.44 MY=0.38 MZ=0.31 SD=1
mpOut=-23.44 GX=0.00 GY=0.00 GZ=0.00 AX=0.00 AY=0.00 AZ=0.00 MX=-0.18 MY=0.10 MZ=0.40 SD=1
Time=6112957 High=5751.84 Pressure=488.15 TempIn=-19.87 TempOut=-23.37 GX=0.00 GY=0.00 GZ=0.00 AX=0.00 AY=0.00 AZ=0.00 MX=-0.22 MY=-0.13 MZ=0.29 SD=1
Time=6116227 High=5737.11 Pressure=489.13 TempIn=-19.62 TeTime=6135692 High=5577.26 Pressure=499.87 TempIn=-18.75 Te00 MX=-0.19 MY=-0.15 MZ=0.27 SD=1
Time=6142150 High=5512.87 Pressure=504.25 TempIn=-18.50 TempOut=-22.81 GX=0.00 GY=0.00 GZ=0.00 AX=0.00 AY=0.00 AZ=0.00 MX=-0.41 MY=0.16 MZ=0.36 SD=1
Time=6161577 High=5361.35 Pressure=514.68 TempIn=-17.37 TempOut=-22.50 GX=0.00 GY=0.00 GZ=0.00 AX=0.00 AY=0.00 AZ=0.Time=6168072 High=5313.78 Pressure=517.99 TempIn=-17.12 TempOut=-22.37 GX=0.00 GY=0.00 GZ=0.00 AX=0.00 AY=0.00 AZ=0.00 MX=-0.17 MY=-0.01 MZ=0.38 SD=1
Time=6171447 High=5299.03 Pressure=519.02 TempIn=-16.87 Te00 MX=0.05 MY=0.11 MZ=0.35 SD=1
00 MX=-0.18 MY=-0.08 MZ=0.33 SD=1
Time=6177940 High=5231.16 Pressure=523.78 TempIn=-16.50 TempOut=-22.12 GX=0.00 GY=0.00 GZ=0.00 AX=0.00 AY=0.00 AZ=0.00 MX=-0.43 MY=0.03 MZ=0.30 SD=1
Time=6187703 High=5157.16 Pressure=529.01 TempIn=-15.88 TempOut=-21.94 GX=0.00 GY=0.00 GZ=0.00 AX=0.00 AY=0.00 AZ=0.00 MX=-0.35 MY=0.40 MZ=0.34 SD=1
00 MX=-0.14 MY=0.07 MZ=0.39 SD=1
00 MX=-0.08 MY=0.35 MZ=0.36 SD=1
00 MX=-0.36 MY=0.33 MZ=0.35 SD=1
Time=6220237 High=4903.92 Pressure=547.23 TempIn=-14.25 TempOut=-21.25 GX=0.00 GY=0.00 GZ=0.00 AX=0.00 AY=0.00 AZ=0.Time=6226710 High=4858.51 Pressure=550.55 TempIn=-13.88 TeTime=6249447 High=4680.01 Pressure=563.76 TempIn=-12.50 TempOut=-20.50 GX=0.00 GY=0.00 GZ=0.00 AX=0.00 AY=0.00 AZ=0.00 MX=-0.14 MY=0.40 MZ=0.35 SD=1
Time=6252690 High=4653.41 Pressure=565.75 TempIn=-12.38 TeTime=6255908 High=4629.55 Pressure=567.54 TempIn=-12.13 TempOut=-20.37 GX=0.00 GY=0.00 GZ=0.00 AX=0.00 AY=0.00 AZ=0.00 MX=-0.22 MY=-0.15 MZ=0.28 SD=1
Time=6259172 High=4614.66 Pressure=568.66 TempIn=-11.88 TempOut=-20.25 GX=0.00 GY=0.00 GZ=0.00 AX=0.00 AY=0.00 AZ=0.00 MX=-0.02 MY=0.22 MZ=0.38 SD=1
Time=6262411 High=4587.19 Pressure=570.73 TempIn=-11.75 TempOut=-20.19 GX=0.00 GY=0.00 GZ=0.00 AX=0.00 AY=0.00 AZ=0.00 MX=0.02 MY=0.26 MZ=0.36 SD=1
Time=6265628 High=4565.21 Pressure=572.39 TempIn=-11.63 TeTime=6272129 High=4517.48 Pressure=576.01 TempIn=-11.25 TempOut=-19.94 GX=0.00 GY=0.00 GZ=0.00 AX=0.00 AY=0.00 AZ=0.00 MX=-0.02 MY=0.22 MZ=0.37 SD=1
mpOut=-19.81 GX=0.00 GY=0.00 GZ=0.00 AX=0.00 AY=0.00 AZ=0.00 MX=0.03 MY=0.20 MZ=0.36 SD=1
Time=6278604 High=4466.58 Pressure=579.89 TempIn=-11.00 TempOut=-19.75 GX=0.00 GY=0.00 GZ=0.00 AX=0.00 AY=0.00 AZ=0.Time=6285061 High=4409.33 Pressure=584.28 TempIn=-10.75 TempOut=-19.56 GX=0.00 GY=0.00 GZ=0.00 AX=0.00 AY=0.00 AZ=0.00 MX=-0.24 MY=0.28 MZ=0.38 SD=1
Time=6288324 High=4382.06 Pressure=586.38 TempIn=-10.75 TempOut=-19.50 GX=0.00 GY=0.00 GZ=0.00 AX=0.00 AY=0.00 AZ=0.mpOut=-19.37 GX=0.00 GY=0.00 GZ=0.00 AX=0.00 AY=0.00 AZ=0.00 MX=-0.34 MY=-0.04 MZ=0.32 SD=1
Time=6294847 High=4340.02 Pressure=589.63 TempIn=-10.50 TeTime=6301340 High=4289.69 Pressure=593.54 TempIn=-10.25 TempOut=-19.06 GX=0.00 GY=0.00 GZ=0.00 AX=0.00 AY=0.00 AZ=0.00 MX=0.08 MY=0.23 MZ=0.32 SD=1
Time=6304623 High=4269.94 Pressure=595.08 TempIn=-10.13 TempOut=-19.00 GX=0.00 GY=0.00 GZ=0.00 AX=0.00 AY=0.00 AZ=0.00 MX=0.07 MY=0.15 MZ=0.35 SD=1
Time=6307883 High=4242.19 Pressure=597.25 TempIn=-10.00 Te0 MX=-0.22 MY=0.09 MZ=0.40 SD=1

-----------------------------------------------
Date: 10/4/2025 - 1:26:53 PM
End log file
